depth_m,gamma_ray,resistivity,porosity,density,rop,wob,rpm,lithology,lithology_name
3285.60626972474,72.09780181798187,37.24075050744304,0.268823353924046,2.3340445376625842,22.103103102313167,21.801874104947863,109.29966096217782,0,Shale
2953.531590750054,61.924991108981544,45.027276807992855,0.11448275966524803,2.540332337100155,17.787618625868127,1.1938342416558907,87.09962947127198,1,Sandstone
3423.566829537432,71.27352570784252,37.4761024527205,0.18039049901838192,2.735169822279721,11.91532225053609,12.735002851856521,55.248993870600984,1,Sandstone
3044.667935383438,82.90197320941594,27.638454321427734,0.09518434800892116,2.4559580466426763,18.044205778897297,1.2838457164701396,86.1483335550165,2,Limestone
2354.8893246272937,10.392734658988914,24.668627322602397,0.09337070185318082,2.1179434904273227,27.611612531465195,23.59571524404648,107.20743230303782,2,Limestone
2762.4225361241656,109.00955426586435,20.219257373364478,0.2741339228429853,2.266042678023556,25.376319160492475,31.040521581948543,143.56303289021648,0,Shale
2497.283039743274,75.9583724484486,19.03048202845369,0.04689975760212156,2.3522996051279184,16.84275507194732,5.00578994466915,104.03196755082111,1,Sandstone
2645.8540177675786,108.19331889130093,29.467663324365677,0.2316009665469192,2.5327671373816667,15.269027197524494,14.167833970030086,127.44072841827962,0,Shale
2919.44669436437,74.01352551117533,41.05593145289484,0.09399640881784686,2.5811952011135655,23.93602378445207,9.488921513961625,154.87562969082268,1,Sandstone
2410.5386286745884,89.57426989397217,19.962121845363637,0.20158815536885594,2.5096739631473577,15.340963064380556,5.310937257416166,83.51876432209032,0,Shale
1699.7881880414964,87.62836096008341,7.107727358159348,0.13267539296858905,2.5654532929139995,34.51017805756415,5.721087070037111,110.23064606110356,0,Shale
2141.5583876434953,116.3768475061312,44.320786039045636,0.15021392743466794,2.535552467936897,21.808396659695138,7.912687138563997,123.91476592977735,0,Shale
2435.363970371761,61.649529947171615,36.80302892060476,0.09726402055446354,2.3570107519706434,26.462977807492745,12.259121633386982,115.27973900458488,0,Shale
2947.1487188110173,72.47525352241135,35.496698134880496,0.30856070638813904,2.4267445359657263,16.705664181528274,21.85242363470606,108.46890927857233,1,Sandstone
2686.6239230570955,31.253327732144953,20.061747111427287,0.1280381177116655,2.294320041223888,17.35239191268813,22.252310574793114,132.28615151888135,1,Sandstone
3472.6828447256516,65.3479035584015,32.001516648074244,0.1335689604540498,2.366172289160482,18.794427863966874,18.02017651489689,145.17048464559187,1,Sandstone
2724.570242810692,81.54950296923161,41.80643231660447,0.171503344040125,2.420337204410441,15.913135053902181,20.507910693615862,149.35648166583152,2,Limestone
2227.036833151705,88.27856622112874,47.894387110773735,0.1706311759675923,2.604094091563398,19.360880421397564,14.291341847032193,150.5404887773221,1,Sandstone
2196.9951842222827,104.65233532933212,38.98627866730486,0.21468470776784862,2.416479691060968,27.47561388417846,16.339163297610376,115.30857312481878,1,Sandstone
2489.103626924936,88.9311834488534,59.79854516737147,0.04318074491701737,2.751062570719139,24.3296455295586,1.7818848752314835,167.69988076153342,1,Sandstone
2553.8321937165283,62.318033981055194,17.15055338045172,0.24740426109980485,2.550659922277923,29.20480491657071,22.168526666370887,145.74555848593067,1,Sandstone
3031.999291195768,54.07041769784145,20.837069529954398,0.12089443691591811,2.121571483903745,23.694266507197092,24.155998970659443,123.92267161041727,1,Sandstone
3278.0978053666277,54.32790998508358,39.08445165645772,0.2661175214969597,2.6385599590822366,12.954489191416375,14.177993762800645,124.6848908889451,1,Sandstone
2999.631069200863,52.05134172560139,8.603724364464398,0.24050751851619195,2.413167224638387,23.215591146856443,28.83819861010119,156.02865305011844,2,Limestone
2388.309130412122,99.41566832513284,32.15545635009952,0.16601528140497193,2.424872549616952,17.48626706943119,13.359433796769041,120.75177930231084,0,Shale
3077.3261786218945,158.56822332713696,29.8405027302323,0.25360045763143035,2.496988707243815,24.5258366951888,16.4551182571115,146.03204042713125,0,Shale
1757.1875533191646,72.33560758163398,41.92477402507571,0.20361445918080337,2.691215971948259,36.904864484472014,21.830824335841157,178.64300017698437,1,Sandstone
2564.095990852055,61.516354827801194,17.44531990307583,0.35,2.491513981428445,29.591193327717697,33.81009417921846,149.23413059000546,2,Limestone
2307.49957049541,151.78187257383757,33.88214991591073,0.16407201154106354,2.186869152576566,5.551063423135737,19.86735724844478,124.47727447656895,0,Shale
2498.310767796391,51.10099964396201,35.37462086725202,0.2504572414744449,2.1942065830805992,17.706733481448836,30.33411685489973,112.74542135453528,0,Shale
2746.038401599029,124.46116535997112,41.49477060828529,0.2194666205163839,2.434306587146239,28.944531675962956,20.19421354273902,148.27145743337655,0,Shale
2160.7310378860443,167.91922157631058,27.21321097160443,0.08803563262893768,2.4983093998253376,24.566613666103667,11.344386078101312,172.26773998198044,1,Sandstone
2627.613637261001,61.25690131008302,39.08090298262139,0.2379127515345219,2.3309475062447524,19.05885456262787,18.505784405621604,92.4179773299779,0,Shale
3431.3990578784333,62.98366226986204,17.710550935281077,0.11545003085016083,2.3441825839496118,23.995676553699848,1.890933554475355,71.46079220457997,2,Limestone
3397.969906388452,67.69192453719731,36.01580045402179,0.2892189281660351,2.520274674708968,27.430715099016336,16.266322803470622,110.56229467370272,1,Sandstone
2909.307000232331,68.62997531228866,32.07627398015908,0.09977443664312816,2.2639844043826054,29.35833966353152,12.622091238788379,107.31665879447347,1,Sandstone
3754.17829438059,103.51438365316187,45.8619726507913,0.17450127453924466,2.4586308388920175,23.822155563527183,14.439358908107417,147.4700593718921,2,Limestone
3461.4550517970415,59.08211271175122,23.242819975844682,0.14963917575477254,2.1815472477029827,27.561997772405014,13.275575645729033,81.49144699915328,2,Limestone
2719.5307788166174,98.84510758281056,24.83973468278272,0.2651225201217629,2.2307730083060626,27.081122459079403,32.270277952836295,142.01909014243728,0,Shale
2759.1103650070745,132.3042305538463,41.22141733919524,0.20690494579957494,2.403318315358396,18.621602801229386,16.019706059911748,130.44500161962281,0,Shale
2889.787131136769,109.17315359748302,27.943480881466137,0.05374814133478073,2.3532723066230314,22.726203271016455,1.7186105730025663,86.69021955494269,2,Limestone
2818.881128113151,106.38102316236825,36.365420380756674,0.27130635473889725,2.6675121700629902,26.39929502572956,4.078349577724309,93.0316971473257,0,Shale
1563.5608843834088,91.55303986071759,32.83476604018982,0.11841766937400831,2.5331762176161416,16.977362039518532,8.328612908809255,120.99900969497808,0,Shale
2900.0535700056603,82.86719292663805,21.829045413597676,0.2444038012795426,2.2252551878609377,22.30815255281608,27.82898940409223,124.61567961334345,2,Limestone
1121.7438751523455,61.295120634130285,25.732135290765747,0.03,2.6191913300393654,22.46869415490079,3.3153439593724165,100.93930513515888,2,Limestone
2842.433089042602,68.32654926229552,1.9926464521217824,0.21686552300236284,2.4066441897049944,17.659376661021472,23.53918513184543,142.0441384242266,2,Limestone
3025.578360840642,104.55965984942966,21.959870020457537,0.19836527645674587,2.1827841421309127,24.21987528328448,19.899283460628997,105.06704530026083,2,Limestone
3417.1530947194274,151.199018474206,28.571733614048494,0.21737723816689042,2.0659826075484835,17.651954729906173,30.37604915825503,146.05058943218674,0,Shale
2704.709457894679,97.82293068765196,40.708575979124824,0.17506974278000306,2.410174370814325,29.14741117108445,13.357149765614258,118.31019874114826,2,Limestone
3197.0592282928164,70.98371786408148,17.642939759778763,0.19074231528037278,2.503410925507849,6.396784435425857,20.848401084498306,161.80342302336268,2,Limestone
2244.3574542046335,146.101454306269,16.616693731795365,0.03,2.4613244222709625,29.382906138150112,6.669003378484941,109.9030425990685,2,Limestone
1666.092797762822,110.70894651518873,20.311758859650055,0.060566672891868,2.2012213631987967,15.979397135450625,23.538923494835792,158.61729836373112,0,Shale
2571.480362922621,77.22416406934488,41.64475847050006,0.2864313355302743,2.496709936305226,25.751370825238613,19.904960766211083,116.89981942530092,1,Sandstone
3142.015817576251,121.55886887467703,33.957115324169536,0.25370586683698026,2.2097615411826066,18.46784485184805,19.020465910309458,93.68491655894621,2,Limestone
2492.3941440369103,52.09791072666991,51.14543462301302,0.16373011530998435,2.259559162710731,17.501344749809135,24.6729838237325,129.15521529953952,2,Limestone
2692.180788648063,95.50518590261188,18.12398882622653,0.16077246804434403,2.4086278761558773,34.10858039701292,12.440595484992182,117.86028513150852,2,Limestone
3390.802907757743,84.04964277792395,19.825089371119216,0.1311384087219915,2.137258948901946,18.051347143703403,11.422256392775344,78.74149305826282,2,Limestone
2330.9793807596743,104.73761596410434,33.11039065368078,0.15966267658364497,2.3512824329245614,11.455459777583469,16.814457616684436,126.56271199526984,0,Shale
2059.689285093401,137.08096393652372,30.192589673511254,0.11752139831417735,2.2843739301195796,21.416862737059382,16.16222655624468,133.4703913890559,0,Shale
1818.7090542579076,148.40863118961556,35.510601242159325,0.11836740724044617,2.3252749564123536,13.380089246924525,19.158262808816342,155.31407335657454,1,Sandstone
3424.6633912407274,72.77504923854553,30.15353451755977,0.13003724492678198,2.3718407855201473,26.1709874989064,16.92751941345067,144.26705788944082,2,Limestone
3329.9602365849346,71.34643816499157,35.57738828932371,0.18452917795868676,2.663871197393529,27.510178689603226,25.69117033505342,217.60591210295527,2,Limestone
2585.3735377690195,71.35781602757652,14.178248885567928,0.21608695920278403,2.368201352445655,15.312956391435584,21.420755389755612,123.24843608467681,2,Limestone
2161.745398064495,69.81269429261616,74.79084251025756,0.12721901605938107,2.3411549307383304,17.98940181610738,15.805795938735766,117.60271357387906,1,Sandstone
3033.1844830686705,54.756850373099525,19.96527911356938,0.030509658063934325,2.272200460543029,20.694823696998707,15.304422820938491,142.44395210614476,2,Limestone
2623.7421332015515,45.019477076538884,43.98624610559414,0.09958105655029141,2.333694381996504,23.62029768067118,15.88648761861584,123.80068599288589,1,Sandstone
1925.2410386109764,130.81785758713815,18.872359216789455,0.08686028259392412,2.700393216894587,20.88557941948901,0.32726430208962043,140.26981838800208,2,Limestone
3879.281763424685,83.36603642098802,18.658055768847305,0.09824520043295151,2.3097219417255337,15.764036206731557,9.298447782632667,117.93181758655678,2,Limestone
2655.7616087040883,110.38262414896973,25.915004818437936,0.12216520243351198,2.4401845029485587,24.151326759338925,5.281721617889188,108.5303193824526,2,Limestone
2848.9928258888444,63.606874360878926,45.45226445884819,0.22611932632965168,2.2781351149039293,31.438816132257415,27.36794818878147,131.49560068403522,0,Shale
2818.4862578713105,133.46992493697,28.10248442740317,0.15189586088555168,2.001717468140663,18.903638940817917,37.31969550087027,175.9595687636109,0,Shale
3114.2018582892215,83.8631720588685,36.13122499229184,0.1536283061559406,2.420170270102584,25.80229540435117,16.976411257442958,144.89296119394476,2,Limestone
2926.58251655916,78.1942053908255,31.68692744809392,0.16536958873952412,2.0354774739987738,21.83860088506369,28.25914117942518,118.3127074197613,1,Sandstone
2781.000185188159,106.63106838819449,39.112622830378236,0.11456295067730862,2.33326134648156,31.233083742816063,8.065590241617464,104.81772112847332,2,Limestone
2847.872590648889,103.41109319782305,28.206719721269685,0.07980142293776656,2.3470894050271993,26.379058210689898,3.002391684578786,95.84242031238371,2,Limestone
1332.2929690105618,84.6414616987579,30.966907028868196,0.04018722899613675,2.448902248296066,22.746625587441667,9.272008130627354,132.14027425754762,0,Shale
3150.645915600401,94.00664849498156,47.4286647005176,0.11853368197069716,2.3761672928364455,29.543409764045666,11.670762226390185,128.40339263410436,2,Limestone
3275.672400955822,100.49887483935704,25.439583257140285,0.13286630314039813,2.3305199934161953,14.51035146382164,12.71965690502391,123.61447795160001,2,Limestone
1122.5225679588602,52.0072391229279,27.740167966477514,0.07953100571370886,2.6909867717197917,22.590625743547502,1.9498951242771803,115.23441099372197,0,Shale
3165.921637612958,117.64264872276982,29.946694266738753,0.14581757066199552,2.239591777249652,15.4931762585273,7.118736647174115,80.82364332002952,1,Sandstone
3383.081258889697,75.34965547733631,32.47288125627739,0.2519187314311296,2.516878538888896,25.078287204461503,10.527718186645593,98.80490382291019,1,Sandstone
2732.0658286841467,75.89708043429219,23.084385973062265,0.28232779285477944,2.3764377755621453,17.031159174322617,23.995552323365935,116.82300300704448,1,Sandstone
2939.3873363547477,68.35731650882322,35.65200217084599,0.2516842399102351,2.4363361346686294,25.928130958048868,15.665945074286963,100.02953563588815,0,Shale
1134.4186969648215,87.77234194500821,20.329141272004595,0.07705565026707895,2.469767093126232,10.623988630492665,10.22778361921133,126.0315346153014,0,Shale
1763.3478547096556,96.70563142482018,39.43516818152708,0.07403038399090862,2.2975236749332035,21.954612041952107,18.96945344473488,146.90887534124857,0,Shale
2739.409640457989,115.14470268115156,21.658059061262172,0.10795752309314964,2.451972398090968,6.831972465877058,0.7833779828549936,97.47302541314505,2,Limestone
3767.852936300047,70.14819299228753,24.08625776608062,0.19296883696083444,2.6072953374657186,7.350828574489178,24.384843467665796,203.3214242091525,2,Limestone
2712.578987239722,82.34173300424263,30.420390369972306,0.12563546497475095,2.616294668118117,27.775681448269793,9.173642910659812,148.94533670262922,0,Shale
2516.5883939200594,96.35019577447797,23.968799117738797,0.14769015911633374,2.260828557376768,24.842389964611943,19.523529776460208,126.25986894903747,1,Sandstone
2590.589552139193,148.2914293654813,32.516538689865534,0.09581919855123533,2.3332480582097443,22.08191747245034,3.1568307159519406,100.19127744056654,2,Limestone
3251.473849391814,73.18924928701126,36.96757862714301,0.21245571492899096,2.6776421235143584,24.080695327565177,5.641937509100519,117.08657998143464,1,Sandstone
2716.2776322980776,98.63770984080075,31.331664893627057,0.15104779094305235,2.6119395095325704,12.849366153913836,4.80553776384102,124.49939089924543,1,Sandstone
3127.8767205026675,68.51546165025981,34.868948111619645,0.05898321411332108,2.455594260570924,30.53557118673986,4.178046815569331,81.5957836625572,2,Limestone
1569.1068865959028,80.20511559001807,28.526237748021817,0.03,2.2823819103242955,16.88599792928134,16.739215991379176,144.4152832256924,0,Shale
2918.415149939536,133.26333775867087,45.20277988882833,0.15466319161503886,2.0,10.745145442914211,39.384190253798224,182.9104482050998,0,Shale
3012.256234533516,80.70529857274146,31.80321249177299,0.06746761903992138,2.6858255446624506,12.859347651186281,2.6607265521252543,155.11531459557696,1,Sandstone
2763.262361544221,96.89161883810854,32.9952041941616,0.04708745684028012,2.499924156507048,19.052421834032067,5.374353297709991,93.26385551383339,2,Limestone
2905.4883363916256,84.17550656886013,31.424048666281323,0.33928475008835707,2.3423377021998224,18.76163921108938,22.12885334439025,86.90446745312343,1,Sandstone
2584.6480217914227,66.35719904177228,40.09294955779809,0.19185135052902333,2.4130670622831216,23.629493200921555,23.825207246289445,149.42266086642658,1,Sandstone
2097.066737752041,92.43274062131368,49.46698462365562,0.14242073754689114,2.510126563144215,19.958381932274982,7.354710980050826,110.83590326404418,0,Shale
2832.1331227216992,61.22751727074278,24.163744145453503,0.20839715086608937,2.576146365699046,22.960809381897235,26.1307407948622,185.5722435209636,2,Limestone
2594.1151909485557,165.39308411588684,46.70093900583089,0.23963300729132447,2.405225033845005,17.971717338130286,23.357912184430987,162.3158623551809,1,Sandstone
3228.4449397556473,75.5373337876608,31.908799359187082,0.18894323332551316,2.247434197437203,13.14477341739153,15.876800172370515,94.41721193690643,1,Sandstone
1602.5891170469768,94.12227404323149,42.43941924966124,0.077219243570538,2.437265649352674,20.15577808181661,10.998089888607412,131.5846213834586,0,Shale
4509.873111400881,91.14527890924737,44.76114874565764,0.35,2.317489193429563,17.483684548581593,37.34510422656817,154.6345696534334,1,Sandstone
3197.6886636684917,138.810555919326,20.41085909994012,0.26224931592506956,2.087018831376307,19.870895611889107,39.110119377747175,167.74093168995984,0,Shale
1019.5901299203076,80.10407294258214,32.73521567475017,0.03,2.2465197329566817,22.44911087329371,24.320253263506785,178.49374281056933,0,Shale
1626.1902049078299,64.09070360766518,30.219815526436026,0.11466932211233422,2.725693847489772,23.622781052383342,1.7120032019210978,102.67044076349364,0,Shale
2900.923641673103,75.0616742130901,13.484602865698093,0.125996028559455,2.589888994134167,18.790852566962815,5.939165646956589,73.89345806016982,1,Sandstone
2887.2097519338913,133.45711723332636,33.63098432661039,0.2319062566428656,2.6036361869664795,21.66645686080437,9.584097592662,130.56121057471802,0,Shale
3000.543702246294,110.70980699953975,41.55732712120892,0.23888694791590612,2.246475289376346,26.2985812219444,26.67756173200185,135.6770685307404,0,Shale
2433.654917196717,117.11189663649216,40.15342786270996,0.17133905769178917,2.377428368997831,20.08529146181258,13.127402807939266,115.60562385279775,0,Shale
2513.4142230565,93.5995074668097,29.72597709133496,0.12140359936912101,2.3864746013244402,25.25718232214932,12.589484950739429,125.41238784344611,0,Shale
1583.0196931016437,89.33509681378169,30.176418087350196,0.045164207302176435,2.260520676054248,17.78363760743624,22.547113584555117,162.09560383638205,0,Shale
2386.7970445277633,28.63665945445208,37.88894630784487,0.07506526967555277,2.2339091414273446,33.55067874362152,20.466595061244796,126.8784765397126,2,Limestone
3077.4744604932134,94.6693703325378,30.16707384737975,0.12499085733356469,2.1122709388553873,6.87736917628561,15.987962083607597,97.09199531736904,2,Limestone
3422.6546162257778,57.331868975523854,21.29233623559261,0.299764687930562,2.716139147167942,28.099859243895295,11.331696892717169,116.73564836502864,1,Sandstone
3277.5309375786983,55.872523371644775,37.97565622685954,0.27103490466696095,2.7130194420234632,26.394088477903146,12.928563707366683,131.32502764231944,1,Sandstone
3538.6104082273305,146.12366170206667,38.86842659488585,0.3273893974709513,2.3983190742703604,17.620019970519543,22.607480031312356,132.21223619397426,0,Shale
2871.6873200352366,17.23724747551853,36.727269777566896,0.0926588186961876,2.1925086378041803,26.624698887887533,22.790438383258923,126.16071673255702,1,Sandstone
2924.3575060243456,47.85872931635115,1.912754076423365,0.1850775175273016,2.390102401187667,22.806324651276885,30.79121371068445,177.93562931306573,2,Limestone
2637.063701943263,50.054538497401424,12.521154053381444,0.1186052979940668,2.291406915985979,9.956176601948183,18.363344210728403,122.70949090339607,1,Sandstone
2901.2221413805614,126.24797349550538,6.57753129592702,0.21196511464185303,2.358252527214823,25.458136105682854,15.85214670615099,119.39456773084406,0,Shale
3662.626869969792,82.40204944120396,30.952640643767154,0.20153747844025316,2.3430095091741343,25.27914649632108,14.2081750187703,107.5261156863427,2,Limestone
2882.2097544395824,120.9596032048201,15.22227892246683,0.22206500809163607,2.6157303315918843,22.663294717312784,12.821698236691416,146.9832993879516,0,Shale
2763.4243695793066,49.413657810137174,20.808413415259977,0.12092164887113366,2.3753887729130767,22.750797944618064,12.655179597894364,112.21087685440696,1,Sandstone
2338.5625054299817,142.83934827930335,32.14864709463865,0.10489934779815041,2.50439644199804,22.78325375457015,1.219733985974484,114.40736556722464,2,Limestone
3108.52694866639,82.59602950234361,40.346996960872815,0.03,2.3160898586660617,28.971406779739034,10.006858667903206,140.89435934160264,2,Limestone
2645.785741383947,98.54270224612927,24.319383856303993,0.17006931829558322,2.3794007299527085,17.481274297404028,13.955317859639,116.69747962826024,2,Limestone
2968.1467170926144,50.976149281471116,46.09541657038369,0.28178069079305623,2.6481621063153566,22.051225691075015,20.814242644420702,146.68859409598363,1,Sandstone
2195.162219205168,87.55069034638653,36.3936284348663,0.08205602967412351,2.187335490579832,32.30548123026591,31.77061758723918,185.56609951034403,0,Shale
2953.213368750878,70.34883339926654,23.574678311937628,0.14780320955798942,2.490514696183117,25.10490941728265,2.4142174919260473,85.82003312461575,1,Sandstone
2458.5525358444825,81.6406683558631,21.876186453099614,0.22367665755749055,2.3841131168261938,18.329027099560584,20.798256426280513,122.46793576659918,0,Shale
2919.094437416303,66.71401584615596,44.73737578076169,0.0795707250347145,2.4524581442230953,20.422905603037762,2.6350905133166886,102.14636983934182,2,Limestone
3043.5440526207362,99.04433331600198,44.55409482172029,0.17053729590443656,2.359008096981108,9.716998689019173,8.54187625234335,92.8748740459198,2,Limestone
2772.7494821411938,96.82700677459354,37.58065706173968,0.11963710296948836,2.4662570892426956,20.817352072375627,3.7892593153091187,104.21269880936603,2,Limestone
1904.6541459723326,60.67794969589832,34.91557919402587,0.1431085339558448,2.6541804534055857,15.481534279866292,8.789723269182863,130.60179144324906,2,Limestone
3180.1015440473984,105.76231475038335,17.790494290011296,0.20311379153733156,2.228363895678871,11.03682437517244,15.025524419198614,91.51515907237129,2,Limestone
3264.8508316450207,49.12383431126614,29.29885855921969,0.1837218135084175,2.2943080937056974,21.031317200980798,18.620516082050596,109.16881721456917,1,Sandstone
2416.7492487061954,153.83142830064207,11.89200421680319,0.12337604457799661,2.4505955160729167,22.795048581053088,2.2155405372251895,107.34339457134473,2,Limestone
2700.671682269503,103.17435860830929,37.86096320104375,0.2050858861381189,2.5058188888141832,24.383598013728985,17.78275606041838,147.55445210141966,2,Limestone
1861.047801953895,179.09338650050228,43.4648059555603,0.13877285046474164,2.4761065670294835,19.051537499862626,9.527817826243027,141.9756001093207,2,Limestone
2523.8115259881442,55.01635195492587,38.584588426390305,0.14728010315952406,2.0,25.90186718497806,39.75832998852131,151.73976232729248,1,Sandstone
3217.241292158229,100.39141955349228,31.455224922103618,0.13561089198639126,2.3933635346476603,24.645286068366854,12.742237014314723,133.50251094588629,2,Limestone
2630.2692291809913,108.04713693025471,31.862524599012662,0.1614450335218577,2.2477609324743177,25.572971804331843,26.982907981321933,158.9400762566439,0,Shale
2661.9551272346316,63.98621449696765,24.078336700166208,0.07567576043410998,2.4920407949749914,27.721569703975103,0.8516911640786304,98.36413172329713,1,Sandstone
2179.0120549696485,92.31257245292548,24.310951469105753,0.15115168958282518,2.4874718991151417,26.863569838891554,9.013195444344529,112.2954521187516,1,Sandstone
2409.288525431379,33.106496656166236,19.978908953662252,0.18288505147044337,2.710273129602374,25.558632396146436,26.13626161756612,204.406265775566,2,Limestone
3283.5094750016647,95.52721497520844,37.69457310802903,0.17600826545850493,2.5993249127483042,31.306882488388112,18.70779959265267,183.91948103352283,2,Limestone
2700.03700503707,53.95169832045836,23.624201421224644,0.15113992384989008,2.633677902749179,25.16242719206869,17.325729821408814,171.30299565422587,1,Sandstone
2721.7249032781438,108.38825163490819,41.32842211712895,0.16886744394015052,2.235799518817068,28.567439747323405,19.521864450564877,120.84214352527653,2,Limestone
2510.8625209627485,90.60192913350019,31.707371106206967,0.08814747103654484,2.4539330834219335,18.949098555888778,18.097269733671276,173.9126802914109,2,Limestone
3471.292773653593,41.118420827470345,41.602481318296185,0.3223980114741528,2.6204192866054097,28.768015757209046,21.42961675319687,133.2316423903883,1,Sandstone
2184.540129515514,152.13459367185249,15.201350944911862,0.11155185162275519,2.0,18.459659958831654,32.22339831754641,162.4033773322326,0,Shale
2782.1699783433014,57.94416504102199,48.47660002942449,0.221367305725627,2.383709637725733,13.98503892909687,16.572239988235506,99.75847573177535,0,Shale
3247.244832655517,79.78856783297046,40.02579814271594,0.23952125003413824,2.2668237997004765,21.728886829449028,19.84100496877931,100.26233725099524,2,Limestone
3204.4584249058535,130.79056526755937,19.81962328077185,0.2563875076624157,2.364992964183802,29.04340558944525,19.07257791306973,125.29970479273072,0,Shale
1613.227159082187,86.74068568109634,21.2222269356419,0.07339461087567929,2.3747270878813045,19.673434463102655,15.513764524814603,140.0514311124431,0,Shale
2218.456629995266,74.44297555549873,20.32745262018934,0.17387520411568075,2.2687780069297587,20.738033362807055,23.228091799998083,124.63183836377013,0,Shale
2506.8720348038264,131.98498846826013,27.87765698384453,0.13664497069956733,2.493112266542374,20.01301440486507,3.5909338635691253,110.67692714511034,2,Limestone
2711.520806219217,62.98135581140534,39.34717745828492,0.24284841490045977,2.6579541710382046,22.850270741905053,16.24788127828529,141.77233306470157,1,Sandstone
3124.046445956457,91.52233703437777,31.3642691806728,0.11276202298333983,2.5653477950788175,23.86092295660904,4.034035078342606,128.54508183114692,1,Sandstone
2755.2117253174,100.52837104008456,38.3814689689716,0.1558932366438085,2.25356600962158,29.7292628263965,26.480818931160627,158.67621842215306,0,Shale
2460.0998654277214,76.09361402091078,26.30283315240707,0.2076705979070902,2.274572180925892,13.853060757607347,19.858486652935774,101.81865233326704,0,Shale
3225.6529567387806,80.94489933305952,34.01498150546209,0.16044312987630693,2.518904260285203,29.032757857536296,16.388407121267235,158.29225471834508,2,Limestone
1543.637341350674,76.68491383591122,32.46552095497318,0.10457205142086423,2.6431500325910657,23.034519112548395,1.4383260662718023,108.85808998917024,0,Shale
2985.847878377719,105.34958380771761,33.72767224276402,0.10663055735325798,2.3945578230266604,18.39731820646795,0.866729465573572,87.61957831537677,2,Limestone
2461.8617268062553,43.94138707679587,25.910844650800136,0.09860206529892233,2.182960850280389,19.200954835899296,25.762076487066366,139.8862666624026,1,Sandstone
2298.8013686145805,130.49832483665432,28.4424469141679,0.12176708320917039,2.536284485955024,28.618499669760205,0.49411563639527856,106.34844512644686,0,Shale
2102.9891571492126,101.62893000568204,26.03303820034793,0.07813367448124775,2.243906994120925,25.927851956947023,22.12955978022332,156.1940237863424,0,Shale
2347.5690222057056,39.55728104317556,16.628477891588084,0.15006801897822264,2.2694870211232234,31.322511314377813,23.472284516961665,124.18960474840353,2,Limestone
3208.193532974926,63.399938749715716,25.958460942926774,0.16483086086667323,2.4271852332913086,22.25349762656101,6.228225935113772,86.79100974677627,1,Sandstone
2740.725627155927,125.07904064979047,20.752881195988284,0.17376840121435705,2.2641574212612388,29.289304181098206,25.33333465788445,157.06465055309516,0,Shale
3454.395827357111,65.10408103735345,20.179075931997843,0.2528454701383514,2.1484992508394134,12.097872975072825,24.818925350118697,94.65985988936134,2,Limestone
3625.5167637523004,44.68056796253302,34.06542138266695,0.23497616679128466,2.7205349768791183,18.349377751653147,12.2977347974022,143.0419921553694,1,Sandstone
2845.4323006631416,38.3372862530016,44.37546750932647,0.15654696534561993,2.5575621817770284,26.124239453425027,7.145639430620794,104.89972668048284,1,Sandstone
3439.3860443075455,109.43000613246227,27.956927913998342,0.25139688366563795,2.122439463328495,24.57236795976441,19.15053927491007,78.7706720869012,2,Limestone
1977.075328859833,116.27798802101904,37.87273694816222,0.1344279682779406,2.0296712442733167,21.1770105347553,30.641040324022253,139.9586466435574,0,Shale
3366.8815703684827,75.75420322208865,25.195797805965057,0.3259121441890096,2.2346195632545287,12.714813506353321,41.99523944258951,166.86399272082957,2,Limestone
2681.630577501675,49.732128497730045,18.791507321883785,0.11656797215130969,2.237336260821627,26.919994815503554,21.49040344032892,128.45491609510458,2,Limestone
2730.2210555601478,91.33648827583015,48.15677455080316,0.17105570803438488,2.4728500864721714,30.867560416957215,11.913013083744637,122.66105630698493,1,Sandstone
2259.924255409803,43.53246338018638,30.442061748804527,0.04781979282200341,2.2826650079193977,23.843223675387232,17.79225346939855,136.36428999448245,2,Limestone
2908.220161971495,107.79620864249307,46.10076123189649,0.10936459013844822,2.3535091629175775,16.32718996003205,3.34561731099865,90.4688221695256,2,Limestone
2713.801204295914,120.1542483485714,38.61097989006673,0.23136646321239285,2.4424677499524936,28.111747060202866,21.32994120517997,149.011736779645,0,Shale
2702.7869354971335,83.74743423797484,29.102744236722213,0.3286982388874529,2.3977051275814274,28.00795680879755,22.68230713303489,100.6385222731424,0,Shale
3150.4678942871283,127.57331213505049,24.198723573010604,0.13348462867096422,2.259673590615482,10.515965031919077,0.5549447495080777,61.54564662538669,1,Sandstone
3590.4412818125156,77.52342254717752,37.57754780208183,0.2857718806861618,2.432250885166461,16.149871690368915,23.87703316888937,136.60452093216284,0,Shale
3221.3764545218646,139.8905043973029,40.75120748981757,0.24991392327502115,2.5873706166499564,24.34290576324601,8.242987332121665,121.39878670946877,0,Shale
2874.082224510264,102.39227582054063,40.78651945959726,0.03,2.290992330231845,38.93200149903039,0.4148288812692602,89.7304920640568,2,Limestone
2534.32673986602,60.09042292879966,18.23080107868416,0.08086074452444701,2.1294885884109886,12.496626453472903,12.66781356573561,81.955734305871,2,Limestone
3142.843459266703,16.292264307411713,31.537638295447064,0.23575829681920069,2.8618105259699007,23.032952017638646,18.658327490703904,182.57001935820216,1,Sandstone
2070.5055068300526,70.45755984397168,30.988872158551835,0.10122077355566726,2.3684827610229897,12.566345321652529,22.44156895652887,161.53733725509983,0,Shale
2683.1193235163746,56.649539965074396,24.339902714799766,0.08721436980361828,2.311180920331626,20.593803869683374,21.441890686290247,154.38310837730074,2,Limestone
2581.8354449153207,67.62618322225966,50.29089859949066,0.19527415658304204,2.358521834580504,19.838812549090388,23.518394525057627,137.1964958771491,2,Limestone
2171.991433427476,39.83560151265473,32.59384333442802,0.15833070090437487,2.3314537788227936,33.44806510587472,26.278573187973798,143.5384828654344,2,Limestone
2110.073814579978,84.75772326048524,36.416252324412085,0.1684881419399811,2.4176800305627157,22.042919536584925,22.66010385143356,153.26211019931014,1,Sandstone
2527.059795099153,67.99372162756413,47.58272157875278,0.17433368737510938,2.6266107623828012,14.15907195303311,7.343424964761075,118.15817035241587,0,Shale
3054.0588753300876,58.83027088341822,28.367216147716967,0.14182234625185625,2.416239355208498,33.84240065641511,7.483952084985532,95.20692281259402,1,Sandstone
2588.8688170705777,84.19345766402543,25.480638619940095,0.21761080889627185,2.621441157065734,18.099437468148068,12.463700686935512,131.95491456802122,1,Sandstone
2627.074471596979,88.67014618000579,36.24606644894278,0.19988516218109717,2.497654914663352,14.827181700006928,14.694166339547438,127.79817801779622,2,Limestone
3223.175570991337,123.39099050424996,40.87940253268552,0.28977542851948007,2.5394310747167284,7.413273016170233,19.65836932660846,146.03006381199555,0,Shale
2554.611393017241,98.41664093808909,31.606928674649048,0.22449366836811485,2.126517772514223,20.866112532924255,34.32459844183752,144.46511208519667,0,Shale
3546.296838858938,68.19881380119176,28.578488263981807,0.19085453668423624,2.4248387958709157,26.369428643835192,5.157783840081972,78.1254047217703,1,Sandstone
2868.9718745678592,77.2399640139328,31.821348710111764,0.3005943111366452,2.4177305412737544,19.961072990150218,21.934785512134187,110.60470343107255,1,Sandstone
2797.9489935288,35.74700920804772,27.24677471912846,0.17862517781572532,2.3490754065379025,14.457681552139345,26.475061927472872,147.04753595153028,2,Limestone
2648.508780627221,104.37024807483893,45.30047441561629,0.1733255843588936,2.22580636862231,31.201737074397542,25.2765497412673,141.8462495758158,0,Shale
2766.307199951109,102.85701064003206,24.201448185366715,0.1340893039055373,2.237148804632219,18.889386208734976,22.828151882777853,147.30780250502607,0,Shale
3183.75920193147,93.05640577311843,23.95324818368081,0.2704617130028106,2.475604628774212,17.319741051100287,19.37510145704343,129.15272011443935,0,Shale
2126.536859195938,134.71768970583156,54.231061306135544,0.05104014761955383,2.6407030008543075,22.28262818655588,5.474347947037966,121.87438722933614,2,Limestone
2974.0270574107285,103.02299176316771,40.678566772943995,0.28155786388528053,2.1869476591053316,27.52237696752691,38.40665944666457,161.2462075751059,0,Shale
2850.270348460863,129.53825061292753,22.74382543436713,0.17747640336014903,2.5356301844042224,20.953822981524794,8.155468357549918,128.789148102893,0,Shale
2838.819550870396,166.49859669920284,39.528187772234546,0.27076893399289925,2.3731771151377443,23.077996233229523,9.245292953307214,83.58706212364541,0,Shale
2147.71639315879,64.49705433304561,34.0404916653297,0.22175619866023244,2.606771121475512,25.12602337962942,22.775733436783973,163.46532209206975,1,Sandstone
2045.5840052014264,96.36410299826592,16.074874328615216,0.11344309209702104,2.412843660417478,28.78779430149848,11.910390627921155,124.9445742812354,0,Shale
3565.562394695081,114.44349343195528,37.661375845266775,0.12315154803799258,2.339437819128482,20.75231440675571,5.996777918277534,105.80902757099369,2,Limestone
3585.6736482670485,57.82724506160622,28.90683742763959,0.18334735228884333,2.101650832732608,26.061329226884293,18.972860056773662,82.56854568766282,2,Limestone
1446.571058928501,51.87497671608884,34.76265017256556,0.053308499651520264,2.582557635842501,21.153905689061848,7.075734855275174,132.32789989341313,0,Shale
2837.8544105095802,50.955657126435426,45.64014018211813,0.13824880451991822,2.2842742263323212,20.444344153727478,18.54848832757491,118.19423165737405,2,Limestone
1727.9855550284867,60.19213432389468,26.309998107484677,0.07533507067818557,2.566599008275248,28.054620470368317,6.810208228897981,126.76418601075882,0,Shale
2503.33470175231,78.93042817619526,13.800801968115664,0.05748116448951501,2.498307108104532,32.28117837604168,3.775863422224937,87.46097887431873,1,Sandstone
2848.1358362522546,69.13999562066824,39.23153350505044,0.08367139981877551,2.3094502139851563,25.408524523670042,17.439790245591702,143.01500125372357,1,Sandstone
1727.3933149743787,57.53585616473107,13.134699403096633,0.07390009083316543,2.440152645259649,35.2406963476906,18.77697159937533,158.6429887176493,0,Shale
2883.4411371339306,27.264531811527377,19.5364996431258,0.14787216805004585,2.525942710561616,18.482633834314004,9.686289163471987,110.69072455938338,1,Sandstone
2985.222786952973,47.81704740102399,37.985681267484324,0.20294384302767404,2.468603347751608,23.78063504250541,22.418443271648115,148.0157504877305,2,Limestone
3721.0793927235973,72.93487794181922,28.03188876902373,0.2533277667910797,2.5219747309683633,31.80763307056721,9.9737155604841,100.11029665998409,1,Sandstone
2213.814893076323,122.24073798296367,49.373842411793845,0.20590753903847892,2.5046519314869293,21.508345105649013,7.7168085703459655,100.68925814468436,0,Shale
2796.12701120022,66.51534069576394,34.038880947406184,0.07511572117722978,2.4238317115595813,10.861410700382784,2.687761979831839,97.09809469391098,1,Sandstone
3070.65270437551,93.34168561439316,31.695404102182863,0.21436573399700778,2.352352145938169,25.823998247633156,14.11915699960621,100.56178009524771,2,Limestone
1656.540297030715,96.62031749938369,39.29189561547711,0.13785708799616725,2.522776149926802,9.93105204722908,9.128610297784038,118.84627155009707,0,Shale
2851.4098446295557,13.453254614608952,25.171993113150503,0.35,2.7705711301237046,13.337689782429672,31.573264720784334,170.96608126918284,1,Sandstone
2252.1948490634945,37.23179273033874,16.767426432314526,0.13092219611591585,2.162293991548399,31.55318748422908,20.317504969932667,94.67125848671128,2,Limestone
2052.4290668347453,77.08063360879538,32.40462744801703,0.07585869437970386,2.3549394330268516,11.871868932418748,16.922722245993807,144.36769299101238,2,Limestone
2887.7623770410783,145.395646017618,41.00799805422717,0.22171106607138213,2.4482789037926707,25.990636309128877,19.234088507415418,154.37685134379387,0,Shale
2673.445165688558,77.4380406896911,15.801746865424304,0.24221238054673788,2.419605372709252,6.594489292397451,20.397587571358017,121.90674218555654,1,Sandstone
2602.583498859036,36.64767532351135,38.741698718965,0.09533193760808355,2.5715130082042643,18.000662612601726,3.341505073513863,107.68023881010839,2,Limestone
3093.630638494742,65.80301987774422,49.39463549570124,0.33923899509352845,2.4206844760125206,25.74050295160695,25.27035031034756,112.04419168744421,1,Sandstone
3257.811308011462,100.64502852901836,16.75214089600775,0.15181665894940505,2.2017329161779324,17.47405216872156,10.599857424624773,83.37841039311397,1,Sandstone
3057.998575947143,111.8667955602182,20.765707942786072,0.3091256473882212,2.246663907940676,22.041548326262287,38.98446894495419,169.21187075946648,0,Shale
3281.4062007461903,100.51115564952896,24.953954045150258,0.15756139792031312,2.512672177828507,27.98174488913572,7.356591378018649,55.39859461416923,1,Sandstone
2999.3170052187766,79.4029867529069,34.539358884037746,0.19675953770501717,2.665523247107339,37.88730528134252,5.495266330321163,118.60443988852563,0,Shale
2681.5335681368692,74.9580276670686,21.2098311383525,0.10066898856148057,2.3833922967405012,22.887813283796575,19.103236859219827,158.16692071008754,2,Limestone
3194.5767115205026,90.01153022180759,26.08821836364279,0.1640910278578966,2.4860729911765493,17.366481574700828,8.400739557649898,116.63545014927108,1,Sandstone
2913.364936322732,117.31931087414944,34.60958641857302,0.22074539225239082,2.2990915630541386,18.191183899195682,16.36406056067172,105.01413818934351,2,Limestone
3090.113182222387,47.61500674677592,37.159171404855655,0.2549027710636391,2.782373902788039,20.776699186120872,13.065420385609833,145.20876405714347,1,Sandstone
2988.428460778726,89.89759740693422,39.668834167557435,0.22621644243323963,2.310605283562107,25.397064344621036,18.260765537115383,105.76214795566312,1,Sandstone
3047.0857718275624,59.369409520049416,26.54296094372924,0.17518562497139367,2.166241266162136,27.701449910302582,24.61472153010091,117.16168952382294,1,Sandstone
3063.7689779764196,14.503274747386087,15.430624544792702,0.16717703477211737,2.4945391191447306,20.49487203263383,15.047589351638944,121.0006763034916,1,Sandstone
2980.7174713207874,58.03958141787881,27.438340937541664,0.13735817071373674,2.3632493692299787,17.801110338052155,20.831960696852697,147.71716728867457,2,Limestone
1684.5319791760971,38.39850154236459,30.885034738178817,0.2026782783470895,2.209379965169368,21.83209604397523,23.477056828862406,86.05054081732493,2,Limestone
1978.803487431149,97.52664367410571,27.982256237008414,0.28660308679377405,2.1955497378161826,10.556668001867182,31.290972968751273,113.76524748486365,1,Sandstone
2821.291747486278,97.1646802644408,34.027181892698216,0.059282986674002947,2.68256511138267,32.707813641698635,1.858001364135749,139.56275819687602,1,Sandstone
2225.7750272615435,105.67776442345503,42.99181252629184,0.10260034153303128,2.2363492363984885,25.589047617943404,20.48751701478901,141.51942101474597,0,Shale
2815.806331209886,132.37755748626773,25.409955397770904,0.222546156857855,2.3086872691376685,30.59133438264708,15.444749788064707,105.69509446483708,2,Limestone
2330.3977505969874,52.378224231821065,34.90257444428519,0.11313858258805538,2.3363252345240504,25.448958906771175,24.877570043734025,159.9656327631272,2,Limestone
3128.4568578378235,79.4458417825824,27.832079683120707,0.23971233916701468,2.550747194426483,24.840047100310862,11.87338217422629,113.69987955772777,1,Sandstone
3463.372858354134,78.98983864028443,33.8658258917093,0.052998538146950464,2.3775697731038665,24.25820222319465,15.314727358047687,167.4162783689601,2,Limestone
2342.2862598824313,104.1921549316536,18.64555805662877,0.11445079766261847,2.2336334318509663,10.367200543710533,23.72680437636303,152.83911622577207,0,Shale
2446.536439621237,97.08508072117276,30.138357232223946,0.12540436933714677,2.3119108494435063,17.777578259650223,21.67445089581826,152.76386303441598,0,Shale
3421.8875964638046,60.15947647000495,36.60488982345697,0.2563944826282045,2.0199551190989564,20.18335272924677,32.59599655172073,103.83124858982058,2,Limestone
3020.279787842085,142.62563671043844,22.764948909379925,0.25223537303583976,2.3955583526332513,15.91723755418166,9.415087579099744,89.26263335892303,2,Limestone
2278.7423209498243,133.46945832601375,34.70392742009157,0.14345167142112975,2.4717718958759476,20.25200796325032,10.039283807596165,131.8895076775045,0,Shale
3380.660849746691,87.46322578760811,26.749035285290745,0.1537676495182208,2.5779525951462365,19.673698801050595,2.3408873372775716,110.49678220509665,1,Sandstone
3468.9267990454223,73.0244904422216,32.84511982521645,0.21862459067046716,2.0,27.499766132337047,32.921988369837806,114.71578161599008,1,Sandstone
2709.715852529249,69.44637523876054,44.47134798444844,0.11618187783025505,2.269217822930744,20.959080455716283,14.92454305886918,110.95990716887077,1,Sandstone
2216.215506180485,161.72190632087924,45.65454659959112,0.151554863587645,2.3926559049370812,19.766089878577095,15.270744872898785,147.45506430650624,0,Shale
2916.879007758952,81.13428354753528,22.798389804281612,0.1834495092007218,2.410173431765053,17.840599979698318,18.472937312186083,136.15216322130738,2,Limestone
2835.649639608542,49.018198799159926,34.15072509699084,0.13336080051217458,2.3746521757051093,12.093679629628507,12.946253863331336,109.83743059153873,1,Sandstone
2336.870619962453,57.784059053571575,40.876069851989534,0.2974891515127889,2.3826402127897186,22.192692732593922,33.48825655662522,145.60630008780916,1,Sandstone
2574.305996460017,54.7347790531464,26.936186358376425,0.20578488650577634,2.852693029573294,29.26039559905356,11.921816637181161,165.92489364116244,1,Sandstone
2320.5632351305007,88.8297650974952,40.77359809862273,0.0668509031865773,2.0618131507952353,15.032533285117852,39.502390545833066,205.718416048596,0,Shale
3053.8488511830483,99.88536169670105,39.46548527716782,0.10491344240681616,2.609480962117176,20.10659384479287,0.7393531268021505,119.18536263655436,0,Shale
2561.7302183633683,34.287764899111274,26.665762917175872,0.2177434312298277,2.3488829769030732,17.15747164157451,31.640624585503897,153.77867482718807,2,Limestone
2978.7268457798523,108.46842594704688,5.8744918208018895,0.2629645168041389,2.4490859867274217,24.426448924428502,19.249014198878523,128.92117610116125,0,Shale
1690.618425219824,61.56981728775488,32.93786688274723,0.1371901832909341,2.671788007883666,30.273467458010096,5.74593086396227,119.41477999744171,0,Shale
3129.4991809887424,43.901642128359214,30.88309013284357,0.22674829458007006,2.4249925177004514,30.07522635025383,28.229890741124812,159.1037215259996,2,Limestone
2182.261528019678,70.60433002291384,35.571024469361404,0.05299702497207931,2.018432384877598,17.774232583094772,9.226677318055295,54.53378157891686,2,Limestone
2614.84457908615,47.33621989734696,25.028659761300638,0.26356887081420965,2.7287064580059517,18.293222359113834,20.395701560307845,160.24226016444277,1,Sandstone
3498.7169116522573,85.3978875580803,38.090542890877785,0.127111174257174,2.439869797661966,25.325526856159126,6.993069752538194,52.088976534373984,2,Limestone
2782.5546495573662,72.96385616461885,24.06270806314258,0.16572188969004117,2.5091342234932266,23.45557562292076,15.891396669117572,144.12114617164335,1,Sandstone
2213.1005312237567,59.52744706168188,19.26892585901323,0.08650595996164859,2.150601261471019,19.423936897031716,13.534762528942457,83.64367241555482,2,Limestone
3157.212309694333,58.39952422114257,38.760457766719284,0.24393771817761045,2.3526915460005147,27.32894393046065,19.637731895359106,105.22161265930154,0,Shale
2855.987564609455,107.91243889397796,21.87530167707666,0.1384832400235267,2.375742298497646,15.751412380812745,6.251387935217265,97.18011578067615,2,Limestone
3490.756760001569,71.27095178536143,39.4820599482335,0.18953700992151135,2.2064546016607793,17.11840447384728,16.97219391789853,93.63875770546247,1,Sandstone
1519.5798678065198,88.303968000907,23.67351748559981,0.08838436174373417,2.3287699462929288,22.630959891107274,24.286133792739317,166.36501982383535,0,Shale
2970.3701394812865,111.13981276949707,41.75454012339135,0.18646784846327358,2.2866030884718085,22.951297918957856,23.150999316155218,144.83309366056454,0,Shale
2320.109859964139,136.94158061032093,38.228592227833516,0.08416632015281283,2.167381385389804,31.816630663577914,11.38134542085057,104.79873740236428,1,Sandstone
2061.323043333731,52.854921063057596,31.891158497110347,0.1709178312076822,2.351692169456407,30.176557373777534,25.37426203176453,141.61117605345436,1,Sandstone
2578.8012869302447,66.0148255973352,28.673182202801044,0.24752546075772744,2.6454181026948596,20.495274356736207,16.771906818308498,139.61333989268707,1,Sandstone
3623.1534951389135,80.90968977936937,33.78353969352728,0.16983501902276493,2.3064069565068643,30.264199472686908,7.125144862925144,78.12463350443477,1,Sandstone
3152.841938258489,44.20117625941734,23.33354807042022,0.35,2.394214715986109,22.293090359256908,37.30981529120044,93.85764832019085,1,Sandstone
3060.865063132251,91.39505248611543,40.066246315965145,0.24540558223488493,2.3363562095765955,23.69961970087959,18.31576073593155,105.41767863632886,0,Shale
3142.800246516928,95.29138410681622,37.29369795129751,0.24456601210023532,2.130320172265808,18.676391896946548,27.049286829067853,110.75300676651058,2,Limestone
2052.166407359239,102.70699993736507,50.72598540762519,0.22130888338944782,2.183036564269943,18.599179287425095,30.451992975693344,133.12848254059904,0,Shale
2932.096981577443,91.51257511592038,46.624125978222565,0.18741298404464157,2.5075284955130064,29.13159508320661,19.984817001416513,163.26717214229734,2,Limestone
3230.2980227317657,83.38152519680435,45.32978247531085,0.285437436181948,2.5091409804958067,22.829351419011044,16.85550531382662,115.72228126203342,0,Shale
3384.801353766947,89.44359543565446,52.448984141487266,0.22894324929882293,2.1081267026680663,26.193422749010594,23.749950019507665,97.95783857777568,1,Sandstone
2236.661840879306,98.35498612825467,34.82665026041307,0.10302159155541485,2.1795778081048827,15.529815017230808,30.487947997047364,174.9871067726599,0,Shale
2780.1573277898924,72.29376831913622,15.90320705340351,0.1616157644739157,2.235328175059515,13.313759391529867,19.10590545832879,110.03057925326458,1,Sandstone
2612.6192197941145,63.78893995597899,37.718504858067945,0.15947325942704033,2.778230446651541,19.926078060365985,12.036058593553427,172.55506237724825,1,Sandstone
2630.508573563458,72.68666491770526,38.326657578803605,0.15273932657356867,2.4857866644018642,10.080837148134865,19.098884720061818,157.25418270394073,1,Sandstone
1603.553306984687,109.15205402191245,17.6466602069652,0.22114201283069423,2.1913905290257167,22.77237208443789,28.533369703325572,122.35733757762655,1,Sandstone
3422.566169539554,119.23195550880526,37.355668983025716,0.33043178676244195,2.557612098510052,21.959928561683967,24.01531097368956,156.40359099180057,0,Shale
2577.2713835773284,65.45323377307155,23.154143808586696,0.2464888516821857,2.515383273957488,25.11897401602616,21.41539525225835,137.4565203215542,1,Sandstone
3017.031449930795,63.112890129091305,26.384076999306536,0.20308707565192194,2.0,9.572535595338568,36.269700065424125,128.90316192251885,1,Sandstone
1645.4219147344156,138.5330932445033,34.782239401626235,0.14042757821211693,2.2100378885574594,31.3760110313841,24.260875536963262,144.6287376930774,0,Shale
1318.9175325101446,82.94820816825951,33.36321809621686,0.03630784676541579,2.4115193325487194,18.854629311372474,11.879427093806195,137.99629080043078,2,Limestone
3130.792674124105,42.58623017456232,43.255225693540595,0.13139124639600266,2.161018555362043,27.908060168947276,19.926947090072154,105.27606810542913,2,Limestone
3559.861127642158,67.55752460451242,38.731692923815885,0.17054395970467073,2.3441348702209672,22.867765802737264,5.037993600194133,69.85927037856325,2,Limestone
2756.330010140434,90.4694035035368,38.55997290306546,0.151676988218031,2.134158389853839,26.465374717369585,20.481000924008953,107.1292058088742,1,Sandstone
2774.1875153051196,61.889009310807594,33.851080321263794,0.16569617335062023,2.310446752168149,31.321568862698967,17.352245461010877,110.68414755367674,1,Sandstone
3567.432981952261,108.3176214649694,30.89228286874749,0.2944911462039343,2.473666265699292,23.23903375087498,23.115305183366672,147.6190253447703,0,Shale
2525.0453982108143,140.8057296069884,52.596020277424785,0.10584915404061865,2.3275864263394674,19.295990934591956,6.871244327868185,109.51987828974467,2,Limestone
1987.8322135686387,39.32774100860306,34.67331129645649,0.19616276590160947,2.275353229428095,10.098545931312115,24.03427923284479,107.1195563331715,2,Limestone
2426.671605237195,96.32643434533335,33.10175827182838,0.226425865132257,2.584011184085711,18.987353051021813,11.609068183322446,120.07097911627893,1,Sandstone
3081.7447644781587,62.89129765987538,29.552912432404145,0.25986470417866253,2.6159953926059583,30.15863135996988,14.965025630490288,126.78997362098697,1,Sandstone
2417.134097177421,78.55531241770986,26.75020555738674,0.19665909970552908,2.2005052885614416,16.997516555685305,22.596548766552154,105.07736913278816,0,Shale
2720.730265986873,70.99645012782597,45.7861539047863,0.10558628821432553,2.1737684270742785,21.909318459484314,19.011499477589602,116.77640195699843,1,Sandstone
2922.4345933860595,86.04459753184739,10.49904839981241,0.18497230094762482,2.3246298969205417,21.34749386299829,16.28842882290605,111.5363695452748,2,Limestone
2784.1415746504026,91.92198444363721,30.847977290261433,0.04508567440346509,2.5051821162170835,21.20544649033998,5.08154177221687,94.88514764061,2,Limestone
2583.069913467794,125.83269367042828,20.659944979372856,0.2321532793554247,2.4126627433712473,17.385128321160295,19.137948909098487,133.3792774140727,0,Shale
2719.74870149855,78.91497378237469,41.1854140933595,0.18072874557602864,2.6015480055327784,22.20861548856674,12.955459744107058,143.39388628846234,1,Sandstone
2972.730996768498,67.47733622386872,29.456591589633504,0.30076085571335703,2.4991474093700523,18.816517866116744,18.90638364856875,109.46993746957273,1,Sandstone
2849.3239873377706,15.79576457052147,33.570653744603845,0.161402624819165,2.363903911837673,26.3590895124087,29.206882911304096,162.42902533880695,2,Limestone
2947.6963416422286,110.87308214214022,27.565189303670998,0.23383554292787687,2.5862850048739787,26.944914180733832,16.541687619145087,152.14351082528464,0,Shale
2396.431844028406,113.28101468057004,21.10747837529082,0.051885323877899125,2.4214131174120523,15.80904069562939,3.6463555732024933,119.86852137551145,2,Limestone
2589.772064208756,115.15997563993155,30.687500567635723,0.23942610295625055,2.3101647344007397,15.831768045442818,23.944764545643032,130.83274624801817,2,Limestone
2635.862465525715,127.20566298640337,44.45635046658087,0.2195892067215833,2.4037805429644536,17.393625143388327,15.133629641378077,118.72656090556151,0,Shale
230.63941321456923,35.02329816625224,18.97908044407441,0.03,2.488072822751371,20.529609477740436,9.732082056244476,155.13081828739615,0,Shale
2667.768149230498,99.77808990204525,25.437659953915055,0.1108513098634192,2.6064397841266187,29.50947629609618,11.08209388231662,63.751608288980826,0,Shale
2455.9995106513115,72.04956963795455,30.051431405418494,0.3103899294359966,2.3407010005730564,20.15900953366843,29.806612385477457,122.60916404148861,1,Sandstone
2956.7245200391117,34.80176412219625,19.56722405889283,0.03,2.1711514291608345,16.40183217495241,12.38669428484395,106.3488931794559,2,Limestone
2362.838108889797,105.87110035264428,24.344472375975762,0.11861443542411575,2.4065179019910206,16.191701226701824,9.877443982507092,119.71410228643771,0,Shale
2858.88552811824,92.30595878106081,32.40487649467761,0.32909513944669927,2.162344484404949,23.052191443932006,40.05947427848267,142.7015568332596,2,Limestone
3384.5034571828555,65.02311598950917,39.613603598188135,0.35,2.3676471399193284,28.408966209255905,25.647243660088577,98.74378673497284,1,Sandstone
2872.177147460452,70.29966118280507,39.81821944438604,0.13618070982367989,2.5837442882678348,38.715471483964336,3.0409657654679165,80.67058804287646,1,Sandstone
3578.567056473309,149.39410625775633,21.919465709099626,0.2685571072592331,2.109420206813408,16.948521754995667,35.66496766554556,161.9913143201998,0,Shale
1966.686007449451,42.57039467964436,29.246955792591653,0.1251302450652806,2.1145798691347157,4.908837468090361,18.86106110053223,79.41610346820072,2,Limestone
2752.5321464071008,53.67703215750218,23.335200730365187,0.13980056891520717,2.0,7.058309749742028,45.67519726626355,159.15546708350792,1,Sandstone
2913.4675114506354,48.62419977813306,36.22664215918158,0.10807397823138033,2.398813538112007,24.377625525670666,18.83878226282593,151.27236971548734,2,Limestone
2448.5677488811266,60.73050995047408,45.62889819678176,0.1297812192645709,2.3701531911487206,30.655469033514656,17.089982822199136,128.5271362424547,2,Limestone
2794.9150523572457,36.92981413655723,25.013149760636203,0.1635078529657105,2.0,19.484121814093143,41.77581123570821,154.88123657814697,1,Sandstone
3128.837875961303,85.2615720480949,35.99262825400798,0.0771667828126183,2.358783106084931,20.475876602975955,10.446424073295375,130.8490354982497,2,Limestone
2012.1927710374175,59.776262727603665,48.2096722526623,0.03,2.457413833886904,16.247777625138497,4.538740133479578,117.25346835148072,1,Sandstone
2627.558274162612,119.00896919874465,28.42821500069832,0.1800644031353838,2.242881750223967,14.084968253007258,25.25363998469451,147.14008563579694,0,Shale
3160.701034241751,58.24900419817941,28.51117203979117,0.1107733528244646,2.5898877542000007,29.9827100293739,13.422526649327759,166.56384408896548,2,Limestone
2340.661334810961,86.76396789669036,31.555250375836565,0.10437353176584974,2.303266496089889,26.23329138877592,24.630458593084832,167.4668261367357,0,Shale
2895.921776556044,47.725859164619315,32.167912776044936,0.23234243407551164,2.798474354302521,25.764390913728043,15.4436149881798,164.6864199140984,2,Limestone
3405.108531063692,93.16170931825326,27.932455965707288,0.3041149570527767,2.2771022813913753,20.27449511444742,31.725969700770094,141.0157439996178,0,Shale
2280.183082873638,85.52693352435048,20.38748512548932,0.23065576643790217,2.1603859237768392,14.246179750429294,30.605076384534623,123.52455921441813,1,Sandstone
2423.973116895099,44.96428506993341,7.063379776293388,0.2671093904182631,2.412156869297856,26.76806993827074,29.873262060739656,141.7214301362462,2,Limestone
2729.1632708884194,81.77493482078908,19.415495105789624,0.15136836277248147,2.404163487847341,20.652669750456084,17.645669299455164,140.32442750473933,0,Shale
2744.1816225547323,95.43346605832366,34.56770777700459,0.09809940813050946,2.281227922534048,26.746921902185356,11.220883659771303,111.46594407685183,2,Limestone
1652.2692658132455,99.93577413457882,23.541510117059815,0.03580273580690416,2.1270096424705898,19.349859373429116,31.28479998785072,185.80945727226123,0,Shale
2613.1688780853933,69.86308098380732,50.07956095862321,0.04188706559730934,2.308830541981088,30.26727785091084,10.604884944202489,123.17905827839935,2,Limestone
2701.3412166049175,52.66375817583766,22.656799976866264,0.3486939147872582,2.570204816541963,20.967811827305983,25.44046288129395,127.59763942718295,1,Sandstone
3120.2359170102873,99.57527400663814,35.1486117993516,0.11586730058959553,2.264350022965577,20.08292530048579,5.726711449356511,82.7939538809778,2,Limestone
2797.138715718209,54.76346015334203,35.9317099099803,0.1299798438629967,2.185853816468828,15.553223401863988,23.46296394357767,126.5907538025916,1,Sandstone
3224.3785267397298,73.51187563376938,42.18665210788921,0.23805381849377677,2.1995789695036603,19.316529371276157,31.173829143396205,138.57236918757383,0,Shale
2945.9232674226128,87.46343210072823,36.59401789848495,0.24149922035042162,2.348565243410337,23.99407822883202,21.765375493370694,122.2485762469425,0,Shale
1659.919594128965,98.09992212492165,32.20145190351275,0.1020630642066535,2.4891726853374525,21.00418955323045,6.8928282271001695,115.4166918416771,0,Shale
2925.1967470485397,111.6880117398561,38.773622092064755,0.07831310705079952,2.4145877273581338,36.1652930308778,6.952804909613242,66.34948998970606,1,Sandstone
3058.5251409870098,77.41894131550796,32.52329973371676,0.14549438402003015,2.230669721348771,14.597835014028703,14.932503100079096,100.70022750631283,2,Limestone
3577.736097463336,44.906312584657286,30.59654565007084,0.2317883448958287,2.4116979578489284,28.129952369187627,13.710101340927205,93.59232557482781,1,Sandstone
3119.690385650547,47.697291601052186,31.130207102988283,0.1277706806326377,2.2371448550905555,21.508853521842024,19.676010814333434,120.90131942651443,2,Limestone
2248.410880521017,65.53349424049941,24.960693200386608,0.06956134199909131,2.2931280856277523,13.763252501521546,27.309133695922043,181.96426405390827,0,Shale
2281.1543721180683,17.55589755910553,24.250911712942965,0.03,2.1340434729609363,20.777928192565867,20.287900438502824,122.03054759504265,2,Limestone
1691.814950345965,85.58479647353491,38.29223585637112,0.10925599214025052,2.5561673833046665,16.981969002012235,5.273814941648375,113.88351207082577,0,Shale
3052.4953391022927,61.006918338996655,44.22258508576327,0.10722636263098297,2.298191376757912,24.797929895099752,11.169076972950439,103.48664156674553,2,Limestone
2638.349558330797,62.15771721331931,38.189083063472836,0.1031235300311677,2.2280415485711647,28.03744448386982,18.630353316579576,121.82827002833805,1,Sandstone
2675.3012627239086,84.39856699976998,35.90362208114946,0.1916603361140748,2.615174116630415,24.12890870907036,11.794049208410888,137.9543755987428,1,Sandstone
3535.3276063513176,113.8332730851182,32.31669939018727,0.30272606769260707,2.3131562190933046,20.1129976398988,34.256047602076364,168.37794432523035,0,Shale
1551.9575232840023,105.46069678303832,33.95697506608005,0.15395077158079126,2.6933100188945525,19.7935865003442,7.193141053308324,70.47993765253113,0,Shale
2188.9532207570974,104.9968295703955,23.866243715268133,0.0753683134579037,2.6799380208974837,30.069757997044892,1.9091705431919106,127.8930444879461,2,Limestone
2052.7714593192513,116.39532368966663,29.136150156485012,0.13336162051904726,2.3490610362829973,28.905007898106177,14.303114773420216,124.15080275806287,0,Shale
2369.4939603432376,85.40214823217879,43.91042475055946,0.2373828552955689,2.0,16.542206963531786,48.646297242506826,158.18874848899117,0,Shale
1682.6854306737828,82.6194037416811,30.153875645012686,0.03,2.245970634624345,20.266645513995716,14.529629059701428,130.50809701248954,1,Sandstone
3042.5501604745664,116.22426545517823,22.205437987477676,0.293713396096113,2.562812694075088,18.0373157919545,15.950214066658285,127.09144834017542,0,Shale
3084.3881615496234,111.39785470112297,30.172195827305604,0.2502607452886194,2.605504834285352,26.941276719051842,8.760565885123334,115.74872663202245,0,Shale
2324.208705581337,60.65127634078701,40.76178733604915,0.13853851517769206,2.3391467410249156,20.597960249650455,26.044830695517447,159.67565635790507,2,Limestone
2260.772739024735,106.37503676555791,31.583919557524684,0.05148037721882451,2.4145501863814745,25.85375196161981,2.319359864207783,87.10325126278113,0,Shale
3110.614749718406,113.86011443474274,35.179733762901655,0.12000772205115057,2.522110148314181,15.104806391871625,10.339071668853526,154.59616870060808,2,Limestone
3178.9597316222453,72.87412250434582,19.039879521289464,0.27010771177280635,2.3791047008093877,14.929923251158925,21.51118455563291,114.68071498200473,1,Sandstone
2452.370679657639,26.322700439953863,26.90147775309502,0.10857588382426085,2.4509676356479715,9.528881506656862,15.022210878159411,129.72712552473675,1,Sandstone
3304.3007916952415,77.81973470850299,23.458156742396714,0.18936146981610327,2.3496873453270286,13.059503946540291,9.563873693297364,85.47428038651223,1,Sandstone
2764.6929213762614,90.28528145376305,32.314063512774155,0.05788674506003125,2.5428719152522494,20.422705161787743,9.315387626736683,76.89721977806977,1,Sandstone
3238.9556523512265,82.35543039030672,32.02520882733937,0.17733729851868713,2.3562923199123036,22.535126183431267,16.308627687059033,122.84434006256852,2,Limestone
2704.1855453826324,72.20606370158538,37.20727238296068,0.18445348798825395,2.361098695880466,30.956991348190947,24.738206098521296,150.17984027799707,2,Limestone
3268.894174725753,137.67857297598135,37.94926017673945,0.2818535373500237,2.2888845956783492,15.578467359913503,28.18993878029641,147.77862995817816,0,Shale
3056.7037109891567,132.73847209377942,37.76087372862565,0.2483058997388614,2.2801576518470497,12.710429990614989,29.52437396960981,159.80820739001834,0,Shale
1596.103148946746,99.535425515473,36.97387478711935,0.1144255878648299,2.4503621128153643,22.027175746309346,9.664431202437797,116.49175027349946,0,Shale
2832.9315111043957,125.13658503135993,43.83057398581605,0.11081627487447164,2.3405778284124725,20.271815563364672,3.0979043560701314,91.29874177784828,2,Limestone
2562.955127740612,40.9445193455507,14.251323875253469,0.07013680890936327,2.389746589180603,25.182938791179236,12.135457616962805,124.88951364302028,2,Limestone
3059.679967127374,108.80142492881069,18.195015130023613,0.12237915804533497,2.2299065587933007,26.1609749236276,8.731050773270644,90.44523163861453,2,Limestone
2779.489912113013,21.95201930961565,35.62709837572561,0.21002477370990852,2.356063100565909,19.143409183342925,29.876184360359595,148.23122106312516,2,Limestone
2541.4462160229205,130.85264291849936,42.757718207583224,0.21789025961677772,2.459290934688466,15.204356256872476,19.505709282702693,149.78356059886661,0,Shale
2571.5373126759855,146.29857912805764,24.65249195409085,0.06824120183295719,2.293440876484303,31.92181129617915,2.98744371931798,100.87511870489212,2,Limestone
3148.827804588922,92.8038631808103,30.496613557082174,0.14622417793421655,2.5342954658775123,28.29966159715008,7.194341374604118,59.845485477051426,2,Limestone
3299.401335662744,88.99460935390404,31.8056093819747,0.19627722482333604,2.3996152818389977,20.67323063251527,17.5594055073689,132.91615119153974,0,Shale
2028.8713080424632,125.01597857975429,46.38281183136422,0.1637364088891431,2.3553961900512794,27.098922191913438,17.26461532995876,130.96709012284907,0,Shale
3043.813094179408,72.15784945463193,46.20158684956707,0.22970451266736192,2.6581244082965503,27.362570784326984,11.039934499586394,129.52164353347143,1,Sandstone
1402.8749144825517,80.1859405839705,28.916651526307056,0.07547866933679635,2.5288936880471886,20.028680489258214,6.520800596953713,121.0740372691308,1,Sandstone
2731.08606554881,72.83789923016036,41.79538267607738,0.23363917624522984,2.261697172153473,16.866803980566303,25.72187463153692,119.8302859415397,0,Shale
3374.178042368532,48.950312182869204,19.615006623857738,0.1480853270860571,2.264612253963133,33.81794010970657,12.2204792972915,87.8838436595756,2,Limestone
2781.720902440215,134.71076535352785,23.779351650550453,0.1803135353959097,2.34126405580586,20.368000166151184,10.194205476251721,102.49723308784775,2,Limestone
2136.8340711235255,93.66908046489255,28.377514600415047,0.1394249855048414,2.4589750685661382,19.75359731200656,11.269578936543292,121.56313254192781,0,Shale
3334.111978319359,78.10116814711327,25.89863738229018,0.05087778046513855,2.3187917448336983,17.36701187881209,13.273836619673832,146.0163592429215,2,Limestone
3073.108909880875,98.73478276748423,2.421463704526321,0.10627131825723408,2.4394383508147093,28.77156440487148,6.4434253897026235,120.68655031731218,1,Sandstone
3485.767332647551,77.68144205829672,42.867697563752536,0.055673904283990494,2.212172480254924,23.604347804784435,11.1392812258395,116.67273585898128,2,Limestone
3054.3608099886715,109.80897090755414,36.74505033154822,0.22669840311612524,2.260119822438187,19.052653512297322,17.036077996822172,98.15651288219408,2,Limestone
2854.830351134279,85.51906823455079,30.092900683066947,0.1122378401584718,2.1999262638484476,18.5563922015548,16.546620739206276,114.35792330694808,2,Limestone
2770.118341166048,119.96844959352154,34.930864020479376,0.14473890463665728,2.2918650857025713,18.732562409057252,11.1443561387857,105.24241624764892,2,Limestone
2828.981662389648,51.68930033244157,13.43033544261272,0.09669171464144335,2.2281467327353046,21.43137596796921,18.83320741200274,123.93181263440621,2,Limestone
3001.8383162675823,44.84754347741628,32.42902540711251,0.21731037920786844,2.814526052818684,22.33287951259228,13.352204134321951,163.573918772296,1,Sandstone
2268.5363775988026,119.05265921631423,48.81621289357771,0.19568339694705447,2.2173866648701845,28.596493610757623,20.725884548053706,111.52804383988544,0,Shale
2626.4243281592476,45.647007315452,35.55987433690139,0.21354416152821648,2.7588247717537335,32.67797132252613,18.00843682567743,171.8179701517345,1,Sandstone
3369.2516708759754,31.588652632974252,20.538464188703195,0.16244434441980846,2.313926754406597,31.072756854259925,27.781120320636585,158.10615638831288,2,Limestone
3124.870868641567,124.0757527461191,21.110751909402293,0.286491034590571,2.3067695575816614,19.652393710554755,40.37159079185683,199.50849629972038,0,Shale
1642.5401722065467,74.10954632506449,24.239748295233323,0.06985178709726417,2.383220909613231,19.97087969810519,18.476307472632485,152.71729876260525,2,Limestone
2251.4778534603292,154.78871152547273,15.103903876489973,0.12537686096400077,2.378807526861744,23.569464904392444,9.327457440924135,124.68383985124942,2,Limestone
2683.04096117639,138.8708488696713,20.765995274749194,0.20169110795344689,2.2722717028833785,17.806802917348037,17.20994994578851,115.01823119031575,2,Limestone
2732.9970043164453,104.94706792596655,14.306436572748058,0.11686427596983412,2.3507081499527773,40.58017308263232,8.94199916618437,110.10244074836837,2,Limestone
3531.332558259015,81.03228714844043,32.91009627247442,0.12185322615717717,2.432062575971818,14.354276661694456,15.658064463187504,156.38909850425182,2,Limestone
2229.522433860324,100.47242811057676,29.190120905978326,0.14988632284051243,2.4238788963356357,18.70273245513973,15.6386772691726,135.14486915870043,0,Shale
2721.6783968030086,130.09466131585202,42.66803608443334,0.11325522012233431,2.491433478969097,34.2318515502896,9.081691596693052,146.06884187697105,2,Limestone
2182.6922759319596,78.34152863833091,32.84885899715317,0.07866812591929095,2.2561405737761997,28.36625115510148,27.114184623847585,174.55136697555324,0,Shale
2017.5756675541493,114.78233300371127,25.323904665827726,0.11871042529898362,2.3382750111291064,39.08205753374585,14.219682172062631,125.94314112441612,0,Shale
2553.046928639837,63.11179338983845,3.755888339561153,0.08520552118209444,2.2401046228805397,22.40001853248271,14.735119734409881,111.52310185630711,2,Limestone
2566.398927079899,95.60522312357503,40.605598780918186,0.07858716547728695,2.288890583570789,25.5970674469855,6.398489827494996,95.19626367322218,1,Sandstone
1785.9705935362326,60.41948231186337,27.69343831131951,0.13859899748441842,2.2939858779713034,16.787938507114163,18.830699152830892,111.12884799924699,2,Limestone
2716.035364672558,43.66494694573548,47.10775777694387,0.13805576993975402,2.343682512651113,20.263100384872903,17.253176085319897,119.17922533377481,1,Sandstone
2838.3291530940774,124.77147373859621,29.957479032800578,0.18696535993975424,2.2261140013072604,32.70351163964491,16.59789024300426,106.11958718234024,2,Limestone
2909.067850816834,53.68176261125334,19.075964719552044,0.2592392870438708,2.454534733145026,17.63069485116673,28.188169233053927,153.43939235554745,2,Limestone
3094.3163089292348,56.81196229778537,30.187961919854917,0.22585463699727804,2.4229758661988186,23.556872938518858,9.971325820896169,78.33603488929452,1,Sandstone
3263.3236479630204,55.360126020594095,29.251815796494146,0.2246770765308922,2.282783512723653,33.854230607380444,20.428786927354007,103.14404080559719,0,Shale
2772.0396018617253,100.34598729958216,27.832849886135726,0.17179204564694178,2.3418482562672893,24.532086156464164,14.988181677385304,116.1850161468078,2,Limestone
3050.396760745987,76.01043734311193,30.63107121492024,0.09091824244864587,2.4001343036001175,24.213490772975167,2.6460435374066247,93.3887298715884,2,Limestone
3156.1933910147727,106.12173986626257,23.568460027988884,0.11364971052680996,2.332066814028706,27.8742149528051,1.0932715296779438,77.1536804924101,2,Limestone
2725.7812464032186,77.86496954898318,38.767599891542645,0.1634475450583909,2.2030565004126026,9.737387790841021,24.92330607598747,131.60780356294532,2,Limestone
2210.7291452532563,120.33356192055291,11.709055860787831,0.1717007133976729,2.4264862548044803,20.809261362735786,9.72160684419584,106.9702362961032,0,Shale
2250.312430272211,149.1474865329531,41.8806187625106,0.15631067634289197,2.5458435703091093,30.292827969080044,5.682339235277475,125.65600404734187,0,Shale
3438.5056229109955,141.6199734858189,31.812711595140552,0.22384468698830282,2.046400703372242,26.790768033867295,37.29024687864184,169.29138028904543,0,Shale
1495.415594045544,97.22771824002307,41.07311669340774,0.10183681987839584,2.594630390498093,31.762708312958544,1.0781934945668095,95.53489084003077,0,Shale
2775.070386406139,91.02804590155796,31.802847729902364,0.253852123644391,2.6347506019549383,24.41298733943677,21.33885582336599,167.4274669578547,2,Limestone
3215.740037759426,16.816567569060652,47.61501893492003,0.35,2.6922994115341963,29.14437189387907,31.189375543583,138.36508439152362,1,Sandstone
2897.513340186584,52.222844177841566,52.21203394271961,0.2520801553786016,2.2697227784675476,28.713473630243044,31.210584506909832,135.4563522571637,0,Shale
2921.338892221914,45.52315446870698,28.979617991815353,0.05350859499658389,2.365949274750285,16.136386830261962,19.346483823849994,165.79298200011715,2,Limestone
2558.9726678818015,94.33765088776953,36.86288541731814,0.12263013222059643,2.5780034267757834,30.744627696222615,3.1562589823265306,117.19124395509988,2,Limestone
2829.244249288584,109.44736089380578,13.241598354481525,0.11449410246483337,2.251252202338666,14.957092017409455,10.793853560573137,104.00249961891316,2,Limestone
3201.9745204297865,66.05697735636326,18.05316531983448,0.11228114317504063,2.2088194761977635,12.762245834764236,12.294614723821208,94.11818719483102,2,Limestone
2863.1002464659155,136.46011530513073,33.35218346217372,0.17396840012149534,2.1253726922781255,21.02483221194246,29.378846995622233,155.6498159323419,0,Shale
2799.378822012768,97.76250855319634,33.46034410910802,0.13500144114435897,2.2174501282682044,24.183042605755677,17.227320833035684,116.14194131924505,2,Limestone
2285.8360140889654,70.48429653949296,26.102378638835688,0.1927381335010636,2.439674628379837,19.499767098453656,24.529440553797805,154.88165616372044,1,Sandstone
3799.8034816556965,92.03373726114344,21.715918927612318,0.19323536623343024,2.396426788461732,22.00811981479385,14.636544409404381,127.15093730090092,1,Sandstone
3201.0117324582548,45.69469457535483,27.909360183274917,0.14631612046065706,2.2008034581874067,20.10072578074155,15.717407609179647,89.75212251406012,2,Limestone
2559.362843582691,74.77278311187871,19.404814153058233,0.14044701592390335,2.3319264727273863,28.67360975821064,13.016212472068004,104.9978633137279,1,Sandstone
2463.729798625398,122.28341725062853,57.43112872463746,0.035012856918204466,2.5387107366674018,25.725985395236414,6.23390231124019,105.35724084774188,2,Limestone
2635.3407828132786,74.64623547828543,45.09979610415489,0.11232057471868312,2.490769120284418,15.529931245383873,20.43658720490187,179.24981193481185,2,Limestone
2289.803240672195,101.90951387712752,22.49961822356879,0.06486110803710042,2.389510929558878,18.276754747326038,10.553943679502217,136.3347480928777,2,Limestone
2801.851966476653,73.89115440294785,32.66446075618642,0.1399686873662691,2.432649305819933,27.288168919636732,16.24773459499277,141.3384296520759,2,Limestone
2425.0814582047315,47.85994085177783,26.939006066689153,0.10839389470010966,2.328040678617858,17.871947110930975,20.617055237235828,140.04924290908596,2,Limestone
3148.7211430275443,63.42631031093327,25.217673921415717,0.14692790448128734,2.44073123807758,28.717396701886557,5.1940399220281535,90.02068352582978,0,Shale
3047.0454672873243,76.26754412146053,34.29088403610932,0.17718099236455218,2.4265833879706387,24.116501351553232,19.045043877632704,144.01179521830485,2,Limestone
3164.9249136751905,61.887311116813066,33.299587878404346,0.18955767031725393,2.7830987213900213,22.880484833231353,6.120000560703236,141.784727503607,1,Sandstone
3062.3918229620176,118.66958559433417,21.581156497146566,0.13621688200189785,2.2140441835452362,19.777433713181978,6.700223621520864,76.61425040336209,0,Shale
2187.0269278556357,111.13585296837219,29.554551357552114,0.0877343319701277,2.545881180711733,14.46306835295568,5.622747535590127,135.91870998448994,2,Limestone
3672.0130169130643,142.16301882968924,19.406593127251735,0.2822717188952044,2.463100837765441,27.515116922061722,19.859086553495537,147.51427600866606,0,Shale
3047.193045579497,33.88177049914181,16.409335031112178,0.10706912277741153,2.3864851493140793,31.195198543655657,26.59090895378373,182.02618565189064,2,Limestone
2830.2344202780096,83.28389007229914,51.33645604681897,0.13192900333454327,2.2928244341374646,16.165577562336274,11.124829237922308,98.3018374093518,1,Sandstone
898.5381359378582,81.75928608505329,26.61072368650857,0.062333483451892366,2.586696770066926,20.192685135680904,2.216614313968302,110.5324868852308,0,Shale
3148.219454343308,80.98098271149073,36.55919139658837,0.2311391733775094,2.548738989650356,10.473921167060464,9.540376526496242,106.29037942907397,1,Sandstone
2316.1679440013168,89.11867721739654,14.931983551647093,0.131988787390003,2.4338479112825735,26.526794973610713,18.47941112155088,153.69540601250674,0,Shale
3058.546682302326,117.40502117333982,38.01128583911954,0.09412745430177258,2.382309722942059,16.901229981862333,3.290028216159172,75.44545675642807,2,Limestone
2947.5196706472634,103.97142459975039,37.09029775318304,0.09438244010811486,2.5302522523774797,23.539464375095847,2.327380236454683,122.60102883964498,1,Sandstone
2358.74664083904,93.34137439814543,25.121309119262047,0.21387225504696344,2.3040253595381324,23.509556843570426,22.022934221317776,119.5664479862377,1,Sandstone
2993.0433611254407,72.59222564006657,29.594776164730682,0.15580950043538355,2.082978432825265,20.98471805100672,25.417319522100577,116.16172289676841,1,Sandstone
2999.4685708061434,87.14936006096998,44.74460326606835,0.09556532508496385,2.4740395990005464,15.635610256266798,13.321842401375468,157.84691541913867,2,Limestone
2561.13024036189,75.06511236922482,28.095143021948942,0.3065046434283904,2.611062141463884,26.990398830089063,18.329292817598095,122.663214853262,0,Shale
2680.071928210516,132.94869080276018,42.91747850732631,0.04464859457106876,2.3450688176112937,27.125904035042698,1.8801710054708085,92.95063146456255,2,Limestone
3909.2666759765875,48.07516373561116,54.63013688775024,0.32391391772837375,2.5695524554749145,20.837898039733716,13.64398073451218,95.13176488371055,0,Shale
2044.3466045373953,115.21152207411097,49.78651287548503,0.0765723871910343,2.1475004781881504,18.910812025577307,25.892557800080183,160.31820482184054,0,Shale
3285.7910531106327,70.98887240452308,32.997961715729296,0.20005371901921107,2.0,27.760365248209133,40.56977991671215,129.3358112726398,1,Sandstone
2636.3534422760586,87.60445194583374,37.85255359571548,0.10426802729078805,2.347359590362195,17.30014745964962,12.341950638939307,122.64274667409548,2,Limestone
2454.637723001837,62.90742825322304,49.70678391466491,0.07119787374361103,2.3467575561435097,24.55615007075787,10.400388661768565,114.59029387719647,0,Shale
2742.932169285727,119.12307227947385,35.58558153281572,0.2357042861158102,2.30413461452192,23.473169032337008,20.683729953989086,119.17173847436015,2,Limestone
1733.8281641874767,96.41977390838389,28.85829732239519,0.09690562109439976,2.4057638735239726,17.696416564933916,9.82531504575919,115.89293804551804,0,Shale
2554.7391948411523,76.56266600383354,20.499581197341833,0.29815101118007725,2.419210015552,29.644357859600774,24.251612447071082,118.29739107304988,1,Sandstone
3291.015550583772,20.56265560128874,29.785817050476634,0.2115913897049534,2.1778683835295323,25.600698731467038,32.75328906370643,134.31338497919472,1,Sandstone
986.2650046147899,60.68868859858665,27.5344639242401,0.038646684575986745,2.6433377721089784,22.345736578957574,0.5458109280438119,115.52623786878284,0,Shale
3155.5455680934565,61.63974121563601,32.13090574868971,0.1598650815138417,2.337794478322233,15.47781803199235,21.07836191996101,139.70194394222548,2,Limestone
2550.992420710391,86.52143740057299,6.472135301146409,0.06530830246945159,2.910420097638803,25.24496926230695,28.70393998160202,47.87618367846849,2,Limestone
3083.842832106785,84.3626121091194,27.258885246192786,0.13813420690837286,2.3038511970897786,26.49733022467077,9.76603065827815,95.39397406490828,2,Limestone
2043.105011337703,94.27906634511285,41.96260988306875,0.16459886127863674,2.6382164395800523,16.6211833734988,1.1602957694014489,87.02254048189309,0,Shale
2678.3049924201937,105.9663242246907,39.30873289065691,0.12112085520847153,2.4395942169076297,19.400294958232873,5.29452561530794,107.65316589867598,2,Limestone
3291.3700060411693,70.50867704928058,35.30451853089151,0.1140886130457714,2.3365441747291906,25.449436245490222,17.49304082159675,143.58066195605156,2,Limestone
2415.877030971035,104.49966576487452,20.680088747164604,0.11654326317795759,2.4784324806135287,24.070517116090496,10.44036122079068,136.4311931021013,2,Limestone
3285.201673142361,96.94944471009302,15.250493202896617,0.18611641569844595,2.2849617454980025,19.739347181572867,9.317357250365088,79.76962676054308,2,Limestone
3226.020329592779,76.78348152865416,22.27764978658458,0.264304423619682,2.153956896672886,22.04964696605392,28.196567183147177,108.33260905075576,2,Limestone
3348.3797889755033,97.68428616483598,23.13938473456321,0.2811459572389419,2.1629731859900554,22.911085297849425,34.68146608247295,142.64996671317417,0,Shale
1779.2609350942703,87.44319948637587,25.88543490233518,0.09244415547203125,2.335466891912823,15.544848628972801,22.830362036156153,162.3941030106218,0,Shale
2848.163828964534,67.9406868250023,18.21058597892621,0.21410660715836805,2.614156494975739,15.819267368219347,15.863044324924878,145.41338417961148,1,Sandstone
2340.4463746691013,112.29425813570013,35.063634710620626,0.17702659456158792,2.4540215830359458,20.861330202592114,11.281517537642731,116.31322523837521,0,Shale
3291.840353495729,70.6882137225345,34.79119127782772,0.23114439824732222,2.2694119409897127,15.832035560695365,18.96090688095696,97.1112558789371,2,Limestone
3318.8708907116343,103.36133564602476,40.553530674710444,0.08667358993148695,2.571052768362095,12.933438709284859,2.757469106353412,113.67620261868738,1,Sandstone
1583.823491135064,61.73215402959079,29.66525189673094,0.03,2.354650654152727,14.344774000588457,19.83139242475879,167.3260070518217,0,Shale
2783.3887173976254,110.04948578122224,28.50319052084683,0.23724378657989964,2.2888584779161745,29.125550908108075,24.714466588670106,131.97918789402908,0,Shale
1581.9500918085419,95.50099999052588,31.34907116338128,0.06323516017996547,2.3300405131825697,37.11824587387225,15.372220887430393,137.30743482871577,0,Shale
3374.8386484378425,115.92282098176806,35.85991768978782,0.2537312094665239,2.4761828422658065,17.177180919417488,17.068563691437674,134.48355995986833,0,Shale
2433.8903010187328,54.378231542090425,8.407310646802323,0.2711385924023009,2.3363263529717466,28.47309739905378,33.30470467338023,145.58543930244375,0,Shale
3064.03242476012,109.60356439401482,26.59279228467918,0.14501971236285255,2.3322015629434905,36.692873834441365,6.938020705130079,93.26739583143404,2,Limestone
2561.6072351068797,101.63409118289908,19.405785929179434,0.1884354354081001,2.446066211022427,22.236773195823584,15.51091187872781,129.65863004249877,2,Limestone
2293.075269867184,65.62881319151629,40.26014125707297,0.34313015181553463,2.6287525546237136,18.12455096042622,24.642050142583457,135.79191810127514,1,Sandstone
2637.5477232330268,146.90963004700995,9.131514706840626,0.23933897917008148,2.22163921198022,15.684861670015728,30.472443762637656,156.10404413062366,0,Shale
3021.074466696165,84.52946365931324,31.67043104169144,0.062108536855325316,2.547782275401856,19.687594141018252,8.91804146943256,79.44857261252494,2,Limestone
2431.250609055005,41.32532137761698,28.047054202038012,0.11260341118749732,2.299679852912564,15.165660003161738,20.873319643067912,132.45597561298308,1,Sandstone
2097.59882501196,1.6559901104442076,33.209357543208675,0.11401909931125294,2.158328004511894,25.19423206778034,25.22433081709461,108.7635116856727,2,Limestone
3245.73410935258,71.51120173753908,39.38391334059587,0.13080586544731784,2.2690264060941283,16.46884792043453,15.238765986566921,114.66852548272446,2,Limestone
2931.9706171392986,86.3685221390333,32.14014389700837,0.2214812449062085,2.3954636053239544,24.949519045542843,15.932812259472335,110.29663642564353,2,Limestone
2777.3189963585487,97.01597926727858,21.154110531905037,0.14537733245567322,2.0899453913282184,36.47425992354307,20.60736216733508,104.27519099018126,1,Sandstone
3443.8832413369933,55.62056892955864,38.701781747467706,0.13765885966748345,2.3006824334575824,13.268266144592706,7.573510732543719,79.72492731599108,0,Shale
2995.1093463358648,114.3373057213834,31.301510619855847,0.2559898234911844,2.079439062151029,21.108667510596504,29.298834009578357,112.3653343614606,2,Limestone
2986.736850867691,66.2844920730781,34.87786017510898,0.11299103644043415,2.5606787798766635,25.8014364644903,4.272878310920021,78.96065645370285,1,Sandstone
3460.6016414461214,46.44123518512062,10.841309736915516,0.35,2.2388016898649776,18.273044539328627,31.351696569734642,100.63803681910696,0,Shale
2997.7551281982905,70.2924629708188,10.292787181544302,0.14391874852921,2.4001782467455106,13.469985711645805,9.351182863987622,103.30746307602065,2,Limestone
2689.8024131704656,124.18196158314441,30.219732959632164,0.07539462261463435,2.528189808565154,20.487261047367543,15.010819818722965,52.08232001469929,1,Sandstone
2744.2504359502655,54.26964057655274,30.570538368253636,0.10014370613466744,2.32442949538604,21.950605812582936,21.615584483568462,153.05350285127412,2,Limestone
3502.435895788931,42.623238361963985,26.353579458828673,0.1231274954304428,2.188783995378528,12.140385792578332,18.01497283701817,109.07687102179679,2,Limestone
2745.9609190516994,69.05482627822049,9.063025498698995,0.13804577919502042,2.3390828773478405,24.352768752926096,12.295015134963453,104.23781937649288,0,Shale
3200.2364289505704,66.50647287877715,35.20865692561573,0.3167729800265654,2.478882217135564,24.165163657394086,19.173654871320274,103.9109396269378,0,Shale
2527.251114260033,114.04438218947571,37.03156316419617,0.18183608103219934,2.419845432396372,22.849355601374768,11.816922757664749,113.77443120521107,0,Shale
2228.422096663665,94.30239696132197,28.02470662530832,0.15381887102068312,2.571358113484561,21.183421247910104,2.6306943037371067,98.44691578547688,0,Shale
2694.29479469816,122.17307828456276,19.998610787600434,0.20084841133910442,2.480153046946215,25.307699996653525,10.810441891178849,118.31082669784436,0,Shale
2401.4894710625426,42.45955172266237,33.5603246712714,0.1017477147740296,2.155538276857045,39.037737488847476,28.536049354229583,145.35734138405778,1,Sandstone
2735.4127924857607,117.3832134275514,38.49456255104331,0.13175127318560684,2.5088076351418493,22.506046193189267,0.24339441355641078,97.74241903265666,2,Limestone
2723.149660780977,85.33569579548531,11.584343835154396,0.14417259914066521,2.5625528690155623,21.649466136880832,12.040415386220316,147.0153561397282,1,Sandstone
2900.4711776112604,77.69693509499717,21.691173361448698,0.08159754742234289,2.8201441740175364,26.129710650929393,0.05781588237018731,159.76934986868022,0,Shale
2510.2069791822805,55.96570149816579,18.83080488087841,0.35,2.4678119977807045,17.47532512125364,30.188848795029323,121.72498603940134,0,Shale
3312.460586554208,62.73993240897028,39.0271314828497,0.06578424127715882,2.415268638000613,27.125605369470172,14.886559530300284,160.52929644737247,2,Limestone
2957.33309108108,51.555942237113314,4.68569954221995,0.2518669211603622,2.7318542724707067,22.88693254181947,16.011963401841193,150.31995096745118,1,Sandstone
3094.2366917533745,56.08970148252269,39.16328953438571,0.2756130917813064,2.3795092092270647,22.62480032812804,20.842287844464042,103.0489455422452,0,Shale
3434.175436070187,107.25918042692625,24.642853670004502,0.15431909334565813,2.5055093539290496,34.46893970266018,13.516073038947273,156.0955012628506,2,Limestone
3728.305846674846,47.32383174852177,25.06900539023706,0.2093045177781219,2.7083976631633,16.818409643609094,9.091117763204775,137.13556403689307,1,Sandstone
3020.1738494046003,78.42832835984207,21.9662129283371,0.20262578288121386,2.440065500363015,26.09591504375553,17.93634270240539,132.81132518953305,2,Limestone
2117.9091758592153,117.15932142083169,37.52436200817479,0.1519635717648812,2.339444343940258,18.282257471864263,17.2891596474856,130.77407078791185,0,Shale
1751.2673077264712,89.26117228794402,39.240981288407895,0.16837105581806763,2.174572663452211,20.54909252482612,26.793251046714158,124.91340959461483,0,Shale
2800.0972560704536,33.90333434105095,39.4276372515231,0.10586969181319898,2.6244785002490345,23.91932780712647,0.3736227141911197,101.50072532664858,1,Sandstone
2552.2515680284887,78.92093508495275,27.21865661710183,0.08539879491561575,2.339446742459704,18.916022330029968,7.767395335595553,102.6551582343566,1,Sandstone
2857.183678636109,69.79975711977767,28.653559081752046,0.18260645444787094,2.5641505945752106,19.469338813674216,14.679165517294816,142.54415650817808,1,Sandstone
3507.105426097387,60.932060525466575,13.882829343811459,0.21335351422225532,2.124299345536994,13.710705646723369,21.739674392189073,89.0703566381972,2,Limestone
3814.504383438835,42.65293572183387,22.50333049054086,0.1598754455104312,2.2916786840968175,18.188431692648347,5.177224821712281,59.496939224008365,2,Limestone
2279.895502792394,91.64306205286273,14.635402964538782,0.14683629813929577,2.4340529953551133,13.56593915377599,17.0166181224133,142.14052485049677,0,Shale
2404.3167464291428,66.04554394534784,23.47601539537522,0.12838087591634445,2.491736261348832,22.236980567213138,12.005008093046873,128.96006847332018,0,Shale
3517.972647842266,101.9283302934339,43.70138904804557,0.15390391634519,2.4404161630556396,9.448238229841467,12.163207474707326,137.31483720002737,2,Limestone
2672.4483529391505,109.03448623077182,37.16727647717343,0.03,2.3590939114975384,24.12207625534629,4.468390868690635,129.74436708309693,1,Sandstone
2499.7187692220364,44.665807183594026,8.806986323117926,0.07629841758518606,2.181270015364642,23.036873678627703,16.728691553136954,106.2625101247608,2,Limestone
3326.5083459937123,65.84183174507338,29.9959081410173,0.07165293002793127,2.2793498369534273,13.067963897308857,13.724043766876607,129.39632873736954,2,Limestone
3036.157608467498,70.37919491627895,27.711198368420582,0.1502963579944307,2.6002217882030845,25.952921468136786,10.727931694780127,144.61358597728898,1,Sandstone
2636.4113739700424,58.43291319552699,32.3664691267285,0.18953299747593444,2.1732234548364424,19.107254294071183,26.095260202719807,114.80557152894869,0,Shale
1822.5359899135929,34.617804070118616,32.8107222501762,0.2162862161108216,2.325076199803942,27.658243849366237,26.342513179082466,116.22017071868235,2,Limestone
1319.0901715738564,74.36568374081048,32.22377748930556,0.03,2.270308778512043,21.337600575405737,23.014781453225936,172.77051153272947,0,Shale
2293.7358526698326,138.21257219736717,39.950175796158895,0.1784963175251425,2.178357125466244,27.01581954563366,26.401102775473117,143.41918489353955,2,Limestone
3245.0539088118644,87.98692314896365,25.11863719857876,0.08797953077098726,2.4696807416436872,15.012719331339301,13.760137988491106,165.09893299228224,2,Limestone
2381.4072610306985,116.27249407419492,26.476951266508294,0.12736411311899637,2.3275084332244154,23.04709396927477,13.571500546409903,122.99629090848963,0,Shale
1761.4661047334966,108.48788698522046,41.2728112343207,0.1297166756682301,2.3493607418844697,26.17160500151342,20.78673815867831,149.22175417958206,0,Shale
2869.6353679002113,114.50497056255941,41.38698946694648,0.24637829300020025,2.1477196936263114,13.673481513991378,27.80570463467366,119.81020236317264,2,Limestone
2825.0255718245585,107.6854801780063,18.399796180567115,0.18987608353128643,2.2125997079344444,25.116619739150426,20.725901737659154,115.86534600819638,0,Shale
3358.883723042792,70.64933006826845,29.735744786329374,0.11210691866073136,2.3465615175632406,32.46586751453964,16.754113365496067,143.58143465043213,2,Limestone
2925.325979636534,104.31903981735445,53.803877461644895,0.2518143610725823,2.3775108585524034,26.089963908384636,25.435214595485046,146.3173827878399,0,Shale
2552.3283007885193,108.65429084456677,16.180372150129955,0.15701064292123948,2.4961328064856447,27.60564410581928,7.675072399958875,115.77825563093035,0,Shale
2982.10835343175,89.81348318600978,38.313642544759894,0.13792549806144427,2.51358099235548,31.366137582687756,3.8925657128804545,71.16418471487188,2,Limestone
2714.412492200969,85.04018992982873,23.914081944307213,0.18831430369866786,2.3845170919610346,22.645620617337705,11.322167610894553,95.38440419491538,0,Shale
1919.799608758955,109.74910835304384,24.72228124054574,0.0671639340140705,2.322630340360027,36.55651368311832,16.959298563084822,150.92898140860115,1,Sandstone
2451.782353658822,112.68548547752123,41.25930330634056,0.18749467377510073,2.397334790300598,29.36869176268557,17.094144719079594,130.7133822698674,0,Shale
2727.7241328520718,30.82867115080451,21.996088957033102,0.33654384259283326,2.593980136715533,33.89963593552456,32.20206297167149,160.56576156324167,1,Sandstone
2089.0979068657734,116.68457248960566,19.89003039923993,0.072190611170316,2.5507481955779348,21.31841843419151,4.501053489272445,137.69048082330582,1,Sandstone
2189.8425831407876,95.53078915363596,16.35966835160686,0.12180439604166826,2.2379472800520577,20.02335337165099,17.455433133796454,117.1880917636689,0,Shale
3581.0171333460858,103.15609664493302,42.556775257411005,0.26943795000631005,2.53022381264401,17.96668676468557,16.8116359358265,136.0046811980977,0,Shale
1910.240089186301,82.24818931254495,34.280587476511656,0.06067496673968231,2.209399802228144,19.083181198907006,31.704389419068786,191.44965299799077,0,Shale
2747.3058007132618,39.6573369690607,13.4013214974221,0.11919526281750512,2.35940876387917,20.099752406044512,24.606382096454624,161.79023978241526,2,Limestone
1974.8798817411566,115.73352190749206,29.62782141336226,0.12093710250164169,2.2336518646983388,17.645994382701875,24.388139564035882,152.8841511342947,0,Shale
2730.865400586502,79.05475382798228,32.78745754130064,0.1147181460147926,2.589144839910821,16.803793328659648,5.988582215672164,76.6841892235225,1,Sandstone
2209.007288279603,125.72321871365455,25.560735055651083,0.12455669058355072,2.1502816479046802,21.234952126545082,27.59659865711798,157.48237525827057,0,Shale
2688.2527807804395,111.42128793803514,35.967937773308144,0.1143030561992671,2.32694598070584,22.899233187611646,9.417285235213136,110.45269677055242,2,Limestone
3336.302451708821,118.415492017015,35.210286893314034,0.12724799960466854,2.4269601149321876,23.085626962023998,6.653209918388582,121.90305542599322,2,Limestone
1706.5270036049524,53.60839923041465,41.658867394684165,0.11564588041335862,2.2675125658188167,30.586118680751532,19.569286605743045,114.4717289695447,2,Limestone
1834.4892675330502,71.18651073654155,35.14640239981159,0.08196449462316971,2.380400126087433,21.54788655244266,20.11517038262069,156.9768561228627,0,Shale
2827.7297702226056,139.2875391660506,26.40244983394368,0.2288012087007122,2.5165395566668485,24.786925633463404,15.272419700129625,143.24850455549233,0,Shale
2859.59126255532,118.86768962083116,19.44155362566159,0.247772051010105,2.2498862948401195,26.262547204548696,21.83227007033155,111.70053749649722,2,Limestone
2528.330175242079,67.34673016168122,36.14547237650868,0.24319666691093667,2.855136424223093,20.228792481383824,10.649104477035088,151.00302222207506,1,Sandstone
2792.8409072461423,91.92147244107437,20.18912736705319,0.15634239716384524,2.0,31.449605882734353,44.44122637515843,140.88980788881213,1,Sandstone
2217.21716370595,72.68992787626992,19.315625141541712,0.35,2.5409223864795516,22.652709435164777,27.946691251616656,127.59852812747586,2,Limestone
2410.4353204764993,103.42994782783086,27.764929397034898,0.10090473289809093,2.146425143041507,17.279034215589775,16.33100819476798,107.94573322716084,2,Limestone
1712.1286973886754,91.85658846145284,43.25308997267739,0.11577548274331746,2.468237947194586,25.331765140081693,12.160409695364756,129.74416434485744,0,Shale
3322.951145180072,71.86601777137528,32.648242424647776,0.034132591268725226,2.724522420565094,31.06438990923528,1.0646150618688015,157.5735047564593,1,Sandstone
3121.477291319312,73.69857675304188,38.634140715616105,0.2496567077064032,2.1513000793323314,23.467588417895303,26.113864311637442,100.98870542991747,0,Shale
3111.227764763836,69.60591133182335,24.998309026260962,0.033210543410511995,2.1694113599514786,19.847762555403,10.283358176509116,105.3478404614172,2,Limestone
3084.6619497609227,74.92794636786172,19.889628699542694,0.1303859105529252,2.5642768580847597,27.739296770723612,9.145689681118267,139.8071879761129,1,Sandstone
1648.0435537860499,69.49053478367313,29.808469095986585,0.08082096524112495,2.5268250304455817,25.55147143746753,8.515332923305754,127.56041235057461,1,Sandstone
2579.7442196399456,51.031969138676125,34.155379938370025,0.07249712416524164,2.3877187937385287,16.27372166018423,21.32199924882248,169.83483676012855,2,Limestone
2671.1233307833277,45.94328760345915,30.87625155169964,0.12582267624153726,2.393563102932622,19.581446261475943,13.40445218755754,114.97533260948295,1,Sandstone
3278.003880878641,31.507465422717814,37.95267212482204,0.09819386615158357,2.3180516689751918,31.63118809125715,21.70345181058759,152.0572926379589,2,Limestone
3391.140216966841,47.065330866569326,54.50455734131501,0.1258257618796321,2.1914765825761817,25.63999908093928,18.703029572137275,111.90167356191496,2,Limestone
3211.498539082503,99.47713458668379,20.739378356509867,0.03459487549420284,2.2654295455024656,27.703767238759074,6.351686800417139,115.49023650366145,2,Limestone
3048.14981518091,106.66265785010594,24.28261417774811,0.2630102996022581,2.215689604720896,20.938599457054945,14.938274642439609,66.4371344309846,1,Sandstone
2455.0607340310175,139.7146894785544,32.789230971674435,0.15344355501323031,2.408979131408126,24.67025619936512,9.298582975828124,117.7507584624702,2,Limestone
3118.2180879991483,71.49913313059423,34.24548599719669,0.051232740034161006,2.4912070415403362,30.158435530222114,6.69692715898697,80.04530490965635,2,Limestone
3632.286516520425,92.03010439256362,16.01901985318125,0.29367154372147897,2.3219764487534267,26.702388380517267,23.156234964925574,115.66814512381777,0,Shale
3013.8663333361765,58.49256312391212,36.530079383099036,0.3303497816710538,2.2307475244810684,28.24664689914738,33.27919175386474,114.01688260072166,1,Sandstone
3106.586753101256,84.74099694768952,2.435372029092889,0.15621277190422844,2.220105039677428,33.12300494501333,15.14150817774598,99.02738826288814,2,Limestone
2997.7160203687326,90.48453287663334,27.998654457718622,0.1714093872979923,2.2856317128381853,12.983189732169581,14.593186730779989,103.7213201803541,2,Limestone
3413.097391824949,50.243679801915384,22.306688456495955,0.2135570429680025,2.0,30.21436779905479,39.19213602859084,131.8622336406227,1,Sandstone
3336.3159416710937,33.80914864988773,35.20677767080074,0.3054129048835055,2.76034304861428,24.197964901246465,18.30255679105218,146.19833085736153,1,Sandstone
3027.9170059767603,101.30400427477016,32.73594573261678,0.23530753647590746,2.3216057583137313,21.720251408711984,24.920823394108105,139.75620875101876,0,Shale
2896.6890465276747,56.598370943587376,37.203574983935084,0.17136435253799717,2.391912074148579,29.319659195396987,16.96756469566525,121.60840739236009,2,Limestone
2474.2746468915802,48.956194020089995,23.98347571110876,0.08125349187416973,2.3061634050063726,17.770890935655657,16.94031447192364,129.505329637624,1,Sandstone
3072.6548095638927,72.09901959818295,28.062236797843017,0.21866276682509825,2.440494191685043,30.169740749852906,23.70610315679395,152.53935274106755,2,Limestone
3513.5181943024363,28.34338163207517,37.065207734206275,0.35,2.729750896428043,12.398864279427043,21.592357510840557,132.89159815612294,1,Sandstone
2266.7642640233234,109.69707396776778,31.92679929849472,0.10486407235380057,2.6599117423644443,28.720776437986263,0.30131773861919164,126.67266254552447,0,Shale
2788.409780718635,67.57677822644771,39.32828704092198,0.23732278550267574,2.590328414136222,16.572452717721557,16.628399558811687,135.5832156719823,1,Sandstone
2784.039024162036,155.389217882272,17.964331037711673,0.22937663339794395,2.342872120031889,20.481108999742332,11.753167493228313,99.76039069546724,0,Shale
3956.6158667305767,133.85888218740655,47.47059144553514,0.35,2.351824640140462,11.217137994225372,38.97175941525437,185.25398475887297,0,Shale
2653.0819894555416,125.29641915580581,13.907129133125661,0.19109953254092346,2.32219954663478,25.064073298996234,16.07592500430844,117.70919044141196,0,Shale
2621.1493015908586,151.26670236123317,23.91176837576635,0.23559797801101043,2.5853149448070076,21.0979098022824,17.422412991623922,164.84321975296754,2,Limestone
2274.456633723614,108.61306395817053,19.120665413709254,0.12655723326891596,2.5155341272809073,11.06479393788039,9.743103255456312,136.09023012377895,2,Limestone
3312.2775169525944,63.72329096398637,21.945983299344192,0.25643375442321836,2.466096929975639,17.141436750400405,18.48924551815591,120.02483189366673,1,Sandstone
3034.221707932417,67.91876108279024,29.955182036232088,0.3252011845996321,2.0,17.69464816479968,48.19668458486027,143.24340606706775,0,Shale
2491.386432103638,55.70100548705504,33.114083511893305,0.15765279456395398,2.401898883078978,27.58306459321661,23.406389426602736,152.69051967584684,2,Limestone
2731.445621245107,119.66057539067631,30.74681639454239,0.03,2.5648020996334377,17.756867924239238,14.672614279113287,81.15733645558743,2,Limestone
3452.6771669045097,142.29814787427867,29.909172059043136,0.2549430576217717,2.688559087956654,21.19794451207113,6.287036424871899,132.82124709843958,2,Limestone
3121.651769724249,61.743025174589064,23.727425371384303,0.13824629233730562,2.2879529355770925,33.61548430433447,18.780138999039018,127.11062933793866,2,Limestone
2996.6762122761284,38.73486892941404,19.130863050832875,0.16017477532081562,2.404466592408814,16.83610520851162,23.948975435612873,155.45399675755084,2,Limestone
2886.0334180864224,65.52816228852836,33.34126247338234,0.1918870761540391,2.281630490784832,24.144821115092345,21.664609831435115,118.82139705119549,0,Shale
3329.8610287863057,51.83362930269444,40.65414778238352,0.19260065774172164,2.4288440756304457,20.073086877219062,23.85086691371325,156.65968033331134,1,Sandstone
2499.1712640814817,41.24055375859612,32.896698121381405,0.1673837827351516,2.1468079398136393,25.69615425248603,34.08785689970736,147.28623427664127,1,Sandstone
2400.4497100558415,126.72636978474077,33.859567362586326,0.14454085066953054,2.1832568586921783,21.773549222748397,27.16187782799298,157.24159711557252,0,Shale
3157.021882064553,69.002783238886,18.021462546740892,0.12499035804752665,2.667521333752495,17.804086760459967,11.183178288299437,65.36153715454294,1,Sandstone
2570.3756305826246,98.40604650215145,15.735168433788349,0.24916460290257275,2.160495976033424,31.0956708777654,28.37618676541505,114.67836687176671,0,Shale
1517.9335244358338,93.59294616392367,22.928889187067906,0.05686163749960292,2.2909617286562862,15.771164289931376,20.324894077892807,153.88510359970735,0,Shale
2297.620978093111,24.241687134884764,13.015730907626498,0.09620358151480433,2.349108421897743,22.367516262042322,21.49070212979177,142.7312939405376,1,Sandstone
2987.281025724391,117.02248548212171,39.9578351015749,0.1391192529666277,2.037044202620222,14.837728874534335,19.876253611504588,102.71495999018036,2,Limestone
3006.8484799156554,68.72535041542264,39.18804646702357,0.1284001826111267,2.413218294829264,16.73948661117261,5.408653453184641,92.46183700711524,2,Limestone
2775.3219687460128,54.83588045743107,33.61252283363536,0.19360873597011374,2.460804540991611,20.4471948183465,21.17782968590771,143.8265325779691,2,Limestone
2936.457641670197,41.30660975291044,26.636899545493556,0.14848528569956032,2.2812327703535553,19.677296358521172,20.634136857558914,121.72022355815236,1,Sandstone
3453.1935713390762,105.18943956768638,33.654318428247095,0.2962070781074275,2.11382697097571,25.06933317113203,36.891686801022445,142.43004946360008,0,Shale
2217.939049097319,98.1402475669135,29.935384059209603,0.17745579614236848,2.387115815105124,33.42807929248983,15.445222800484949,116.92249043173487,0,Shale
1922.6298307317397,120.30284215624239,23.0549683861519,0.10131896636055239,2.1753671891213773,30.211740536191066,26.22847123430398,158.48122891825028,2,Limestone
2153.607129157688,106.052624974114,34.76010800065626,0.15512892500190448,2.4856085613403915,11.33641720786212,7.93856245368846,109.85844445294168,0,Shale
2724.442525322522,47.44240461893382,27.06307474294371,0.12156719784915314,2.337426192346634,30.976019017333154,16.05928752436723,119.65112203604716,1,Sandstone
3522.7154175691767,100.8228373862471,19.280403631539222,0.16913560962225244,2.172620068349155,18.1220962138155,11.283390556335299,78.5219996494044,1,Sandstone
2686.8893206590883,52.308268964442036,28.11119863286544,0.06467252959208727,2.243374253899742,28.629219728192254,17.449229518291204,129.9595067193292,2,Limestone
3261.224861089677,74.55181809391905,51.41982640147936,0.11822029181176712,2.3116599976539858,12.471220444026734,13.916249600895902,121.97649670048659,2,Limestone
2583.0787746554925,88.9232060435153,42.622778906716725,0.03,2.5945118690912357,22.30256058483666,7.1591568249959465,103.66986954344603,2,Limestone
1597.407485016301,58.21575238345824,17.81288899230635,0.14486077219914895,2.2936772279799094,18.15940208969856,20.735501388710595,114.59924132415809,2,Limestone
3428.933082460816,95.89430198207606,42.83888783270268,0.20449927184422173,2.1534040217389037,1.9845907031854217,15.004505983211192,77.01820999667657,2,Limestone
2954.3457843740725,140.1603683837813,30.701858524227447,0.21889215797297876,2.2457001070314977,11.208997028891956,21.269197532005364,126.75997654089517,0,Shale
2936.6236517515276,94.94766345027801,19.942870195774788,0.16191313080413755,2.3547071777613193,16.713152146733428,6.1468686732414515,81.30299800536565,0,Shale
3268.27510869882,118.77994830117024,37.42995410939152,0.15856749741988174,2.3293183624640195,22.520167428913204,1.3741493976375985,67.84487595260568,2,Limestone
2604.5358172937467,113.90996027559827,35.44322704765736,0.03,2.40178515571343,9.868038863511622,3.4326198829329755,99.99321090555713,2,Limestone
2849.9741889310917,83.08561111463624,27.685819387950076,0.13996132766285713,2.4125338035075563,30.752914815138816,9.429729738400084,109.7479320649445,2,Limestone
2495.313469435881,48.84729847756579,33.49975535625689,0.14560374727718456,2.4052628461385637,21.553902911152466,24.203510616783063,158.98049879446975,2,Limestone
2214.7232791061815,69.40642486438882,33.6358427384619,0.11989842241150693,2.4211506158398786,11.044593435324366,20.206047552483632,155.74044306774803,0,Shale
2386.493827065675,48.80319861111119,22.714711237785156,0.09045786972618616,2.142670749430596,4.743806307721499,26.82601831306155,140.96902799315387,1,Sandstone
2691.5517457885617,91.28666040950534,34.57609741940372,0.24139452348589596,2.19890004701986,22.21767575583001,25.517046988941047,110.33166462478123,1,Sandstone
3492.7014716771364,73.76372707785963,41.67390678701151,0.10594842031903186,2.356342093992511,21.967531992083753,14.612152317162467,140.32948892747783,2,Limestone
1986.663116150929,58.618380566506076,43.88088236640302,0.08519594232260796,2.217518405139744,19.48461172660651,16.298213918641753,106.02179417013494,2,Limestone
2123.293082111444,91.76587014479084,34.01466858481545,0.19898918835649296,2.492868112445742,17.322733147843742,19.959470887589134,146.34434851506344,1,Sandstone
3341.400863802214,61.875063046850954,26.63679628170479,0.16353749062228604,2.5111469366237222,22.89365677744773,0.8355323410979736,78.80585299791915,1,Sandstone
2239.894159615269,47.807324082496855,38.829248055867524,0.2936434982837997,2.5961541670432573,19.243147408284138,28.213632586461287,157.08550031806118,1,Sandstone
2291.8568047913254,61.60779844199389,38.745876458098074,0.16299906236645662,2.284044212717322,28.186109302254664,14.613218956273231,87.95814723001884,2,Limestone
2742.491342095642,93.85281308524085,43.99903441169558,0.1666823780865377,2.3603241091200418,25.45715650197053,14.665521227421962,117.32411235258618,2,Limestone
2558.438907611335,78.32606918067434,42.61761160395,0.24163500556724166,2.283456782349714,31.123605410579273,27.769713513112563,130.1714246152248,1,Sandstone
2920.954503695526,115.98474734299764,29.78637627558523,0.07755390378634422,2.0541189552508947,32.92020887660463,16.05299056639048,108.5344180566386,1,Sandstone
2547.1477077660315,78.92414658420412,31.86047712151212,0.08726575073558798,2.2750626885352854,23.242727662425242,12.691077020737989,112.95147215300608,2,Limestone
2984.0879290007456,82.63787867819232,30.631936038502268,0.11492509266802758,2.2016656270836,23.163528861303604,14.441486578067346,104.63957119159775,2,Limestone
3276.721215301467,54.552406976377625,38.45280304606848,0.28673138104388296,2.5123572856104794,18.291807556563654,21.56591247552503,128.61966012263463,1,Sandstone
2708.0828236224343,81.90050742469916,21.75777560632547,0.2929933475349458,2.092206315636491,27.445670866280608,43.45056381315599,152.84451496157484,0,Shale
2404.208534690289,10.207994797326847,27.531766695234428,0.10281337505930907,2.521648088547491,21.21751103909733,14.198386528871518,134.88663970953408,1,Sandstone
3145.9083840627036,87.57318056203673,48.22392832551398,0.14575221731750768,2.2641315356132496,24.73027056545333,10.732647237917835,91.77638304786609,0,Shale
2786.8665151206046,63.33404874095662,19.97458037995071,0.12362680822808174,2.452548008390453,20.808305662729214,5.46720999305413,97.04982071866225,1,Sandstone
1434.208672958541,60.78490400042179,34.86619480128111,0.07062217531253148,2.518085460294969,13.160318962637849,11.832861087660557,139.3095681053366,0,Shale
3059.3173190189864,78.31544595372546,29.208777776154914,0.20990427761141842,2.418049011872423,36.55247555082336,17.880435227918174,126.42004600938299,1,Sandstone
2496.466575901487,49.01122038419126,24.67206786919553,0.2719604615218929,2.7195169254683114,14.57587785976499,21.79331765421343,161.16694119528705,1,Sandstone
2643.3299297648014,40.9036429593074,33.96271563586086,0.1406917140379668,2.3099828832297686,27.09302077587713,20.94957140441819,127.36960195960671,1,Sandstone
2875.714191381903,73.21315773950822,54.76929133723412,0.20235281993885063,2.3787643857614835,22.185092002321042,22.732349445959407,140.3375811362902,0,Shale
2774.4387049892052,110.43679628272511,21.269474403227726,0.20632580250883928,2.3396167164513955,26.949304226372703,16.37271717374537,113.48956563291077,2,Limestone
3082.534653271722,72.73859404374097,27.863228294117842,0.24790726134090096,2.7676799230070923,24.112069546545186,5.869057314552839,119.93798591769931,1,Sandstone
2742.6451390023362,76.50086947824906,27.43266196519947,0.1551369677394293,2.4039901652210682,25.106324584162437,18.62061103956255,141.89324892966312,1,Sandstone
3454.106063609683,87.00045803019961,31.06435416431289,0.14851861818548812,2.234236262128401,20.90611179569804,6.366726895889115,68.77705931421966,2,Limestone
1300.9787029807853,57.16234484877,12.58430349748875,0.03,2.420608961040136,12.800952427825992,20.12761325767699,173.92524165518213,0,Shale
4096.137423866034,88.59306566108046,30.819054126040733,0.1078748050576064,2.4406338237043856,24.269553893907535,11.986720138270964,155.46526471223947,2,Limestone
2142.879646093634,104.71398842667944,46.54513280865034,0.14319031963488255,2.4129183974279536,17.18174559361453,16.032688200049968,137.64128736147396,1,Sandstone
3024.7069976519742,31.79767136198369,31.29002758013784,0.11088123375877974,2.2919812229034644,22.03530266710224,25.74974281876637,158.4981988249424,2,Limestone
3142.308112417558,87.23933115889712,28.928727828293237,0.20306612939538815,2.2996876960763846,16.206549962740965,14.454550178581686,95.28506251898757,2,Limestone
2644.4524349210005,42.38479422859524,28.47455052362882,0.06544648391407425,2.328003234099799,8.187291693585692,21.35675719793479,159.44549731214568,2,Limestone
2342.7781393739056,101.68983474617505,26.986681385966175,0.10672504528246929,2.4793665010865196,16.320340538730715,10.354141879238224,137.7879630799659,2,Limestone
2771.675761769337,88.84012830079004,30.212330657758212,0.23629849100284916,2.5395397332903777,23.317610090881292,19.35700787119351,146.18018401042937,2,Limestone
2479.247022572251,64.71268569186,22.31929644535632,0.11314788494495878,2.2115916332508228,26.174318205070456,14.12997665088627,93.30946924665045,2,Limestone
2748.5660992945604,33.58121908136548,40.325617203605525,0.22546063030058222,2.6847807266160224,19.9068880168528,23.7845383273253,178.32966477803112,1,Sandstone
2941.0390759008283,75.42129529389868,37.561151761751816,0.14262429938050053,2.5138201595655456,21.02163232163815,0.006191232805704772,82.29374682499869,2,Limestone
2931.4986335982176,73.3649564838529,42.49821097053679,0.11324639084835482,2.397037179238552,18.0971560032447,7.408209887063889,104.67969323565735,2,Limestone
3108.8752289778577,29.013157523832334,26.809039657489762,0.24355070110608168,2.757100765038262,16.595129553931816,20.05216938960516,170.93921329152937,1,Sandstone
2954.8914952629693,122.03119324266927,50.14113723359744,0.136291193751652,2.3968771698832376,26.30758831493599,1.0048490125714817,83.47803544649841,2,Limestone
2299.206759848494,106.35127148378974,43.919915761813314,0.03,2.284018098315034,21.110864257578147,13.239965108549239,155.48760534656304,0,Shale
2855.1713222457424,129.23100687142633,35.844887886474616,0.2695232155859412,2.220882353641171,11.390418942991083,39.1937661569727,182.60471308890777,0,Shale
2895.4719229956595,22.88913851006957,25.911038250105044,0.21153223877115684,2.715845481249549,15.973958426202461,24.174016539090907,188.975057624351,1,Sandstone
3129.64453518578,51.29895256199943,34.66147130494954,0.14177752238895677,2.374296569530614,24.058291184164258,10.609830637743325,100.44829250541004,1,Sandstone
2874.1863116809686,91.451944701989,32.201098237936634,0.12013287316991876,2.4699747308489464,19.17014452818905,16.024534439215262,160.8783391421973,2,Limestone
3190.491246225026,50.32549581359151,31.318177325967188,0.10395043660710897,2.359988162928029,15.445982212293938,19.639286038604038,153.3568559453476,2,Limestone
1729.4149281187615,79.6575842916517,23.344661329913208,0.039350535406433046,2.243633733718879,14.473593641634992,26.57933439116001,178.31944696031724,0,Shale
2324.962397452443,125.27721149108008,33.13238249000712,0.18486887274051625,2.314625387574559,24.59827827162368,19.31494939881569,129.3890312463356,0,Shale
2456.686756158161,101.61344035330619,26.87868632458713,0.03,2.626263300223471,22.36806198544518,1.8362814978378967,171.2376003922626,1,Sandstone
2601.502249304527,74.0498594143059,36.29476497114477,0.31472931371070173,2.5894469101447775,18.073325598692158,18.002600648514537,114.47284253797038,1,Sandstone
2907.6344967138643,28.684774469698823,22.123384081895928,0.03,2.0896728970976732,26.274300069198738,12.483130328269507,96.92075307994254,2,Limestone
2032.1074521279122,123.58964642888395,24.145549790800317,0.16682189242142315,2.148726655659744,32.13293315381606,34.14329524398113,169.77774214571286,0,Shale
2853.1077018549963,36.28139526926842,23.192783908822953,0.1385562984088078,2.2618248488244506,15.372250155436044,23.105252365422935,130.36671567402698,1,Sandstone
3267.104494320417,98.46648165560342,26.411736290564505,0.30380924760245037,2.322029188178942,37.16206250997163,33.00386895798802,155.3181543261187,0,Shale
2423.225886434579,85.75887021395317,29.74230644122743,0.0744727679198145,2.09053347640598,8.07108794753453,39.602468249061914,209.03301827414123,0,Shale
2937.2395591585177,89.800445965912,43.18607828178045,0.09729890065760978,2.310415402256834,28.18625643269597,7.0439870842509125,98.28121581657868,2,Limestone
3071.734708174599,77.92562914060022,14.251200125372653,0.14841747971620772,2.4419411940747096,26.58759758581348,5.129723104580103,93.30638674391979,2,Limestone
2798.195362876854,36.00730376418716,30.136556638374575,0.132261488435899,2.509891232944093,26.48872019351125,8.484203614323373,109.50823008992762,1,Sandstone
2420.334572084599,90.49845661943888,26.46182473787819,0.03,2.612269526629909,27.77564364445991,5.674482387317315,115.02299607908142,2,Limestone
2746.4923036784244,56.81468178815009,24.75107434363515,0.11109722322613479,2.3715465111534333,24.173105932628165,10.70534973400358,108.18094292059365,1,Sandstone
1996.08441120631,111.16414927984115,32.48462421131291,0.12805135723837532,2.276818889370879,15.380243543052242,23.49597442136932,152.90376433768714,0,Shale
3240.311678933435,45.33896693175399,41.88474966503524,0.2615406209709216,2.2298224593127585,21.069627731809128,30.54558912697206,123.74586936029709,0,Shale
2357.468916799945,119.54353954425457,15.319783512326486,0.09778296086277827,2.4727502458217847,18.070093068347685,5.28900705408671,122.40083923643198,2,Limestone
2083.1620685319836,69.27571081735762,28.418106201778006,0.06021683283326884,2.68498496164254,28.986788155073274,7.987446829399193,92.69432051343162,1,Sandstone
3127.1903143198697,26.672752942242624,16.484525457357663,0.33215249702035393,2.6264464641127607,23.355051004223842,30.18249225924946,162.3184048950808,1,Sandstone
2895.675383549509,86.0338278910482,32.41078976405813,0.2500507513307203,2.295574571995231,22.68112897886765,27.6126599804955,135.52239381237308,0,Shale
2684.5276573799733,46.93453093698037,35.567959468277806,0.1298729335547124,2.289909930453621,35.47712808134959,19.200229705261876,121.91410520870892,1,Sandstone
3624.158350254338,54.72195366781831,31.388639892005482,0.1798095299087453,2.810570506034117,18.427453688541906,4.537353436279549,146.26742658170707,1,Sandstone
2830.9524494854604,145.5124059033241,17.830374231564804,0.1413793737447446,2.0,22.708296800138648,37.339789981646135,176.54727780674273,0,Shale
3126.2986165888888,59.201162523325394,14.272495943085111,0.03,2.2004183492425664,21.495222501104582,10.949103361191787,131.87367657729342,2,Limestone
2522.231042509664,26.69575996614646,32.41267375265534,0.12010630282706372,2.110533379285402,21.63478973547879,21.872152237846542,96.04465031184081,2,Limestone
3218.5272829968694,138.69085901583261,26.498089696459985,0.26212690922382237,2.333913780748955,29.311649046006977,20.038245419007467,124.8860303701214,0,Shale
2437.7595636049437,60.48099293169058,32.31792762625925,0.05259642712930715,2.529575521320044,28.018822019833394,1.4535750149871074,98.66749352449597,2,Limestone
2724.3621517868446,84.38276313088504,19.264565564761106,0.08462159354187855,2.454961839539343,23.922769729069493,12.11347605919274,148.21333910694972,2,Limestone
2162.1589930998684,93.15212172137034,26.205207439882557,0.17672847559661334,2.4824107281909913,19.83121402501923,17.755116104591405,142.9709462668529,0,Shale
2576.1149343546313,104.00089446686576,24.929717372089762,0.0851684856030976,2.6161765550542344,19.58399073257961,3.091061965575552,140.4634343425738,1,Sandstone
2136.77772987881,20.568489163855673,28.903451508825405,0.15210486654477345,2.289043629206664,29.228055614541553,23.43526758578136,117.89152521554375,0,Shale
2711.9377737735176,57.58456814212449,51.63976333301581,0.25053670777546494,2.667233904378574,30.73298975247366,18.931595393873238,151.4105754357318,1,Sandstone
2829.3254501441706,74.05834400434955,16.829018032450215,0.1363228391150932,2.0,24.92026318195299,32.51886045793995,131.67468420219708,1,Sandstone
2432.13424010213,103.74032443595537,35.08368676721951,0.09171149120306084,2.4140229801794852,23.79056739689691,10.929369590076337,135.5503068600531,2,Limestone
2570.66042042527,140.25013065726603,14.690723674873535,0.17093416116771398,2.6715658766582635,15.119301408240705,6.6779419001360925,149.2198406280485,0,Shale
2726.214710130369,75.45388265498171,47.30815193044743,0.09560382554494051,2.3908043179780303,20.670379658904103,4.851109349749958,95.99954733623073,1,Sandstone
3094.6570406247765,63.16755095307049,38.4635142620602,0.2542426729660856,2.523301883668297,29.445635124308836,18.07077356317445,126.41983833342799,1,Sandstone
2537.219582778408,112.09580805819539,35.11605090369021,0.17281282631147188,2.6372139533414654,23.205554239391475,1.6310133597488505,109.04878020383478,0,Shale
2991.5928644988967,103.4423201376918,34.62912779493113,0.12384940734827404,2.396637791382321,25.911049431882134,2.135864775232001,87.27815789293257,2,Limestone
3183.8583806459246,79.36316034227245,48.23358962036466,0.2761992936245774,2.4703199731312657,21.13247939604131,15.905761740423774,105.52122322838461,1,Sandstone
2756.8232335414145,119.05945819752036,35.55858459317407,0.23270235230753505,2.298081160094125,20.533600986774935,27.31887063007925,150.00730464328961,0,Shale
3740.2183728750533,74.87138738021518,20.252648180875795,0.23892217263566512,2.261704691140449,33.9876892270774,15.270399279336441,82.89884140562195,1,Sandstone
2174.0802002293567,91.40350760434863,26.72184689760642,0.11058080164778937,2.362610051887176,27.70766433325919,19.237712809059982,150.642668872552,0,Shale
2522.977328899193,120.64142227799502,27.85305452613163,0.06249380536963206,2.526288823952085,22.012710526104836,4.175302615673203,103.17852320183177,2,Limestone
1984.4243561645194,86.03560165629186,29.630588135325016,0.09032357767390782,2.3433771240071217,31.073409463993592,20.57912093172523,156.26004915736476,0,Shale
2949.765600553897,50.627554203213265,25.908349307860586,0.13803051108981934,2.248916257450178,28.076153227305618,20.078252477022872,120.1735036399537,1,Sandstone
2854.5890044434545,128.53752277460555,8.17898705799038,0.10593420371453728,2.4918743460540154,10.49300402921186,5.999973024765161,79.9919674471004,2,Limestone
2694.5933765293016,70.49045984117916,11.918770460583762,0.13279906122516993,2.348129857517074,17.20071600691992,18.885017682598033,138.10084898127064,2,Limestone
3044.887660788733,83.45332085560003,15.847660691335275,0.20214357978848202,2.3858542295537695,21.13885198346226,17.433781150161742,122.71008264884925,1,Sandstone
2494.6927061201704,128.49712024585173,38.569052705051,0.17457657656038986,2.260525439073811,28.67289437683959,20.222821292197164,130.49684562937918,2,Limestone
2975.2310394303277,54.72387684705225,36.93825412856018,0.12621743584205428,2.4384115218534403,33.452657640266416,7.475761174628807,102.33958269083179,1,Sandstone
3536.8308765298198,74.3044736736116,31.92368927037511,0.19431028613652038,2.268391220335865,19.910149629735965,10.076418023282837,72.9595498576841,2,Limestone
3037.2278170215977,116.79407200554633,23.515851910411875,0.24157108856755113,2.3212937626848102,18.480305586641485,27.62506436738763,155.32961095806326,0,Shale
2938.612274392138,107.33257416458837,34.892397754123564,0.20664950365695825,2.202954729791963,26.904909884621915,20.577660982033336,108.83804516409747,2,Limestone
1800.1403814068776,66.1291013270702,18.82802334259555,0.10742887720683693,2.6007911679136857,30.006894104461022,7.364765427483997,127.23828272292194,0,Shale
2604.014890559746,86.31525369466871,44.13372924685207,0.06443570446459645,2.2223172631818415,26.627151431978437,7.291273250394904,89.45991007951991,2,Limestone
2879.6904216746743,52.23168925238,19.600318483829486,0.06897032293476973,2.721839937788328,22.707065956847803,11.40556566796177,190.51334210890872,1,Sandstone
3624.8472809487384,79.342703255078,27.929760393139688,0.15750005928169783,2.5320262094278583,19.387546176291483,22.000931655876094,192.20167907514565,2,Limestone
1189.6523991884605,73.7386997466986,28.300208137890692,0.048362866785240904,2.546151146313276,17.75887959091394,5.081646839561538,122.24324402896208,0,Shale
2322.3682059821467,105.95216664133383,30.288724801744678,0.09710135164685836,2.17217222990916,26.705021042346857,27.738508870471804,166.58431078174013,0,Shale
2932.4104265213164,76.25298827766579,21.770964090235257,0.18784222377911083,2.0,34.07032945265648,39.3491394730265,131.10034069029098,2,Limestone
2941.995124608331,119.19460556758048,31.398252713260533,0.16586769636262202,2.2093570820074446,22.261861821277524,14.64785320260497,100.84619878308378,2,Limestone
2830.022178292766,102.53033670164865,35.66120946949908,0.18489777714793323,2.448275345884838,6.810501228992527,16.90020426109383,141.40673764725346,2,Limestone
3032.4048621881,55.609231787533204,30.31769712697635,0.14987498356797604,2.500641445086417,24.15859422499612,5.427102599296639,96.97047143160486,1,Sandstone
3688.9707402087115,123.01301690219978,40.452075820322506,0.26441474879252924,2.5049284134937255,17.63866370077173,20.71490666613863,159.2101753631874,0,Shale
3829.1295976391275,55.25182788188805,27.809414119753914,0.2277068984402741,2.68853287195271,24.26583743071985,8.65840574941295,128.95657652028368,1,Sandstone
3509.609397239208,64.9550832486086,29.826158904573447,0.22165559683297373,2.2085569116912076,19.668584519486377,20.228789600233082,95.97545109896734,1,Sandstone
2596.410345673815,71.73237731870654,29.17409674583488,0.1211286243402806,2.6697917925544394,25.20437773790171,9.563929660151855,157.1294065057739,1,Sandstone
1345.666990679675,74.71247658943341,42.60951685480927,0.0473256014240348,2.4786024243124216,26.939769966131983,9.286643152660854,131.99403671939345,0,Shale
3206.3690226839626,115.40002047555873,28.714489656148704,0.2321586003679624,2.501921179923831,32.27384637020154,15.99813573879439,139.5147367832355,0,Shale
2873.283906341408,53.726161025700584,23.46309313003743,0.12477209349813716,2.5063045517386597,24.580465890204913,28.390795147578213,210.56882115230798,2,Limestone
3069.1566000963253,70.7349418663397,32.279472620626095,0.11028648507794753,2.586639404182524,24.789769873036583,6.802637172788227,75.46802624719007,1,Sandstone
2604.8780831134723,96.15210973155034,26.91135369426845,0.12056203080825667,2.4025003906399482,25.335982309428665,14.559729524479103,139.77267043637357,2,Limestone
2267.102301083668,63.80373977963038,24.453331254119316,0.0746518770809595,2.0470227535906873,22.727462390922277,28.689396638814948,141.13751697427568,1,Sandstone
2589.7001406213226,142.38685625695848,23.029210871993033,0.17335000077984394,2.1442413241349,23.169032913913583,26.757344249876084,145.73173175393052,0,Shale
2786.673225720901,123.92589965223144,30.848882415266672,0.20053119440216638,2.264521490597644,22.78214321594266,17.499680875341028,111.64811661545434,2,Limestone
2396.1181096072746,42.1829843950619,21.093318667542988,0.06040684236061189,2.2267549732870338,18.01532371222172,15.156607110587448,110.754232286557,2,Limestone
3548.068969005337,47.624020133588004,41.84695797881003,0.2375709662533134,2.0,18.767137846617295,37.30316889472917,125.49590336824212,1,Sandstone
3101.1483830300613,32.31332065240109,31.48463681546889,0.19810944069141553,2.8651534174509705,23.839718721891533,12.562073869536984,172.97388754429585,1,Sandstone
1976.7214113861073,106.8109671082943,32.9919562218009,0.11232588341564197,2.281150337276822,17.644674497008037,22.100613263308347,151.04671806381168,0,Shale
3413.0754593384627,84.09269651285396,32.52927204213126,0.18428573439692247,2.2423175361971865,26.895121060471098,11.032904504580726,77.84933324167795,2,Limestone
3478.942115317169,77.75142993641626,14.39566532194969,0.21268208705588926,2.099654219836526,20.51885264493488,20.426916458960534,83.98102724265368,2,Limestone
2683.348922122049,124.83722391978947,30.517178848131874,0.208756524442629,2.4624398533964578,24.847623538208566,13.568508281876452,125.82447411247233,0,Shale
3270.7462458205096,103.96035875181434,31.782397439050555,0.1982612881782043,2.308080076895759,18.67573369547152,22.291758952162567,142.01967363551825,0,Shale
3473.0111701732194,108.27468917913028,28.86857463369024,0.2524425811543213,2.617628730025143,20.52304105408887,14.489768570466508,147.5778684534258,2,Limestone
3312.7400414846597,74.13470571616513,36.388688736788815,0.18813425685029234,2.3741527666739883,21.050619180934685,19.40960284807911,134.87384246939666,2,Limestone
2669.3685571104675,119.84000432436704,47.634040459185215,0.20042340029216574,2.392895159135345,12.87134744760709,14.721574479757889,119.4984936986675,0,Shale
2083.736675193433,118.86885052774986,40.69691681739608,0.09523346303361585,2.1977751271612425,21.794120015501147,21.858761588178787,146.01751711575187,0,Shale
2327.152776606238,97.23298922833148,36.727204878601405,0.16358449846440418,2.3933074555651945,25.22419254960895,19.51685132969824,142.84933792697876,0,Shale
2541.0176222337554,114.75941423542855,37.75230728837754,0.15547319552817782,2.3300017578230996,32.25823540364398,15.843265837676089,125.61986068337934,2,Limestone
2856.1968685623406,133.40647775479533,26.058419034739263,0.17580864612077873,2.2700891047428238,30.214686206048505,11.76100181966446,98.79211426077767,2,Limestone
2107.8453382952935,28.17115957745964,32.457850173811906,0.08151265218216977,2.2807235025159516,31.31488224271044,23.16692043680706,142.05098354457593,2,Limestone
3015.6156729881636,79.54730575125747,33.707055671155835,0.13982256336755527,2.4877550139439273,13.915940685043374,17.66045407408494,162.60467554398582,2,Limestone
2329.695587023997,111.24652767884314,36.4837277770979,0.20439647112067036,2.190990029934524,17.359510440309904,28.77931223216695,139.10318155006814,0,Shale
1312.2140602519503,86.93756671312845,15.952347783329992,0.056052778673507136,2.38975965570501,20.87817092309631,15.33790233544827,144.36032541162112,0,Shale
3263.1707594778436,34.51741810086075,41.92769001647097,0.14505516234749571,2.4857391335564922,4.634889654570497,7.360498212027535,100.7264498452178,1,Sandstone
2468.8940864934425,86.73101539857511,40.611317569487994,0.047873107054994535,2.179984049622137,18.3128239649588,7.331976799086832,86.14231284184702,2,Limestone
3063.402291800003,78.31465398756058,28.37043689194159,0.14982498292560792,2.361260368202111,6.2398914640083305,9.523548792085858,98.41162442016567,2,Limestone
1922.822007611138,98.3694229603089,36.07255017754922,0.1613949334551985,2.514708965861279,19.557809038323644,9.59924982632659,115.22240186665351,0,Shale
2795.311009963686,68.907015269629,32.523982066520496,0.09145493433529733,2.2859722824852184,17.435596919337936,19.188612599801985,143.34603791693843,2,Limestone
3348.1868473991954,76.73969589187648,29.976565968504797,0.14241871700517977,2.153074699648924,15.550062597217567,16.466174784833,98.07270308808765,1,Sandstone
2453.935308382766,52.83213984219355,40.74273297420122,0.10264610262645667,2.4795953682984786,1.1382519754435805,7.7941244597743635,112.45163106214744,1,Sandstone
2493.840838627193,139.2524573448627,30.617882702296484,0.18572609323768816,2.4981492547430393,22.39953296141753,16.05304854413008,154.39589432674373,0,Shale
2492.876848239228,54.79937719296407,38.57322191906177,0.32708580393732734,2.3553520406418085,31.586049980229895,33.989444998822364,133.511475823389,1,Sandstone
2499.7367194325298,61.8352820897247,24.672989124450222,0.1483309873744123,2.271305081561468,24.274741798415423,21.98183647612118,127.58731410981554,0,Shale
3009.2764395850745,69.83492981065083,18.614192662656173,0.14643639502110795,2.3791069249916763,24.432125015974812,8.214841758510914,93.29111125990062,1,Sandstone
2884.030991193337,73.17661202386765,22.940148345010893,0.06653255560904539,2.65932060481485,21.73240796802866,9.8313660475674,88.58645692485587,2,Limestone
3097.044197436768,78.6653700428425,35.282699389151055,0.23299991816516827,2.4004084382469313,14.544615983201766,18.596908745599436,119.00096838398966,0,Shale
2979.6406533046966,74.50155455036484,22.015272032003676,0.20836602677690197,2.500442554044013,19.569694282326683,15.994379026696997,131.04289147315976,1,Sandstone
3072.536522392954,66.46851014605238,22.096686183015322,0.17230712368885037,2.156789859877458,10.54250339681859,22.965591473315918,111.49279123619915,1,Sandstone
3278.0118208904355,105.59215770080424,22.850941529504187,0.18769704243504112,2.3650198059924175,17.058141220866137,15.230565572470347,124.07964511113106,2,Limestone
2380.0418803985517,113.46495944813057,46.238614123221424,0.09431787932121155,2.5528366015857746,27.40686178317535,2.0636987193845435,121.59704141235026,2,Limestone
2319.058771072164,59.46290759234572,34.16396258743897,0.22157064978938515,2.180517929302806,31.645704320946678,19.70267986860896,71.65884549093084,2,Limestone
2603.1064368942193,45.23481195656521,43.354530617017424,0.21903892501176808,2.7047004923840166,4.3973761166231355,19.906787854895146,168.33913062430133,1,Sandstone
2457.688709646075,129.38419849280456,28.393351516252785,0.1279114988808297,2.4497952066444215,27.32573778028238,6.214400277333685,116.4689265862732,2,Limestone
2905.4386213676135,127.9196405921538,28.214177304857746,0.18308279967842808,2.1103479777631113,15.615724436526566,20.162694397089314,104.67941588758113,2,Limestone
2367.620348300973,122.21947128145473,23.94430344696568,0.03,2.0,16.01879743145878,42.18741061953494,205.54549283854428,0,Shale
2660.7385975305524,28.474353718139284,30.206925828542598,0.14757421718813918,2.3650415203095845,19.775534678234955,20.996295608737967,131.32230299522416,1,Sandstone
3825.5898770469585,65.4899762210777,13.88301558062805,0.08546701662707584,2.267882307451183,22.489931348636645,14.663810361056463,132.94913190476797,2,Limestone
2104.2038270172357,33.73971095442907,23.691449612875807,0.10832227875394697,2.1806504614764437,20.640132258602147,22.18825359237148,111.59964099280516,2,Limestone
2563.0491703254443,91.71512943237094,29.15092676464646,0.21710774133603755,2.5888781481811636,22.37099003210872,23.601904851493707,179.95819326638542,0,Shale
3269.2773673474708,69.14942297796952,41.13000699138681,0.12454621907079438,2.4026976063708587,20.994210847069816,2.3590885184638335,81.19098629365261,2,Limestone
2737.451536207362,116.4287553121338,42.931480750212714,0.11114419147299644,2.3906404045730762,18.85928542099326,3.9426283708734147,100.1595205754168,2,Limestone
2927.5295776210587,75.40116270764415,14.609450784295316,0.10431060150705761,2.353444559951394,26.7835137912402,8.160333578291752,103.94075961653448,2,Limestone
2656.7360558998025,95.01949106881499,28.805768392641575,0.09107985873057632,2.27720645711571,19.98309998369349,7.767757839194231,95.9568141937863,1,Sandstone
1858.1576115998032,130.12076064769192,29.91586334028635,0.15368840417813215,2.4728672759197354,26.629135185256715,2.8616521339441743,88.85295471402927,0,Shale
2671.227747595425,26.39344377144465,30.689310523084725,0.07834909692611665,2.1295393624700054,23.33822814895885,23.05789379276132,121.42678707730121,2,Limestone
3262.7556911409065,37.14742963069746,29.388042588920964,0.12799776384488742,2.322663046201344,22.370625228259275,23.888082123895387,154.27029591987173,2,Limestone
2682.183437127281,90.73916832726624,32.43620021489824,0.30460335276926476,2.305095968624217,13.221392492501806,33.12692005149424,142.5851756945492,2,Limestone
2041.6051137654767,70.18860321023331,33.89865158065717,0.03905048562406335,2.266544533198571,25.85941251131536,14.600051839100821,127.87355785540001,1,Sandstone
2751.1109714767363,72.87972263259827,26.49047257861912,0.17475859703757307,2.497503652882952,21.900015200212337,18.012881498030264,148.2280688364731,1,Sandstone
2478.9503345869134,139.37243997412557,25.53273134277171,0.2082554881718846,2.2573706179311523,15.701955305459231,29.373138165739114,163.94416142985872,0,Shale
2298.6420295244425,99.11989749888511,25.466353457291564,0.049239919521847336,2.6523325168995573,21.65190943363642,15.45394810545504,68.65443026042041,1,Sandstone
2795.6299090372777,70.19332239335272,28.349173376290143,0.10281643406710905,2.6675055222387023,16.21205446662966,7.2172811218331985,154.24274463700246,1,Sandstone
3738.0239465849077,74.02737344223101,29.02205002915797,0.30070843328363167,2.353430519358821,19.143939999874892,18.565369995417164,93.00044353222994,1,Sandstone
2743.6582103782057,114.35231950965512,42.93933523105714,0.2119467970244776,2.2919169629925706,18.009158204293527,27.842443346351693,156.83997285963517,0,Shale
2849.2237853646575,101.57067371328606,50.30545723224202,0.18994837500992992,2.4294300047349893,20.12503073115243,12.61559124898846,116.25331047653854,2,Limestone
2578.1567191565346,116.61265212034131,36.60258706706549,0.11737059557914502,2.4429050162647177,17.696302161905987,4.886944404776003,109.99106831819196,2,Limestone
3242.396549105789,97.3146212798642,23.551910636065166,0.23600517746804886,2.384517956440228,26.427609557572932,22.040186943802958,139.0493170140594,0,Shale
2721.666914388034,121.30369677168736,22.385444432361492,0.15104468004839156,2.299317549052622,21.23201814871963,12.034109913071084,108.35822810084518,2,Limestone
3286.2828262953276,146.3046234079237,21.467818818581204,0.2492454549078988,2.4113280003755855,22.30645782679047,23.17005157001006,161.4917400723973,0,Shale
2975.79733685594,96.60476601333978,21.819210126940227,0.09626575528115328,2.4195599312429894,17.758939922112397,2.8905080337461513,75.37637453723082,1,Sandstone
2517.684400149581,77.59587995403024,17.08192546332884,0.3058344786590602,2.5385949653802005,14.695004042704802,18.625943877766698,111.29622982999109,1,Sandstone
1742.350897749776,98.01412844558413,44.639007861743224,0.15030844614996963,2.623496584562275,33.50355720702443,0.5599281613654696,94.78129566117872,0,Shale
3025.606983600735,67.06150045629299,44.1484013645926,0.28846434588971426,2.42389699576111,20.206096015768953,25.038248844845626,128.9248839756459,0,Shale
2286.359483676039,81.76182974965552,28.814657659711358,0.17373333596452617,2.3631253581134892,20.312238083982585,17.58275649777644,119.1144340165381,0,Shale
2290.5054396936634,66.49087032367663,52.58460796154644,0.05216652042853662,2.558532510879465,19.402142408546705,3.086414566547223,96.72226698151586,1,Sandstone
3035.507269246179,136.10155137813692,33.15309626770591,0.2510407750392226,2.4243549687979438,17.03076576604422,8.587123434604273,89.13062815274237,0,Shale
2614.9781294137056,56.37580052959115,15.261591031902842,0.12539721768580667,2.156522727144258,29.370798942541256,25.770596130778006,131.768158799523,1,Sandstone
2498.6517916987664,95.41859233492995,57.48782415910065,0.16261349837836062,2.4166461306986076,23.75221433038545,12.710530172008323,117.47795747939843,0,Shale
2883.658271367594,66.93368621084151,22.70438921852409,0.07304947647268688,2.391328623714426,18.861496019832042,20.002515707337427,173.32103818670527,2,Limestone
2010.1857115592709,97.88246411514527,25.665683623598554,0.16135055332536635,2.5234959775173182,23.431345189250827,8.433951879675723,112.38237314376285,0,Shale
3378.2848581729536,80.52677827933766,11.424285548330829,0.1264900509307744,2.312322583650272,17.01842709567969,5.039247598328915,81.54033151333795,1,Sandstone
3065.8670460150624,161.48501649937174,23.396687371998837,0.2279889931020689,2.095395260037382,31.54564815132463,28.851162972527664,139.68909199941353,1,Sandstone
2468.0347294138874,27.279046203537348,28.38310891974939,0.057439993466292985,2.6223983541244933,20.501962193150426,0.8067005649061798,113.72239503250573,1,Sandstone
3543.1953984069096,70.80044751095535,23.30643903749705,0.2368409828076015,2.538957827510868,14.395978204200572,10.919497013608325,110.43794447337122,1,Sandstone
1619.1342422135433,13.702588212659549,30.66178831865103,0.05647264004015927,2.1304314926067267,20.109618342405007,19.680529596538882,96.16997816203866,2,Limestone
2681.3720566655156,56.754369669978885,15.571114259423064,0.2259835834360158,2.5843508130289683,16.603312142441954,22.35737351802802,160.04163654410718,1,Sandstone
1683.4167920808025,71.35087217285617,28.949984970958784,0.05848648959205993,2.4641697200795205,24.678680699828664,8.927501717525566,126.88554956313335,0,Shale
3151.492917031981,51.39867463973023,33.37573733439014,0.162440741580183,2.2709170714763838,28.130351612560435,17.456003355802114,106.28732180044969,1,Sandstone
2762.428813904323,100.3750774391527,33.94111930370858,0.03,2.495874041780313,8.93932179416891,6.358261428358117,156.1308821975923,1,Sandstone
2642.315355427671,132.17673365466013,30.72689463035433,0.17568562009249478,2.2432095994981913,24.780669628696373,20.798453033449192,132.68476750362848,0,Shale
2440.758208872003,89.41905534792733,40.110970055869906,0.21701540549319345,2.649485987520229,30.864235363785163,11.89390771237527,134.55239241597226,1,Sandstone
3493.856903380794,141.66295889732186,30.688236577046492,0.2732266452827787,2.320088471455276,15.498004999431439,34.351091186663986,189.21840763540052,0,Shale
2032.573370679626,77.78420368938228,37.40078365705286,0.13128664650261943,2.0560318241211126,22.120178492946085,36.32350914767578,160.03593611792587,0,Shale
2540.4013198134585,68.55525020929541,30.978264918522676,0.1480843156679743,2.6257502561315995,10.01771538029215,14.876011225297251,162.45481342103446,1,Sandstone
3030.569399242478,79.9192817371144,35.95831864510547,0.10514021072681175,2.4422728198679784,28.25825516101829,0.7033890937077185,81.66531230395043,1,Sandstone
2539.220370777569,105.2380661890205,35.557313191030026,0.11034298079479704,2.2338625408536346,32.483423971059345,10.058009654668624,93.81639742912871,1,Sandstone
2342.4043291176476,100.67052390469635,32.94454597301972,0.08836001708048535,2.008851817743542,18.74214575936793,24.047832676896363,121.11082450714892,1,Sandstone
2793.2323764767198,48.30502441293764,27.537098573912,0.21451308289337223,2.305175151747763,31.061719907638874,25.36537717834965,125.42337554768595,0,Shale
3561.0039918664197,87.12846564449156,21.203936908360102,0.20691943028740503,2.3679451011625012,16.05134629362306,11.445841096899862,97.71701096888327,1,Sandstone
3142.258441372671,52.49858443082164,40.08991476931648,0.25169233668295776,2.710207718205751,29.834659469725125,13.858973456272153,139.07561513087288,1,Sandstone
3324.61406577469,76.05267645208912,37.19183380949287,0.19098703580037016,2.432022831459269,21.599375093735524,15.972500940555706,129.3440325591778,2,Limestone
1864.4121110111287,132.54436994283367,16.83430207112785,0.11903116774526581,2.3658323997980895,16.54921397486334,13.54415691762343,131.77025085974984,0,Shale
2492.747306451637,76.00803892699761,22.01814106103034,0.13375158148236382,2.297410997667302,19.97350580378839,31.790613111855176,187.57678445243,0,Shale
3279.414503935324,51.90378887762264,33.545902786046824,0.17261591760128106,2.415568304783693,33.230287745895026,10.054300503019462,96.70688228445593,1,Sandstone
3053.5613916138277,87.12363462920749,22.945662759427137,0.1100677708695535,2.447021433209757,20.492314832051534,16.84138505775188,164.78782921238337,2,Limestone
2886.918753099111,107.88396976073764,26.714334837470417,0.1341850139124872,2.450674010164271,23.909531479500565,2.145659063736062,93.77366380303138,2,Limestone
2877.2239076939554,98.47094622651976,33.27818715815984,0.07546817288556831,2.2413398323593827,24.955140677238138,8.618762134324427,102.72091068050445,2,Limestone
2494.663714608629,6.43542448372871,30.336017073535558,0.060416394390599495,2.47962104911233,24.869802353528137,14.148983342277381,141.69297891171442,1,Sandstone
2562.9346360251166,63.53596641478966,38.14322851407777,0.13740265968326149,2.192889573738771,18.05066653749887,22.69874857828578,121.73367496495375,1,Sandstone
2969.0752678821214,129.845551524081,28.527301724870547,0.12336801640940198,2.2676939177147046,22.384615389701352,1.4501323607355747,69.19353638134402,1,Sandstone
2666.8065196078196,81.6028487907435,46.31888848370221,0.05899022741228575,2.420214693970387,18.883652067456744,16.345591780912798,168.78696728814367,1,Sandstone
2419.1919247194596,68.84676418631543,31.27988363677264,0.09673659806555178,2.368198197395063,6.844232309383727,9.702032480832791,107.87248239997376,1,Sandstone
3723.136699331896,54.317297658047025,33.279703904722325,0.21567831282618338,2.0722541135838926,26.28241131796816,28.00228506359111,108.23025782880637,1,Sandstone
2191.1821632482233,75.13387445376213,42.90510997627993,0.09570540937641339,2.2466581556395693,18.731822277281726,12.307771313662009,97.2795301216416,2,Limestone
3033.256709464986,61.95162918735022,26.010038557777033,0.12321803826551944,2.4616960095023996,32.736246694570944,23.057443481694882,182.989885694559,2,Limestone
2954.5298688871253,44.96282412413542,16.36595752662486,0.23437797855202713,2.812305788616743,38.37099847177964,14.161101861845328,160.37642916559247,1,Sandstone
2890.4795762687554,97.34474480999037,27.17206789890675,0.2590846612469663,2.7231377677520605,29.1421685185124,12.230830437739193,143.1526612516687,0,Shale
2945.780754676422,66.42536989067632,27.71782465565469,0.10013655721105359,2.4142463542745674,11.289844965581787,3.7771129262690373,93.46439187798313,1,Sandstone
2735.8654807837047,95.4862591482344,33.381403253579315,0.03,2.400553330942498,15.676414912868667,13.92999624203132,174.5391396118722,2,Limestone
2862.2125107893203,132.461230069074,40.94166835615131,0.22073258828920833,2.3670389511030874,26.009488743648117,24.91955205737729,161.5274393088518,0,Shale
2691.4510309998705,103.34902582757816,17.336413451535904,0.1274982797998319,2.5761307638285245,20.902197756600994,20.453307073001177,199.95159052720962,2,Limestone
2815.3074858521227,53.141664071036985,40.31738980514059,0.16847867641719805,2.823148669887872,21.34848113903234,11.10019925253274,172.27369942977487,1,Sandstone
2809.7686298646,148.24788617248936,56.706753748630646,0.20600430578629508,2.433257546460017,18.69485517802803,22.81156043753042,173.68021766894284,0,Shale
2770.255276901399,86.45673042042016,24.703918004304413,0.10815199060307219,2.5198451797470627,24.7024717595768,4.903184833563209,74.28708736758564,1,Sandstone
3008.8397402016144,99.95459028975421,40.02721415177314,0.11486912024216524,2.2337385120856426,22.44244471723927,7.773384186788154,85.74644980193771,1,Sandstone
3595.275749728305,60.557377501581556,13.399318505943036,0.31243143263652545,2.385099335400366,33.766625747748805,19.420431630402057,92.35838310672747,0,Shale
3878.5406845409607,104.15195576613982,46.71354084093128,0.3049747509544801,2.292511373532123,28.672364080198946,34.24184434440913,164.8082045648454,0,Shale
2668.545075423877,117.70869849196777,33.408707913462806,0.1761528475906552,2.3731050591252734,28.06222510114199,12.685865336157498,114.22652203107339,0,Shale
3022.5462974830307,80.7100732032281,24.60889339298351,0.12809821235440372,2.8770070971574504,13.012847951323197,24.082334200115902,45.12472528633414,1,Sandstone
2312.9701003915416,128.00045839917004,23.629743901271393,0.1220506543937108,2.499749164253362,29.369966263266768,6.436100637984395,126.42518938057088,2,Limestone
2668.964305003351,106.4657661431983,24.40774202044789,0.21121280019519179,2.3036166175956163,27.937595977542824,28.194523214440466,157.29711064988538,0,Shale
3148.561607927766,126.47089242164893,38.90408005186841,0.30373097080180594,2.3508299734999043,19.67809096673104,34.91389670018994,177.35162664628643,0,Shale
3282.4594454769376,78.47470285348749,34.35683111924503,0.03247153346698403,2.423832120314761,23.293976724916387,10.063017449601755,63.07661666417856,2,Limestone
3316.680309357232,83.7576311719638,20.093526899079407,0.20625994993430427,2.0,24.03485011724722,38.391106416254125,121.64942413840734,0,Shale
3209.6671832425563,52.34091074432375,34.71080404096887,0.22598385883575922,2.705195157953642,20.06763162113001,13.157202537721357,144.71130521415043,1,Sandstone
2181.3656677295203,98.77952868676354,34.01058307693633,0.1972186746392054,2.427510890588009,14.444226688719771,11.085441269500292,96.9527289845517,0,Shale
2720.876759072214,104.55647781230584,34.29350713661271,0.12158476154308237,2.503006889657594,20.04149424311143,1.758530726326713,102.7901478920207,2,Limestone
2709.0318745261543,104.01698658747583,23.81016549113877,0.16176381995552708,2.360491803563324,18.296292584468688,13.5835538006432,117.04665776642541,1,Sandstone
1239.1679640314703,96.80450733525174,46.841704063406326,0.10805978774912946,2.5762120611766184,20.434775192524658,0.1869962860234704,92.48406374635977,0,Shale
2800.298091154526,140.73228313396316,18.330821986285567,0.20788348814192745,2.586375302946336,16.86227125803832,16.531276152721002,169.34830993023357,0,Shale
3269.0946131952855,59.580913733702424,21.866400635511088,0.1597505425422466,2.5436635515046366,25.720559185521203,0.36958101550640166,78.8338014650147,1,Sandstone
3512.143281478297,68.29783879846381,33.53566146740464,0.1814408951577604,2.70724250542889,17.25595816046443,5.862027975420782,136.03613893998826,1,Sandstone
2711.5852717138596,94.43294159769908,29.831986840222594,0.20093049361839477,2.2050800562559956,28.163149360242482,29.422970142461953,145.04830775059224,0,Shale
2946.0911594306135,88.48637918895241,19.751051006191332,0.23051408079984403,2.2865206001249674,22.174911473950075,27.25521792628179,140.50913678965526,0,Shale
3415.2800300754143,72.7576412653179,42.12106712717805,0.1163352981046477,2.2578519665798917,31.491256560993925,15.900204995448133,123.30200112501224,1,Sandstone
2656.3830486919856,127.76107269710565,18.529344002809232,0.12310226815423629,2.3322132028075675,31.358451683703784,7.874587804502219,106.25181484278889,2,Limestone
3319.1824729407285,84.50445143721696,45.4610856043141,0.1784638547558326,2.1929930683995797,18.928789593438893,14.726455433669328,86.9242567381853,2,Limestone
1696.442579814771,95.27921070282346,10.890340644077948,0.08553326619640417,2.32785863343186,35.25008958603922,18.539896856410277,145.12805034370174,0,Shale
2718.268987596224,86.08750717831205,27.259540111142645,0.1315557385285202,2.3028334418737475,32.330155672810854,10.383673569740838,96.36622214567909,1,Sandstone
2569.4398417796424,47.40726271995629,23.1452714731158,0.09139283439885607,2.7992770265868634,24.560741159551867,14.879672907977612,207.43054377800928,1,Sandstone
2859.3893994867512,63.43982418009358,12.279721715759578,0.25367611023778786,2.477546864383455,23.088754041655235,21.726346459129598,132.31042187299306,1,Sandstone
2793.8783552991486,27.45524082259447,20.31916410846172,0.35,2.6226915396980526,19.30428791238515,32.59769922409896,159.03096943026742,1,Sandstone
2333.2964270861007,107.22201917594424,31.418780426284954,0.1880177786850508,2.371819905277725,29.53732806664815,16.156483286854208,118.19723998408062,0,Shale
3661.0781810873673,37.46393591608646,47.776448188194294,0.35,2.608500524736476,21.471070786777656,24.76528114805165,95.9384377101434,1,Sandstone
2878.1830165473166,126.72833268364019,15.20910711902478,0.20481346336352627,2.4643811668296047,32.99868489039069,16.680694531794867,145.05723605396125,0,Shale
2422.9667713888057,75.45952970763298,18.41998193477768,0.21772899199583634,2.5237968681219116,24.98042654065431,19.49792698793813,141.60836328948483,1,Sandstone
3284.081984388254,92.79152445283478,17.393558840113442,0.1293951316791837,2.3598961217374534,20.22443475874742,10.860916023016944,119.13002272464634,2,Limestone
2408.780968234908,51.76902212704284,10.890216214547419,0.1338925155297262,2.3280955736823614,27.70799563666327,18.611117138920143,122.93036987997549,1,Sandstone
2677.446856352379,43.52113131252692,33.44000106305036,0.21188047769233131,2.7342914303801904,12.224745765519678,19.403984243352287,174.30034152854688,1,Sandstone
2510.5189446055606,103.32646835908392,14.820508850532967,0.20899091924472468,2.3186680715487946,26.0437909102603,16.29525021846426,102.66907030636354,0,Shale
2939.466649206921,126.15016902759828,25.194565743932245,0.20655223572123746,2.2267030533493073,13.37472531133355,26.616295835524078,147.5043349684682,0,Shale
2074.2799394487665,146.87811148480432,2.162837762019013,0.182832032725697,2.2957866345499514,19.12784686636485,29.23811135391299,176.7042133894564,0,Shale
2677.3414843993774,95.03878166404978,41.45216686571659,0.08866317180063635,2.106943878250833,21.73443927832854,16.88290628400126,108.10141751786414,1,Sandstone
2806.8443076145545,25.124743136806387,43.42256782860181,0.14085130992573555,2.438031414157008,25.056969169933172,15.759525714847193,123.50404122263572,1,Sandstone
2440.0081522312043,32.730529268559025,25.430059614435407,0.0825951615411022,2.326146955232747,29.224006780513907,18.903649586526562,135.93504136925193,1,Sandstone
3347.9429929510593,97.98282949978847,44.90143595883477,0.13085407692724788,2.1816507284986653,24.55923574015926,8.103733282087695,75.7236320703378,2,Limestone
2632.140385226931,110.62110195300353,52.18743357530849,0.0880449564281261,2.5308416216943077,15.944781085375661,1.6663217702252897,104.69670987920249,0,Shale
2554.6082385960826,140.04360041318787,28.944070407113216,0.1648608494724576,2.2471984081118324,17.1003628771625,17.147257187506018,121.82625669188636,0,Shale
3415.4294713988666,108.98824409667716,26.583347163802415,0.17475847257959434,2.4524081026920967,20.69568280350097,5.058325276066505,53.492235806353364,1,Sandstone
2808.847370103431,89.65006649991722,36.451834964809024,0.24566583099645273,2.4922086700830124,18.19287205939635,15.341241652190769,116.35703184005358,0,Shale
2785.220450300061,124.19946021759922,26.719296296353235,0.12498837087381909,2.212865473477287,20.348905375681923,12.303710581434569,104.66729615538434,2,Limestone
2249.558037143216,15.56187078987655,29.204329510138624,0.12544269023452276,2.121665392771923,27.2815792336043,27.47674828967539,115.03396253029781,2,Limestone
3110.5941072449527,125.97410641764145,37.70480436687503,0.09457281260996327,2.3881722583373426,8.034404602417906,4.67477155950545,116.78210167527179,2,Limestone
1906.6369016128613,102.87349611311659,33.097295030870086,0.1276540581059843,2.468944851101252,23.388769494992637,8.44819794793923,114.63652486433958,0,Shale
2859.752994651429,72.48462779458731,45.67650359787503,0.14085239513725825,2.3919104843963646,20.09855770836579,14.907446981581428,127.61082431625796,2,Limestone
3680.5645120369672,88.392875530203,25.375008468000306,0.29570433310085287,2.4512773688302056,16.526046915601853,19.76924778834215,122.3443532437457,0,Shale
2892.3146433390425,167.82354698529664,28.17076701587409,0.23250623047309482,2.381210430280195,23.647083924959702,22.184285106176915,159.53062363179214,0,Shale
3295.979321828803,93.14609770197929,29.919999517237187,0.1041093395089921,2.384191239908459,20.960328110239438,14.849282128098574,151.19095096146486,2,Limestone
2667.5596701312083,86.82744036467062,48.45801320371932,0.09651401970453921,2.231103976267382,39.581921712955065,12.377837988914877,104.35792758928648,1,Sandstone
2342.862390764405,70.26391889859225,51.38055211634004,0.17005053230768488,2.2060841664649815,25.88122278938067,17.331232520061068,87.32922947888731,2,Limestone
2944.5550968151956,79.03348777644533,45.443334869712345,0.22034618998790403,2.3575861702463046,8.56406400061465,18.61849857349501,113.90110135279365,2,Limestone
1990.3857885389689,97.02985773838091,36.94096746811757,0.08839391004120216,2.2938022778826985,17.945730819047846,23.46682146604984,164.98362768035156,0,Shale
3272.8885781739573,127.38142385213573,41.28906595877223,0.23888759683181196,2.295446912765979,22.351623637154315,21.64501723583065,130.327674668038,0,Shale
1733.2680186317239,102.90976858231441,41.612222731541635,0.09998310868337551,2.3983515896007273,17.524728961382863,12.76019580470199,129.21654775728229,0,Shale
2814.10715211019,76.25276189321544,32.17420642436296,0.06023868804450504,2.2327839630536457,25.83353813424731,11.660530262305812,112.36055768363234,2,Limestone
2429.9626800978876,86.82871352706559,20.49761278854768,0.1787335710515954,2.573223785673567,27.085826890416563,22.874758790045924,183.8698318834855,2,Limestone
2539.6656621408647,41.89387874414773,39.29311587207605,0.10360796133393457,2.3369785528640845,27.38632941075655,18.817588871171296,134.46983051939856,2,Limestone
2920.2219553046434,140.5008406003081,24.09638308194669,0.15146537449932757,2.2106052947108963,26.148138286483153,9.569287244244107,89.44940438865301,2,Limestone
3600.1389985370433,65.87489160589655,27.86703424367922,0.35,2.3898419975470473,18.78852577635763,24.24995633577329,85.433771784875,1,Sandstone
2875.609278921146,74.17150079062644,38.93542205889109,0.15508702211369743,2.3128209669602007,31.680153574476904,22.94208697815092,146.1156740014839,1,Sandstone
2672.995088803593,107.34569524642797,18.623997950357648,0.03617665960595284,2.5132335507331063,21.751252226021286,2.732107896359839,139.4475782827747,1,Sandstone
3585.285851715193,73.56521743866588,26.995571911724486,0.06883736481413408,2.679157515336495,26.73944648112336,1.324537954612758,139.75029540095107,1,Sandstone
2747.8435050994485,72.96953254221948,45.58626516962815,0.103733374801597,2.2325775356843183,10.005473122613154,15.477239268765326,112.82777141319995,1,Sandstone
2671.581886759617,109.54717990407664,30.901104292310862,0.13188337235562456,2.185357899506503,22.034710688959922,28.779524634148316,167.21289887197895,2,Limestone
1113.8874994014259,61.962724862126706,22.543795328278264,0.03,2.46059299071899,26.75935430686059,12.811394531726474,150.49629890891018,0,Shale
2098.3984145938716,85.11691355830254,3.4491798212050995,0.16860476811500655,2.371458552417975,22.3955866514734,11.138628068733109,91.34915072652257,0,Shale
2927.482692284718,42.894504650629045,31.093369035973456,0.14570424696518097,2.3428496319429066,20.640405015912414,17.817478978240132,121.35438753080463,2,Limestone
897.9687220615322,45.157912664416386,51.63474853700142,0.03,2.646274429075805,16.32375989049068,0.9004266682345978,117.07433937455964,0,Shale
2966.9040784943872,86.82756466508394,22.309498924132935,0.11613411705058843,2.387485972107806,22.904105373111484,1.9753076081295582,81.69498602507117,1,Sandstone
2577.9409359177957,105.97322138782386,32.26583929027308,0.0905836300184505,2.304497680430643,23.119037301300402,4.694951915272661,89.57097286518075,1,Sandstone
3560.119400962909,65.01384529267708,30.99229623381073,0.25870331792439305,2.1250534985762073,13.911794490729823,24.29502048310399,87.17935475283633,2,Limestone
3206.815168877857,44.35332333753132,21.830987481724307,0.14757590893561828,2.3780208269384753,20.890690101407884,12.40716290642726,106.06946243751953,1,Sandstone
2815.3971217602966,121.23281478585449,24.00278154068619,0.20512440933101533,2.2519717802181978,17.691801506966357,24.650772418637153,140.32766435074302,1,Sandstone
3195.135242159074,87.14573513623259,27.39569413504887,0.15584345879828151,2.2762253631007408,30.205907823615835,10.232763103447407,88.6133195940453,2,Limestone
3123.9939063428724,78.83011094594025,11.545761151954643,0.13153703237247397,2.3731838012881217,34.763784482497414,5.280728441234594,88.28366486163188,2,Limestone
1826.3816446653475,105.66832946795111,39.961047893171,0.09388491579721074,2.3355687132665004,24.605243067171315,16.184762505579325,137.80710366604313,0,Shale
3665.1212174487755,108.46419933396334,21.484081674983976,0.30656530626458156,2.426884122633179,32.97175157465095,29.138044771430515,163.99130474937752,2,Limestone
2901.3226875602168,52.7782262227689,33.638913621500535,0.14243020449948696,2.3692276351726713,26.795216315452855,13.24483661676925,109.12891438018372,1,Sandstone
3167.896855122088,110.0687922399504,33.446093205941104,0.23046519197479187,2.43204392394798,22.47444314777568,12.879562668689086,110.59152417356074,0,Shale
2879.750361962011,121.9407620178495,17.795857891889153,0.22638051170799836,2.3991905607731097,17.635205762597966,24.789659492401704,161.53767771947486,0,Shale
2567.7866986517006,99.90154141142274,37.86298230900278,0.20808813600790704,2.3694576783053827,17.363959656037256,16.480357548420766,112.72179926523279,1,Sandstone
2910.933163508082,130.85517740240235,21.203261865853634,0.3187181178755165,2.253500829879321,18.46492570181412,37.3698914072942,164.1283989959968,0,Shale
3733.267378078797,83.43627197419168,30.264289062004927,0.0315709376620954,2.4556312068091986,27.29090968120399,12.307932000375725,180.17376636568764,2,Limestone
2474.992913786629,92.7882017097105,20.034715833814403,0.09084664306611619,2.5347566380381306,23.943035597964702,9.338839583275574,147.48048475835245,1,Sandstone
2304.4915059177592,57.28805115445446,20.365009394839483,0.06403357599318843,2.5354935501910485,18.18816079379078,1.5922348933823507,107.11329781016701,1,Sandstone
1866.3217349058868,99.34280347898314,28.371659604488954,0.08848297115918978,2.526599709062171,27.009014425507974,19.00552773183371,186.1556815405477,2,Limestone
3477.924316919324,123.22784245940768,30.192593090312123,0.24288870797353956,2.5574503347928665,18.45735537878035,9.485648349054468,121.78111501762469,0,Shale
3016.1122651083797,106.08872319598305,10.814105764406968,0.14085615239095944,2.261191847979163,16.72518344135389,10.21081401125912,95.10168820353572,2,Limestone
2751.886209547425,60.830979963024305,45.287788357103075,0.32559011638252655,2.365706554368984,18.379372993068355,30.752826166855627,126.20494399488761,1,Sandstone
2810.423906015147,52.52601962553035,20.885725624620363,0.3079939487969924,2.5679515429007416,20.147429252839704,24.320346981566416,137.58567982391986,1,Sandstone
2940.859748467516,157.97859121435778,31.00946970289581,0.20720392126561535,2.1367205792016377,12.59336591446135,24.794746544102594,133.0137828107138,0,Shale
3521.0255981188025,19.88141879367896,38.89317907329353,0.21002034467916872,2.2848278123870074,21.219574952298803,24.79587454088918,120.25395085777367,1,Sandstone
2811.7798845308685,106.57055970982296,35.125995112727985,0.09285095621565682,2.533109309970325,27.775551897074813,10.88110033448526,61.63561250644105,1,Sandstone
2654.0866913015016,126.88015994572712,46.76635340636963,0.12879757287787139,2.4067063764821968,29.56257639533955,10.701197811134698,130.67593350749033,2,Limestone
2609.2662287200956,71.95359062327758,32.73935736931338,0.1830232186610727,2.4828433375455043,20.553674712436216,20.02491513935638,149.87693160772272,1,Sandstone
1771.0578705149924,81.89228054178096,33.688244122486616,0.09693679208915172,2.4398141725264737,15.114024232313508,12.885722631422846,131.90685591126132,0,Shale
3073.670519837766,106.19528837611512,49.47304228889675,0.2499714707075164,2.5709417065503515,19.88995454293737,15.2047440633801,137.4973325164075,0,Shale
2846.925289610553,94.69271696445776,33.02743792505042,0.09706141483397375,2.4531579779615393,14.74405319332952,1.1098977339385208,97.5304105844003,2,Limestone
1565.6124435313488,68.99870022897089,21.749881015938136,0.049362789319711275,2.3809736636199674,19.64803825127371,18.72394510320953,157.9609598578228,0,Shale
2601.058033730561,59.30381951995918,21.982108920489495,0.12094754376705513,2.2231689910495427,16.122608112192694,20.72013506982838,122.9462295193166,1,Sandstone
2294.1486076485685,63.58154633543772,30.270105543019064,0.30552129523049976,2.5339989098325844,27.478424835573158,26.180434353152776,138.07070087486855,1,Sandstone
3262.817033969257,67.91801261825846,44.4139911032176,0.11132406950552629,2.420288290940488,20.40862748665179,15.805199790519099,150.84961720441723,2,Limestone
2193.148529976823,88.80611574222795,29.002397246857335,0.15842073800463324,2.5135685136654478,34.144171218275545,12.00795281477803,127.40733926170759,0,Shale
2595.019028260718,40.556617495069574,13.958789875296752,0.35,2.5834854513155427,21.89489582262551,34.53363235782443,137.3698491777323,1,Sandstone
2407.7036224363546,107.79676501009192,32.71034252861244,0.19555730808045974,2.4079046498392054,16.624317978467325,13.859074110568876,112.6479344940102,1,Sandstone
2881.0473936546477,127.87857227125195,19.914691917473537,0.15066092813702128,2.3012701405461438,11.27716847449329,7.828113705914881,93.56346502563426,2,Limestone
2225.3628779188684,79.64098695865647,36.77149974133293,0.231039156954598,2.501486291260614,23.22400228646615,21.137205518821165,139.36881562569997,1,Sandstone
2588.0687453831283,120.79115118613447,43.8238274568994,0.07322472819481951,2.2062066485507943,22.919158843348466,5.643626267721105,87.12556565729419,1,Sandstone
2804.2231458576543,88.08428657322158,29.168193398955914,0.2926234554359923,2.285755912547592,19.874741430007305,23.84464071410133,100.88109548881457,1,Sandstone
2927.839391004067,76.80246970930239,23.35719025525679,0.13088411640348124,2.339733144232621,14.749888303026406,15.252964148040956,125.44424363113085,2,Limestone
2009.0557956500832,7.064481869364926,20.518760535674573,0.09953966749710043,2.27428736391936,25.54792096344306,32.24625416916509,163.58971769684442,2,Limestone
3146.028054167001,78.35259275399767,30.63537955156817,0.24597501157952645,2.455113204360786,22.188210496598252,15.856678656108844,112.29051227580288,1,Sandstone
2972.743267044488,65.3487973059992,17.821966946774147,0.055413449688911695,2.2500616040181645,27.718528329954964,18.226665067809257,145.98015251906813,2,Limestone
2480.489675400145,47.892068154579405,46.76189507502015,0.30321862607338385,2.5974096898903913,18.059377849889703,28.658086707028417,159.06435329859818,1,Sandstone
3276.7862666193473,46.78638453863678,44.337500342142356,0.03914317021483138,2.227996559301965,24.99875038298176,16.46974487089868,137.1065694451221,2,Limestone
3235.144676836952,82.76391313104008,28.64869992924298,0.10162958999849842,2.1151836732063147,19.696338267619247,12.42503649633971,87.30447748221252,2,Limestone
2561.4374283057227,118.49080349305056,29.180877042743916,0.03,2.435008760989922,27.554827849576355,3.573344906963211,100.47656721970745,2,Limestone
3616.3539144256483,88.97284029325662,34.707532415477864,0.18644501672135527,2.3887206305621,22.647878877310255,1.180713570630834,62.456001399683565,1,Sandstone
2597.267809419246,112.28216778158324,25.527756403224764,0.186139088349799,2.471463015618167,3.4342645054516616,18.828536744076214,154.49592757192104,0,Shale
2637.1351423198116,111.56577489287433,34.410826618604034,0.11061264734849635,2.4680984179670844,17.85797762530993,2.773330437023942,106.23592823140625,2,Limestone
2376.6701202580666,107.00586725522598,28.037063822542333,0.1708243057061111,2.4885521175714658,21.864135219181755,16.476768145629194,147.56846638987753,0,Shale
3245.7317309937553,100.99239399963412,49.87400882527163,0.17101970934973912,2.217724110027593,32.18112444227369,10.640452887616737,79.72924678042199,1,Sandstone
2447.2340500578675,138.82287314199473,32.438269266167644,0.17607355314569276,2.1696611597364477,22.70224621348758,23.40126471407642,130.90716258634708,2,Limestone
2525.8750035058265,56.724561908234385,42.64915894972302,0.09671834276787006,2.667334144531408,21.53803801516997,5.0867560172885256,91.45775827923856,1,Sandstone
3232.852037185787,61.49268749972413,28.141943899002218,0.11195355909556041,2.630022487137051,14.640636520588208,8.352011759346635,74.6164718440385,2,Limestone
3374.677434848121,41.26242255562475,19.719321875358894,0.15977550575874838,2.2276652400411914,19.12324353429725,16.408538162292473,93.85331923645867,2,Limestone
2401.9408434042107,55.08165434588209,21.697653663327152,0.2935331861825065,2.6526033754434186,31.383768021158225,24.769624691450748,155.97756215345896,2,Limestone
3009.7323231697105,24.37823431199584,17.71220649094986,0.2841471173988004,2.749628851219268,26.4879723917632,25.022987114763914,175.57343307545983,1,Sandstone
2511.9812946005186,116.94213915720849,40.55798238466572,0.1750933111448905,2.3279534658327585,31.51464740827803,19.97848638465473,137.8900470780803,0,Shale
2398.3284970330737,27.886672926855667,22.74528290641898,0.10266934862975977,2.1452155266917634,14.566204331170978,19.736196466691684,97.4606357295942,2,Limestone
2709.569508603667,121.2884524600755,33.84750533766803,0.1528978133845144,2.1774254207870887,19.23092118847055,31.139723587875853,173.73082930768504,1,Sandstone
3049.0757733994265,90.78015526821363,30.320253433682172,0.14570198335122916,2.2493689518383,16.06373037556168,10.734040206453427,88.95359571027046,1,Sandstone
1485.7035326128357,90.94998971570608,38.95460223674832,0.07435037480324841,2.3837497891719486,17.493839159085866,17.571509379091278,150.71100080653684,0,Shale
2433.7044576411126,66.13327775136042,32.000940591283936,0.2159580337340827,2.456080113644679,13.070450723061803,24.275118361038075,148.96879253036914,1,Sandstone
2597.573691848069,98.22663053567396,30.065479666366343,0.0951120464465652,2.2900144118397177,17.723332691034436,7.12028144729324,94.22099182082282,1,Sandstone
2938.5708482663003,125.540056029287,25.293268550178198,0.1986238838376164,2.2181901533296826,24.954900908467735,30.15052221139109,164.88204430423104,0,Shale
3341.9333053109176,64.03967783524988,28.10500423607871,0.2629299857192418,2.378540344381383,16.2061021623562,21.7724347392007,117.39320404802763,1,Sandstone
2968.7422322282114,151.5651367690058,26.689478312496423,0.2068716556518964,2.1760234355854378,32.531866423799826,22.179583702344217,126.42047249728238,0,Shale
2716.353034857275,103.88253687199379,43.173839179398215,0.16199692007552044,2.186042027339181,16.000317839239706,32.295459537467025,171.7370652068633,0,Shale
2979.0641616852927,37.04325141008673,51.301042663209586,0.23938706365521442,2.673039063496242,28.31986167785122,20.851121383630897,161.75566972481124,0,Shale
3007.8991132959254,69.76114840081894,29.057561564752483,0.22578081278011175,2.6158199966323425,17.783003122387353,1.2085252390636576,76.3466629531695,1,Sandstone
2673.398393028288,112.56863946737526,41.859082554298624,0.08410043807995149,2.342993211086916,19.47856555081014,0.4204783941049808,78.60178690706306,1,Sandstone
3709.5956600018326,125.51268506859556,43.70791833805777,0.2835580927552501,2.350701144530896,19.496590988570112,34.01502526029936,186.9527897669535,0,Shale
2837.858764481538,40.86150420653572,28.610272684448933,0.13224884336794382,2.6662537045717882,15.836119461694166,1.9625809898235094,91.88536147592748,1,Sandstone
2334.789342872259,77.19897636512417,42.03197358142376,0.16144314807857954,2.4221599034504306,25.672971558372122,20.484186724651117,146.76256769150066,2,Limestone
2719.2339659410077,55.98929071359195,39.01376716428919,0.09810763469341939,2.1961905133543396,18.51618832148376,18.647122701123234,116.77979340466564,2,Limestone
2740.100026154064,86.70646138561024,23.87142005325593,0.11034028758966788,2.138340184795683,22.757535236283594,18.03064652964919,109.57223242575276,1,Sandstone
2611.729128907913,118.09212137532744,37.68116952430694,0.14461139815005936,2.2972201477399525,21.770982478201432,14.619683919389718,119.75435887622994,2,Limestone
3830.373413177777,55.80096444638876,20.251156953609588,0.31094085140638344,2.4655238396357686,17.105763711403934,22.849736803006163,124.86214199147543,0,Shale
2416.463954031175,51.2908199699695,30.162065994840518,0.2879485428214074,2.5133451854908557,30.16922921708867,31.417986667265044,162.1345899864282,1,Sandstone
2339.1385492508375,52.75059599645822,27.382123263759038,0.14138378353352002,2.2312144171880153,15.188102312567361,15.014190255402413,85.34401768037004,0,Shale
3165.9730215975824,4.819430694574777,32.91965862457907,0.22477643125832517,2.147855697466883,19.9647714087407,40.809239544800974,154.67931299498449,1,Sandstone
3455.390018615487,50.28003082584511,22.6754612402868,0.13805438043686646,2.279609117084853,23.001156339356054,20.331643699143207,133.18914646786595,2,Limestone
1984.702067254574,113.96327098751696,42.81269645401343,0.1230291776073592,2.4177638763405627,17.100321821074083,15.97580471858984,146.44291539369294,0,Shale
2747.8597693003785,102.35936600536817,31.02382198347653,0.24131457263950545,2.2723356546470046,9.136199010268035,30.362031446981387,150.67088299760195,0,Shale
3451.1698347733095,78.4744866294818,26.78412315574293,0.23519690624081435,2.33438423788159,24.54751057628287,15.994365800874885,98.45479735003286,1,Sandstone
2300.163588480128,91.17857824780718,37.55504906465589,0.059365139355143676,2.4385159893860973,24.06022209877285,13.888241195776407,159.22810111263811,2,Limestone
2310.986510696325,48.491200438988535,39.047498032588244,0.11503836174527121,2.0963284951579806,16.323612927246586,32.15719847926147,147.50779494308824,1,Sandstone
2671.343833169365,102.0187664507282,35.427746739125624,0.1717318137882356,2.5415125369620557,31.547291745293762,13.518247723699982,145.27601239469934,0,Shale
2191.3973601114476,49.9389634498897,28.415633558727666,0.1089607622164333,2.198039363521005,18.024139637031833,20.829421820376638,114.77896049988323,2,Limestone
2791.383220168305,67.62466987472546,26.735173762204436,0.039013249138078465,2.3135045725274117,23.550761045914413,14.275823241201536,143.53650686996826,2,Limestone
2926.6219827510135,70.87148492251299,27.18493438579231,0.19466243567316444,2.3279232323883345,19.067788178607255,18.88096786796438,115.73078593335502,2,Limestone
2496.2359070605003,61.224261953025945,27.856110680232216,0.09437548003762385,2.6161342937196426,35.671103895735996,3.2760130880622853,92.42014914202757,1,Sandstone
2427.6431575716274,107.82887668014719,36.00913782415334,0.18703879201057735,2.278726733891026,14.0895917051592,28.251084464707134,158.9019895549072,0,Shale
3259.399481417288,57.64642933206951,32.515879179988445,0.22785698950045996,2.6412723123871147,16.686085613480408,13.426765060868986,135.9897464850082,1,Sandstone
2652.4019926387327,79.9394507206012,26.95934741934242,0.22261121564173275,2.3366414924163923,24.956292516768407,27.350633601260427,146.36204821318566,0,Shale
3755.2826040184573,105.38880653599811,36.25076797004073,0.31334813858689353,2.2625829237797133,23.53470551395819,27.5907033670015,124.44322245604863,0,Shale
3092.08968614643,112.22672706915992,21.293572090333335,0.1662515295003259,2.588693561018732,31.977481929924657,7.942126223604568,138.70119003039585,0,Shale
2682.484991615513,64.10062642869148,36.031960730586846,0.14503778543583998,2.2930311793393123,25.119297590607687,18.9444365478971,121.70100786733408,2,Limestone
3420.582813561331,55.64611786524135,35.85817297467451,0.2194194756645725,2.1083960720408688,13.46754803544504,30.016628811302088,119.52210740084425,1,Sandstone
2283.054593035882,81.84094750886254,30.332101798853728,0.23921944514360674,2.4254065439031103,25.580172285462904,20.612802295274403,121.59152270338808,2,Limestone
2110.326595269201,113.93732711390874,20.39386823587174,0.12591300687043566,2.2875299671090343,26.477670339612363,20.628933412060935,144.6941396899241,0,Shale
3367.7880409292848,60.354916464017506,23.14065496050382,0.32552269263408645,2.5295567045865357,21.406764246043107,20.06936125145715,114.32222820667869,1,Sandstone
2807.1603088224533,77.03532128938284,32.357870641980334,0.22874686408004252,2.183538383235886,7.421468213904731,28.64324381767252,123.11717927383819,0,Shale
3176.5414396695487,60.92025519040044,37.466848560946794,0.18635433577260185,2.2369579923265697,28.067772687837518,20.169003198700043,107.74988230687305,1,Sandstone
3499.0268322815123,45.64695910234314,14.89075438183006,0.08443069913338443,2.328583696058183,29.853936458374672,1.00046226263167,70.40088799672574,2,Limestone
2123.3821644398745,136.73202117409812,17.730843237047594,0.1874087721701049,2.25907252853735,29.83768285436922,27.898423605197713,159.3884899561058,0,Shale
1994.3373438642757,108.41332607956879,31.94628577917411,0.15967837536932322,2.4031657692948656,24.63706011291471,14.45788939170765,122.15256809624151,0,Shale
2365.4233794877355,8.174013684469628,21.966871415928836,0.12521981636660254,2.188858093065408,18.026571528006258,36.21034768568677,166.8668525485116,1,Sandstone
2715.9882753209317,92.34159449692754,35.05864358116156,0.19722415102437807,2.3039360335541503,21.979136741788384,19.94041753154026,119.88526929315626,0,Shale
2800.924717136709,93.95328867344827,27.213352285754123,0.2124854918843803,2.60348091230856,25.131347404810505,5.989645851769881,106.39246457658487,0,Shale
2395.2657687877,66.95707689412933,36.76101613649913,0.3421623356523734,2.307948910806021,22.067994270206405,31.8274774990722,112.36698176476808,1,Sandstone
2460.2561350045953,81.69989075805005,40.28849153609595,0.219642683147925,2.3838315114463273,22.588482701678764,23.18179184536347,134.91415503836419,1,Sandstone
2350.565498651832,32.852919193716886,35.963335838654736,0.07223467008253351,2.784144106623279,10.368838978361477,6.950278838012004,102.62596513323405,1,Sandstone
3097.5848365075103,89.46449342622302,34.79354258818502,0.2794910032644661,2.322874920143909,23.188471702189595,34.31595197380055,164.93924900435968,0,Shale
2832.6460460108765,125.19813571389227,23.434230366530784,0.20498292424262843,2.3802239958794127,22.841760554203265,18.802859656615603,138.32668946400986,0,Shale
2629.434253965269,136.76409840440073,26.053202913394966,0.196852592271066,2.2564814206194277,23.583196125417672,18.245273659058835,117.24058435981475,2,Limestone
3545.2321128974863,83.52043651694939,23.69501485753247,0.16933908328087158,2.3807383618959173,19.343254372432913,12.358388703476056,116.05829293113045,2,Limestone
2692.0401053946925,58.22002996427936,48.92653708337114,0.06808365540501891,2.4130986871984046,24.123861310382054,17.567748993860576,162.45252532682235,2,Limestone
2161.489881341016,130.7983742576779,37.59912843176484,0.13276142696341878,2.127458319558542,15.06982095755189,29.959652226443005,162.47341609066518,0,Shale
1970.8295095273763,41.45032225254785,51.28467768501601,0.11845237891955393,2.360021609764456,25.97407791851972,29.66971741656437,176.47991333618774,2,Limestone
2082.14549139262,95.00484460930194,35.07879845068621,0.08092153630800498,2.224165736910202,26.523472391152797,27.12066595968743,172.2453120903193,0,Shale
2907.3337599046235,80.67376260054179,28.12402999908388,0.055745479341955576,2.541602334203243,25.772383289557823,6.3735493852324865,89.61857913355314,2,Limestone
2328.872154573775,118.85878932076739,28.868293517099364,0.07520024680353335,2.4594922750169608,30.695754570422956,4.995151228888773,125.93916965295675,2,Limestone
3276.7472284371374,107.7126467961817,40.634357218674594,0.2750375602019416,2.3647055024107946,30.150142998583632,22.120389612070305,126.01639470821235,0,Shale
2449.2952930536403,124.28376082440012,41.021953187712,0.1312768281282455,2.138963817695226,24.83929125404553,29.74481250007673,165.53784383895803,0,Shale
3861.3105955865435,104.59667320935097,43.52774175754248,0.21226216527153063,2.6062401889937097,22.555363703028608,14.000578034181848,160.9512821836882,2,Limestone
2770.555545819701,50.01508496008439,29.678140490557173,0.286013748831338,2.73354926649362,21.83099854930268,18.60584730615245,147.81850431874437,1,Sandstone
2166.963695506166,167.72362114486975,35.85070202458372,0.22853418360627015,2.1158033992885015,25.527010731194736,42.81461854140997,198.7380697939438,0,Shale
2749.9301784427066,67.36819674863668,25.863992856747327,0.10516610427433516,2.340309038285188,14.245425024399323,16.06955193743663,132.96123147062016,2,Limestone
2411.444122636373,127.63214217154928,12.646892964072286,0.1469502051124127,2.2745819165817722,12.81921442754001,17.057015025335854,126.75691936551341,0,Shale
2665.9385085585163,121.03829324778596,22.623737347291453,0.10867667172877506,2.0,21.56602599218616,37.95275417399962,187.36883037910084,0,Shale
1754.8927959406728,71.33723571350218,24.108564545156103,0.09029505735442059,2.60701443581737,27.647538380013515,1.9421801547866213,110.43767972646562,0,Shale
2424.1309063748654,95.08701956606518,25.83100363880611,0.13244895415348373,2.4672305129238397,34.216256997040674,11.81844359130551,132.1422551741643,1,Sandstone
2741.703815084167,72.78576980493247,26.93548199988811,0.20302272361094223,2.3332443370709335,28.83545091017973,16.48536058936578,100.99719803532984,2,Limestone
2797.7718273302326,92.3618002612314,27.35790715005635,0.17292683944408332,2.3910344901273093,25.476992425603868,14.812930485110694,121.63957297765162,0,Shale
2992.4755153963233,62.8928179423395,29.947734025371798,0.1308902738584589,2.3913231097803855,31.148060457085403,18.792927576752824,147.45277726969962,2,Limestone
2979.5746828977076,94.47742399106771,38.63605506886287,0.14677331675863162,2.2388838969754845,14.717726806160499,14.00591588646985,102.17976409409678,2,Limestone
2779.9744552679285,84.14650874957809,25.309293820561816,0.22955799790966544,2.269160124807312,30.47257824806554,30.497078598086006,149.14692143575826,0,Shale
3036.5952394119404,107.04962157424865,18.86155622598983,0.17423344870824437,2.411431325312962,29.122763514448152,0.03959308079086554,64.0185588555413,1,Sandstone
3577.657533222826,47.14112057203302,13.523064652304079,0.15714488977531127,2.448063483911059,22.84699749632795,24.717878911603183,178.16613775318115,2,Limestone
3069.178206480663,111.61222941413683,36.726128910898424,0.08881244986974127,2.3194280666380895,20.63943522009913,0.5028364631787028,76.8954910542848,2,Limestone
3487.7282859970924,72.6072329831155,24.495117397323703,0.2525777987802696,2.348191455631398,27.5438960747209,28.36061676456236,150.6781040758333,0,Shale
2940.9652489668624,136.42236344638084,48.18464378381593,0.20867080713871142,2.40387771368707,24.057120794689887,20.471472750974982,154.21135879994424,0,Shale
2300.7661372402426,111.43117949754755,25.808662064110955,0.16922189608630497,2.3031074000574585,31.41120363225596,24.129395233233268,150.13342753632043,0,Shale
3917.0885279245085,88.57710957272462,26.001826689253996,0.13224161156615588,2.5406015925064573,20.458660096450668,14.744673253986841,175.76544915653238,2,Limestone
2770.854906889577,112.79441493965176,32.24816736691475,0.03,2.4708970476849563,12.61538941912432,12.058189423342252,81.34529506148249,2,Limestone
2889.009760363147,104.06941412100609,44.65379427498519,0.2571985726084263,2.361843667744934,16.905859407507787,22.25584258152021,126.29076899555116,0,Shale
3829.8943601695664,136.43306442800707,16.793583404701934,0.27069849411263003,2.1419333802916745,18.38225314671149,33.899382419726926,157.83555188692677,0,Shale
3414.3507715921437,64.5470843253971,38.71353675731017,0.19791727870609882,2.6518058097013264,24.655374574136843,8.423030320974082,129.48607878042884,1,Sandstone
2065.1951489916646,44.40677831972289,24.77640074145885,0.07479886964650569,2.2480945915269346,20.124597651872037,18.571912985058262,122.03401864861743,2,Limestone
2452.802531205122,24.82224347296912,47.03727154697238,0.3007624062131897,2.555506359585587,23.661965986714605,36.32897026399351,179.72148469916954,1,Sandstone
1421.9796494307545,64.68150523605635,26.78830600956318,0.03,2.1205273486148357,29.58861716064979,6.799843447672044,88.18045119406082,2,Limestone
2680.6875945130914,112.3943983895421,30.123900761940074,0.18046615361120594,2.428210525793708,27.899070885994128,11.374687202112543,115.1114050963102,2,Limestone
2971.7090357259603,91.77332527288394,34.44874916677123,0.23673288109715512,2.3790410887534614,13.14261711814361,17.179558673617453,110.02325739987533,1,Sandstone
2262.1543659253384,123.27485911100972,23.567515687874327,0.17020589544752657,2.3506217137319387,25.317659135188634,15.166285139135526,120.44711145633539,0,Shale
2585.012287898149,94.86038089811355,30.164409286193816,0.10518600373215264,2.4041207914930895,21.218826803171428,1.8119750362927256,85.72059488674483,1,Sandstone
3047.2892863701145,65.41403325450185,31.55658297671741,0.2609323204463989,2.52167597518407,14.150480467453772,18.84619351918711,127.52640394440114,0,Shale
2763.3150674198278,125.24291877422112,24.553766106617026,0.1658609443354942,2.3707723358128905,18.98863531001398,8.119877499667972,99.96264693882745,2,Limestone
3171.9254053279365,151.60716283716343,12.451291484577489,0.24777793058926623,2.2565910351345506,26.549468656928788,17.14950570553357,106.10163459129215,0,Shale
2499.467470774587,28.776548214377407,29.634390573708295,0.07907938906303175,2.488289075325528,21.929392973058196,9.811089986159299,124.17514688857263,1,Sandstone
2100.15461355587,111.28878499942837,16.63668110784555,0.11452072421196836,2.333660468263583,19.507297101767502,15.052742530494282,130.29313399790107,0,Shale
2772.224927561446,71.59306193881923,27.294946959038253,0.2613851394205696,2.1110731570890486,30.056661786538022,36.76874396457845,133.78328781239185,0,Shale
2855.0565345593755,45.42208943793595,37.845362375298336,0.07260649640314853,2.1471149520804524,11.868446796235558,18.186199278750138,112.76146644875176,2,Limestone
2546.159784731873,88.25345808321337,25.67305539391727,0.1162545312353313,2.369243867348604,27.282826632570362,15.496498449294148,136.1505734993239,2,Limestone
2787.4915199807183,108.39674430308696,32.52876657515667,0.22511985634247675,2.288556969886592,20.381556360330052,15.077846315208564,91.02812130546087,1,Sandstone
2342.521589329787,113.66847989075346,18.66924826907843,0.14212164780299416,2.2562098675933164,19.98977264788989,22.927232819589584,146.74373793588452,0,Shale
3173.013451537943,154.24099962547336,39.104921319436954,0.26757574078492297,2.232078644159692,18.913499430060835,25.897782340366717,136.09375666773803,0,Shale
2299.5897824107547,154.96017577461427,27.76601583657909,0.19444253841366255,2.194044504291046,24.710201205855636,24.458312959844584,137.37812772992817,2,Limestone
2665.2238490281934,81.34768323067796,41.349242815991985,0.2674694485456283,2.281461612687303,35.26799817160919,26.63458770870261,117.84067009018828,1,Sandstone
2320.4999854181233,96.41335618355417,30.43640132465738,0.14257586325197863,2.4558023958370256,31.854515475569933,7.229308706279694,104.38129951892658,0,Shale
2439.3608246923995,134.88762431072462,21.595652373302933,0.13329216657145693,2.1050989605769965,32.56376820774695,29.76235732190984,162.1300274540824,1,Sandstone
2837.885943014317,108.07573502953998,34.60327818381483,0.13347652335360333,2.3836146732300136,20.181483537327917,6.2322375010831506,100.11652938180991,2,Limestone
2987.2052014616966,64.2539830714566,28.85182960351574,0.15725686904064773,2.3674555740654166,27.161104721308458,11.411838170579808,100.03048027773937,1,Sandstone
2191.538743399203,92.73925587018385,46.95363494179935,0.12772566206683758,2.414364155584807,29.89748378296764,14.985384151660721,135.0805005172558,0,Shale
3356.48629632778,74.95407471925924,28.109420791476253,0.16124435407200166,2.5227291101910017,22.512863502089782,9.170688623842214,124.9111583612433,1,Sandstone
2669.922950467058,68.8930997734511,32.83678449698853,0.23003707725128958,2.493082058876622,24.77961741488512,21.14230387343051,140.1854340404495,1,Sandstone
2102.7003246967524,90.61630738573882,26.112547063284985,0.132230139120086,2.283278157058812,21.731881591358864,28.49988299924619,170.26884034210207,0,Shale
2760.0721649301618,84.51644963852901,41.41830927736233,0.22732052381553333,2.323589833668797,23.73582781524257,22.157456269868213,121.14233484361449,1,Sandstone
3161.2245235720684,50.83133206567029,32.8135653753837,0.1248685147108488,2.52668322028545,16.71308162592244,0.845745670709805,89.30151054075972,1,Sandstone
3449.578786557944,12.357100662034867,30.761924214487223,0.21124470892478875,2.095505334765975,7.798186254961831,38.13409183112434,143.51658715339974,1,Sandstone
2720.9682876428824,127.97598738747357,28.144514654071465,0.1905246624201334,2.4742054554371617,16.725902386297292,19.352857965167622,162.69124549609086,0,Shale
2466.0912178068356,78.5018029128243,41.22969371585736,0.2541624662911953,2.4872995365115225,19.797138573716612,21.96122543994677,135.11950098303294,1,Sandstone
2568.2272144564013,86.09812303927852,33.327052943741826,0.1534246010724239,2.552585883084551,14.450816259838446,11.278855092766825,136.72923056088135,1,Sandstone
3408.8511209048165,58.069873985944476,23.413679190449695,0.29291098879242006,2.2618059676376467,27.160904775235277,27.133828433844773,109.17527004660873,0,Shale
3606.1468416688626,50.11501468141802,35.89228284886637,0.19485152323307658,2.958522095385044,11.895437623915567,21.84391728500662,44.11622223848185,1,Sandstone
2800.1549606099084,160.98472598291124,27.95214742394264,0.21073648501538145,2.133198338392332,26.539564711038594,23.307081502103117,123.47845960698567,0,Shale
1302.4894852503378,101.27885234046991,32.044451705231744,0.03727742851427329,2.220835879146668,23.649584686420525,23.361157056275765,161.83655360474268,0,Shale
3444.890002743484,35.374702492435205,23.900972930507976,0.35,2.7828529512661806,17.11616922465693,18.31455573816047,130.6254439172005,1,Sandstone
3234.3502359027134,98.49341351437475,43.382496307620755,0.2215507505360415,2.1682535886740855,18.493004706268298,19.730844876252455,94.08614183242523,2,Limestone
2869.060498487049,63.05036348636432,40.045978671244825,0.11062840219287763,2.545407638163074,21.205331681802566,1.4886124955555111,87.33189835634515,0,Shale
2117.062524771798,78.22584753865443,24.909053494264928,0.12864891861771646,2.243633536324031,27.894632984373445,14.343531609894315,94.71233533219103,2,Limestone
2996.0228675392796,169.85654500354167,20.261338463067432,0.16546202692341264,2.0,28.75910736211422,36.499714896807454,165.32216214105156,0,Shale
2092.976189993904,73.55852863102919,14.658190393127786,0.3142633922579131,2.333482729721789,17.982686041745136,34.70873444958728,138.59022165832792,1,Sandstone
3098.8337824060686,44.23744574042206,24.249418038126297,0.35,2.4408696245126738,16.249303712471153,34.13106812680044,124.21979422031303,1,Sandstone
2823.9495705652184,69.85901552844257,12.639579404486064,0.18053252980638892,2.092365129217728,19.330178782077237,29.155774442544853,123.49880124183339,1,Sandstone
2455.2459489002554,77.00327011500923,29.973142741367578,0.15767205169020745,2.432395966399868,22.25744395700615,20.671957113607192,152.27554796378035,0,Shale
2804.3431045124007,89.65043525776218,30.543356594653925,0.1034835696675695,2.6651663035622324,19.227304217200864,13.740516875562335,63.10424420571072,1,Sandstone
2122.609342408314,82.80073522709392,40.38839711982094,0.22377200837856032,2.375028264781435,23.466726697633298,24.798175557573177,135.4747149767172,1,Sandstone
2675.245215160609,127.59286492730499,19.559140641761594,0.19599783051273295,2.298156822321095,14.916243728229336,21.34972555736709,137.06550231986904,0,Shale
2423.1241227342366,112.00755545590238,50.71171302533111,0.1825629034863638,2.4147278836788533,21.248950478230825,15.817020237580298,129.12618717098917,0,Shale
2050.99186954632,110.49056711385981,46.904526695858394,0.16395292889496377,2.48908608022715,18.789014396994173,7.255992967308091,104.43725426823399,0,Shale
3501.067504759137,83.49509412161173,32.0498914730891,0.1641634358830791,2.5211872207689954,35.279667508067824,5.396457058149075,60.789011602673895,1,Sandstone
2501.5182676308004,88.8842967013435,10.897458187189493,0.14479215315438482,2.3463403667396476,18.30767614142492,21.345451526968205,148.69797840137062,0,Shale
3617.7886582537267,63.550600541253615,25.819908713665804,0.21308771723868059,2.574843816108745,15.13797219076565,1.4446690674625327,66.56998641092798,1,Sandstone
1675.3117542260484,67.07897272067788,24.14793103096399,0.10504636046650463,2.578434422559199,36.128268386464555,7.211327780264336,122.0181986831474,0,Shale
2469.531633402802,77.86571045291075,36.212560942035296,0.11841950983658106,2.178712190219168,24.673861026940596,20.259310035740263,118.11086786476585,1,Sandstone
3246.845553094068,109.5385353755899,10.58305952507055,0.1882667409848534,2.5639267874768614,25.70702931327533,15.07927992189543,160.5527974902665,2,Limestone
2693.477717960242,32.371334659332554,28.38572101967183,0.2662912233446131,2.7670498320150743,13.25696380947426,23.843954495682404,178.26923058012744,1,Sandstone
2890.970733422675,78.73499528722023,20.341283657449033,0.19834215760747578,2.1687007044926245,22.6937247425286,26.947965886008312,124.82326945444419,2,Limestone
2678.1612475066886,86.24205287711983,34.156633725386065,0.2545534306308749,2.3548083641964985,20.86949891854764,22.25698694924081,117.32629189456487,1,Sandstone
2198.4030283808197,50.443671107785384,39.207545652572385,0.030785330454374232,2.1770172393478218,29.474929329781027,14.745343495903773,110.40290322427684,2,Limestone
2419.6399753846063,66.88662721706949,30.407982182238122,0.09521481962343237,2.395923160735199,18.43107813727554,9.052467479783028,109.82651739945227,1,Sandstone
2508.716819954429,54.03699698634023,19.66971154965056,0.09855668782043167,2.3330825450000945,17.54352657341753,14.309781259074551,118.31648659911609,1,Sandstone
921.789190414579,75.25703887463763,31.705660267701262,0.03,2.4849692988632412,31.55711238623192,6.605939307863818,129.7621896677592,0,Shale
2895.340926728454,69.71909053606191,27.096281559840666,0.14541120508498268,2.3580692709356565,13.952741128797717,14.798867647284837,118.83047340698302,2,Limestone
2997.5384088522005,125.81148006259937,30.30283636552964,0.2328334318381942,2.414154184090898,25.75173707525241,17.48015233446475,130.92592475185836,0,Shale
2977.130301596065,60.867718167289105,23.91371712533935,0.1447949835285543,2.3241366846793854,22.708166283662912,13.443137349398025,104.61363701041877,1,Sandstone
3339.081591404663,137.17112531638395,47.10808544114316,0.2431560006372416,2.188067923415911,22.436810766173856,29.275339029070494,148.61161404883433,0,Shale
3356.7256652052147,4.465572480750637,15.518752247231316,0.35,2.8101501598610152,26.01137569802276,28.058200000347565,160.14554014081432,1,Sandstone
1869.5210982941371,112.68131306722431,30.41671422139356,0.11775511649175982,2.387775825338832,21.479835078487735,9.91345937688149,112.83788411122183,0,Shale
2560.8513152915516,63.751269373590226,46.76021458759929,0.11742420626440848,2.4780019448996873,20.398361877162245,5.741815777234546,102.46458912506557,1,Sandstone
3261.3241526513093,63.72478199516602,26.43698682267938,0.19849259099231262,2.2209525266281602,24.77883087985024,20.018631265220066,101.86703881662883,2,Limestone
2776.9256815585827,20.836892275392458,24.800581625777927,0.1030024900317246,2.575108576912853,27.36083736655594,5.729640287984433,113.61221692649312,1,Sandstone
2566.808762420383,18.42584964370255,47.92450823138592,0.15077701563642765,2.2755633012002954,5.348869233351387,27.264016944464288,138.30266967845066,2,Limestone
1578.1474510376875,99.31430806572506,20.551194988759846,0.03,2.136011685094393,22.87089217702213,29.16254658252219,180.07284456196749,0,Shale
2338.167185168096,102.0290373153537,31.126852001603737,0.26899353083934074,2.0,17.386240523951244,51.865812154590614,177.30157456005588,0,Shale
2998.531240555364,89.75745812789324,28.544323502571157,0.11842231912457661,2.4496478191835127,26.13513759218889,14.871826113543587,153.40633668098252,2,Limestone
2159.3720863074177,79.81315214791577,14.095697414807027,0.13564324636936975,2.4986423803535187,13.59247591480139,13.120827775451836,134.38142178712508,0,Shale
2887.6354686187706,124.72917830338827,13.53758650893749,0.2006675515055348,2.3236976709421766,26.819896256426976,16.414076119563795,118.94862819062129,0,Shale
2930.4480705211804,55.820043481893165,29.27570930357717,0.35,2.388202400084539,16.46128489458082,28.65726006952648,109.59040254978392,1,Sandstone
2341.6721669258645,136.7113530013387,26.02259715754468,0.12144807787612172,2.502680862187187,23.21071064422572,4.0747236976154255,119.50753642307829,2,Limestone
3177.1259901647454,44.558881993190774,26.773922271983537,0.1407538535729707,2.510673512328055,27.248528060257637,4.385357879655015,95.29907665776454,1,Sandstone
2754.2566264462366,71.31885270296387,29.93383755846512,0.2850536564604929,2.5724433511427858,13.778460464752683,17.00509982793222,118.14200425691097,1,Sandstone
2444.0051714236483,121.00781571402567,38.782139981549946,0.06981536563504709,2.5289634211789793,26.226031606885574,1.8328713225913447,111.08586778143705,2,Limestone
1988.261753338844,100.47144516668324,31.482029686278977,0.14083431204084312,2.4234997373966327,28.318418305569473,15.201245859995726,133.19541058096974,0,Shale
2767.717973339028,102.67463780630447,26.991647130449678,0.09886157754855096,2.450583536247295,17.816022049015245,1.4750920844886668,99.7958094450229,2,Limestone
2525.7822620252073,102.21688858883977,19.528156447517716,0.17864509892074812,2.382791516351728,13.54657657344757,11.00344105389824,100.36054767376434,0,Shale
2946.740751429292,87.2621736263576,30.20804023772544,0.15408519413530425,2.427113782243252,24.928080918256057,13.45238952178031,128.7151543767418,1,Sandstone
3443.564943470567,77.71057352308212,39.84950103005851,0.17900455934083967,2.0994902573883873,14.147330173084264,17.898575281175773,83.58630327820728,2,Limestone
2554.9897443300783,50.591149712941984,42.07026513427685,0.14244042156495443,2.3926305150442553,22.732552578706507,24.730508209794664,161.54826432637236,2,Limestone
3336.7097276122354,115.14586999667034,26.460486123262317,0.2949546821164939,2.061413198116834,20.11023752527153,48.53783896291838,189.0891900745731,0,Shale
2670.9372509847785,76.38341032281134,34.55902633167647,0.09314286339744038,2.3745961788837597,17.404695590076276,18.434111874468524,156.4375607269508,2,Limestone
3011.496763330084,73.92097780800525,33.94523605161876,0.12967996461907222,2.4804902634757067,26.098375489049587,0.45626694185220984,83.19179937146367,1,Sandstone
2652.34472987602,102.51761825064885,39.63737877173107,0.06114126746702571,2.493376942395829,28.698584492693243,5.690522308167873,138.88947816754336,1,Sandstone
2680.989845263808,92.74748392728608,39.54164514190924,0.1580403338093317,2.3571772234908526,18.598141653974327,15.711397671709591,123.48124643964864,0,Shale
3130.1808507424203,87.26776825862652,40.251346045575815,0.2363579564802246,2.440508935877405,25.21774037539281,11.536927302033368,95.7566923700631,1,Sandstone
3623.3029972375953,47.800521459361676,27.45845469125613,0.2821621276198737,2.677963737312967,16.315462629889247,13.800563303500825,126.67839030179265,1,Sandstone
3403.7701499409636,52.41708896350704,14.831415834916815,0.19751987838492327,2.0126831587392555,13.964378107088194,33.411591337117486,124.09956939275948,1,Sandstone
1519.322468998355,74.0144220686515,30.706970216648394,0.03,2.284119587165598,17.679022577921085,22.004851496774783,169.34991928120598,0,Shale
2542.5476867662187,127.4937898794257,25.61921351896463,0.15146375930043918,2.5426721219502775,27.572605210454647,2.789582838068423,109.79534235640546,2,Limestone
1911.0579643992608,73.7630659123012,38.802141396241765,0.032121295158692414,2.2489058407590794,14.133137069278142,14.992435754092911,128.4466919455968,1,Sandstone
1528.315015365055,100.07318710006956,38.69762058176292,0.14004191160439317,2.575697820943481,17.438425601779123,2.5933509750214085,97.04674735374974,2,Limestone
2470.2492521320137,101.58382838839314,23.81370049253281,0.10054191785524853,2.414487255677412,16.920370945670456,15.429517559943967,153.1448904229121,2,Limestone
2970.2385459840243,8.447168602045792,35.83433569155965,0.35,2.784479081926734,15.753968690297278,34.73511449223096,155.55534838277538,1,Sandstone
2743.2568570250564,85.07097126836157,36.3496287361255,0.25253296590182067,2.4141302055516354,22.639268058606245,20.114459045750586,119.40274167645106,1,Sandstone
2419.4774164516575,108.20526863799545,35.10732066135893,0.08189155312590929,2.37644267875551,29.665800098846855,9.781672039285047,128.12482243821376,2,Limestone
2720.9727261323433,83.8080670815501,26.83883719369589,0.13584252822248324,2.342128787379736,30.344355574848585,23.04891035793301,160.0104500059902,0,Shale
3547.019088008985,68.2449717061071,36.52880371472288,0.12789778755017783,2.492307317701767,9.396914102597203,18.030288286072025,172.21801929536394,2,Limestone
1169.6312643971683,95.0588267073411,18.671171866457268,0.03859196681232113,2.3509097038769093,25.666636572676143,16.08948006605236,147.77299534179912,0,Shale
2994.2282906748555,72.85926138559799,15.646311729531108,0.05176100121470972,2.723152728349228,26.95991078459459,4.432781956824984,172.81975797143144,1,Sandstone
2735.799441772987,32.39916644671199,37.81008954607152,0.24007845935819372,2.137673271793069,22.57182039492171,34.679816841094535,122.88185424341607,0,Shale
2012.563095680785,60.626695810790665,48.9557477322856,0.07730588596120502,2.7335838852241676,23.037350108726155,15.163926761811444,199.08541534047777,1,Sandstone
2054.208535817904,106.6407749137783,40.826249210022105,0.06740468704736449,2.203802512084664,14.611002536670403,21.885736651905635,152.54199742030488,0,Shale
2705.7528362130997,79.90417767111543,25.52184996128234,0.1383041573436608,2.4311988396418904,34.36128443574808,4.799041764091413,89.42235444185886,1,Sandstone
3132.953689287634,61.82624359329127,31.54850448310384,0.1686633611904247,2.7144798467340943,26.975642119398803,7.892734143479783,144.32809035619985,1,Sandstone
3560.1955778767738,96.00909051405863,47.259980020943374,0.28669374318100016,2.605926463022971,13.256358050803282,8.213349934291749,101.33997754424506,0,Shale
3262.015969059992,94.51063931201742,30.445020823192365,0.17719734595390907,2.1962328394538573,28.631883408959727,14.114026211690582,87.75446147297384,2,Limestone
3403.6399475508583,45.230138738650005,29.344708845110485,0.10766920250560022,2.3257676437861265,30.488462916158877,5.873891214399327,82.98007049284794,2,Limestone
2119.6218380867417,79.92732502963399,16.677554132365547,0.3028206854070834,2.212831150199026,19.409492949813234,36.73355150802663,132.34041822618263,1,Sandstone
2623.300657740497,138.17286703405915,37.77549765524128,0.2391330685334458,2.4327441191621197,19.413400062845845,10.959281451691908,101.35393253514843,0,Shale
2363.8530259729546,111.24285792005342,26.48486623241101,0.1900178498876559,2.0765844703893372,17.05683213626148,28.427488509010487,121.97918637509123,0,Shale
2601.70980829901,92.27835321487709,34.27837860536044,0.19956502509734464,2.286819159526759,29.406741872588146,24.854436927255595,137.23946096064424,0,Shale
1280.6587124109587,59.16182833233666,24.778698137742523,0.07150676561261644,2.676697047221757,11.555923381075699,1.3767166745423296,104.39445079962306,0,Shale
2386.710657646525,62.761404568500865,18.396270223325352,0.14837723123188662,2.4867909745776666,15.337875034349935,22.909609526411707,170.24359895187968,2,Limestone
3046.1634365038262,46.15335153362092,32.376364030107446,0.04234072550455964,2.3140259951749402,21.150044813786756,20.343050014231032,166.58792033710833,2,Limestone
1776.9502900478783,78.12822000910771,45.012768835117285,0.1370222709712615,2.703524675066214,20.00693323641557,4.708190245494862,83.4782035197526,0,Shale
3014.9296402772984,42.61848092000479,42.71918303422366,0.10000550826966668,2.9455768263504014,30.68202770551036,5.68444616473462,192.60372971359925,1,Sandstone
2656.4494751460634,85.1398548344813,32.78079595573527,0.1447564245715644,2.4529770819276937,23.738867173399715,14.441518333434226,136.9553526638671,1,Sandstone
3743.4828225552296,79.9497901447688,29.26526945435782,0.2047053133687205,2.109402506098432,17.235497760367316,14.152080055724428,63.54715276422889,2,Limestone
3314.513454772761,81.77024962662783,25.592083039880862,0.1241618716700145,2.388234481842008,17.48060514001228,14.464162744653354,139.5452814771714,2,Limestone
2520.9329618316515,114.83913461962854,43.96943456232821,0.12413845844461122,2.4029204224455833,24.16348009531781,9.161180251941278,118.78302511532783,2,Limestone
2123.6286824732138,70.70058585434805,21.926199437158886,0.1687813104818908,2.252854752321512,18.319818396260583,24.005089832466673,124.65838443088782,0,Shale
3080.015132732036,29.444519736055938,29.218300638642067,0.17601512999990554,2.489815923823939,13.754959285770742,12.510405625695018,110.4841780172363,1,Sandstone
3132.2879199021177,51.50887339860832,16.952062263791582,0.03666992359966087,2.338481537264919,14.46238513053793,13.336230891038962,143.46720719924338,2,Limestone
1826.4515335828542,108.37670422499376,36.633830488473855,0.08890737483789372,2.272560328075125,15.536999043048834,19.291495763527998,143.30707331032664,0,Shale
1362.2454055156966,75.74707263403342,29.092532426608773,0.09827891599181125,2.6509860733449124,23.6869908573677,0.43973098474927497,105.2845666559679,0,Shale
2654.173505519679,81.59619088268758,28.50189281254209,0.22856419518753854,2.5342984257285743,24.397281046094236,15.279710127655997,125.14483888158497,1,Sandstone
2802.347068611494,80.1084676495946,28.726423318788882,0.2272301672086833,2.1972555253623853,17.54907614978945,29.80693478671271,132.5209225595807,0,Shale
3284.346225378366,161.52911187309957,43.43008083736131,0.20717415438633563,2.0,21.40932811493951,44.069443216707214,184.97418407365583,0,Shale
2993.157907006389,63.13707577909492,28.048183270854228,0.06626901572680231,2.2466629527790944,16.857191737392753,10.970886859718046,107.45349336467137,2,Limestone
3148.968553325967,70.91115542271461,16.256007515258716,0.17910940898296865,2.448645215705939,19.135562610413103,7.380524539682158,92.82537134938772,2,Limestone
2549.5224753383472,66.42380607172598,21.75576711336653,0.12472034384907282,2.361298834202299,32.37872432473746,12.427466674616676,110.24914331041802,0,Shale
3323.450434378485,90.16901755445068,43.350518667941365,0.11782639128831884,2.328770823769465,18.17317559513479,12.728980298337758,125.7537036074348,2,Limestone
2794.627158560211,125.44520758626939,48.96604068573929,0.19075280477951606,2.426937728600598,17.469796024537008,7.793504484160527,100.47579258345294,2,Limestone
2069.7132161711593,127.5736645464733,33.28534753913948,0.09703216268662491,2.5061732409371364,23.743998958678297,7.83993620959628,139.68228404940436,2,Limestone
2732.491030076384,88.31419148044654,42.42950203042062,0.16324499722528643,2.380925659758156,21.572092656911085,20.584881955224414,147.7490686740243,2,Limestone
2671.785558823444,54.85795167549543,34.10920993881771,0.10315450955536032,2.3149535633799023,25.111077001615932,14.677049856398746,117.4046382150645,1,Sandstone
2921.6913036122637,28.904118092866028,19.565005049052424,0.24377809249434645,2.379119112563359,22.018381824644045,28.148866468262106,136.7298663189469,2,Limestone
3538.73939045618,63.09909710716816,29.65691643427541,0.13654325454400354,2.4456041973645717,24.025637334837832,21.197102326815752,173.47621785791426,2,Limestone
2603.418971014007,105.03135163846544,36.64763089724363,0.1475601123577394,2.400502745004964,22.334438639958208,11.364436969227283,118.09065860546379,2,Limestone
2661.4382217948623,115.31603481622751,35.837293615218194,0.05772970938041565,2.347686163884343,23.538165902430794,2.336714606053233,102.24876343881934,2,Limestone
3123.5031464672834,4.756292083932237,29.50495353934932,0.19310326599118524,2.3875211177952154,25.77288296999657,23.9732475494039,131.14349959806785,1,Sandstone
2347.9187478529925,132.86413050490114,17.01258313389508,0.19620089828639145,2.289389317328597,19.995681507658926,22.68717296432692,139.24118256530576,2,Limestone
2189.4025183946237,64.70498754087592,32.48225507410342,0.0634053320097757,2.1223597581400346,14.413976189425858,23.876724633370852,135.91430722398547,1,Sandstone
2685.0083643951393,91.12219396112114,24.076677951459722,0.13819354999127756,2.318523596781083,21.760927463315287,11.335645278757937,102.59121476047827,2,Limestone
2850.9514681108612,61.126921596956414,31.39223398463616,0.16516756018768367,2.1862223328599377,24.832580146330578,23.813766065472898,118.75152652563577,1,Sandstone
3194.3024764055262,58.96024681018863,27.10998781398783,0.18114077565244904,2.462549674762687,26.70383885795569,7.063293340735527,89.76241612954007,1,Sandstone
2135.7965515479013,56.09170387757392,29.028328936274967,0.2796468430859533,2.5478776193304578,23.91866824676092,31.112285565437105,168.04090648236422,1,Sandstone
2684.426199999905,112.22805608297273,28.547713541610804,0.15314571362715673,2.2900433899336776,28.965716144455367,15.15142414763453,116.86148334661719,0,Shale
3710.7030663437426,18.568941000922365,27.60450543115162,0.21615228667996694,2.4229033663905843,30.775182296148667,15.68862002532422,103.15129877397553,1,Sandstone
2268.342747625545,62.94648853079801,21.61551749102425,0.26593038163638477,2.4141633416393002,13.893553249291015,29.943683194867013,146.89126824668622,1,Sandstone
3128.4290489443674,43.368544127083254,21.832620681351,0.3002379923681898,2.278275872349195,19.574330534727526,28.858450431162744,109.17909950568995,0,Shale
2890.0249603958014,32.858039649485924,48.17310819725607,0.27782230831178845,2.640476259844349,29.109906685601896,26.68821319554472,166.84069920246247,1,Sandstone
2898.3898980005647,64.65302504255945,42.12490944081979,0.1932769089032222,2.456953954831325,24.372816640273506,27.281186475857158,176.34058859032098,2,Limestone
2759.0394326595624,124.18935499612274,38.22842073216358,0.17773350624818257,2.4194185448587575,18.524883153118417,7.58760600120571,101.84179601733342,2,Limestone
3329.686732007433,58.33705557139288,23.378114523233393,0.17318587447522754,2.379005511147898,21.608135729965632,20.348772464954603,140.28273404438056,2,Limestone
3081.245632957073,72.18866001726579,23.087875622088827,0.30566375795855166,2.3488435373063012,22.923125373240993,23.84319423498109,106.02022817595038,1,Sandstone
2932.0094683898824,123.64662505725815,14.110103975222245,0.1915317656792919,2.2604550596857584,8.367150066576357,13.918290647135674,99.19571128593728,2,Limestone
1716.718252621502,43.30156105397012,17.678015336868953,0.18836205987850754,2.3188406703299993,27.267458786518013,25.37893538763432,121.9800127691345,2,Limestone
2904.854475384071,142.48715318782232,31.956405283123157,0.23006278105818245,2.395811605419636,19.396914859884568,23.169249763605958,159.30815191223672,0,Shale
2006.8046649296757,95.94515041168276,26.462949577444178,0.16383637144320343,2.566812483498416,35.03195925696575,7.9203189922603405,116.37759814854394,0,Shale
2240.427051184253,39.255994268793565,32.96251931889965,0.0706980876987422,2.3762722153030227,12.012004089846922,15.59144501002409,133.6242046028395,1,Sandstone
2635.9076765126524,120.1896861046774,52.399651922314476,0.17638076373178,2.2268799856628134,20.77083619437169,26.14007512278331,150.10587964256447,0,Shale
2936.666873873226,77.8980339966081,42.9171560752124,0.20157663241865786,2.554492444010921,13.582425565521334,13.567827782270053,132.6815400896421,1,Sandstone
2421.152350044165,104.70846599551473,24.888022014386152,0.12785288059281114,2.2496614011242997,14.800026519438141,22.96977898613844,148.73241762772616,0,Shale
3200.372648660162,101.0749691282357,35.67021832903227,0.1648628496819134,2.3162651742015257,16.013462325358397,6.617569141961593,80.76412891739591,2,Limestone
2642.7444264097658,75.82170804780577,37.45635832802803,0.10633976396970334,2.4655478254659036,27.388742995487554,1.8978398112260866,91.32480203502605,1,Sandstone
1304.1795898282542,78.37821994776598,6.81757019647501,0.06700731100108337,2.4816982188851795,18.164703155279668,10.326245417584087,131.1836012674385,0,Shale
2970.540648736069,7.476089299281213,31.017372058399268,0.1303558368515912,2.506139085899619,23.995724708686232,13.213939072877638,124.01925817378964,1,Sandstone
1233.8725611963032,79.48419663472015,23.846076742451228,0.03,2.2701544984208755,17.691174047423623,15.284172395667547,142.8029849359909,0,Shale
2459.300765497841,93.4799788327771,15.963326939494726,0.1903549057422697,2.4835739315108607,22.337472025439073,14.306930530404047,126.26942089562696,0,Shale
3139.5177147054137,111.17535488377322,37.204568950760695,0.21083337121362591,2.148303923337649,22.722099492263027,19.035328013668916,94.01819219598522,2,Limestone
3634.2440683894665,63.593106014161776,11.635111614295734,0.1739206342922167,2.3501809171830534,18.55561171859177,8.8634650212997,87.11302252062924,1,Sandstone
2946.924302517861,101.21079267942358,28.81791554429054,0.19960565234574817,2.5750203937535554,4.745359434230348,12.03056155118851,137.9384449566294,0,Shale
2546.2995486618947,64.14483132339818,30.216055475916846,0.2526934187720041,2.620388662465057,14.489811708879145,21.35807712664278,153.42929881412,1,Sandstone
2947.513520604542,99.2247856970324,48.489386185618585,0.24889880397066672,2.2518958427260842,23.077139809224768,26.846484725261718,129.43618675179957,0,Shale
3006.2158044378425,143.14640593961428,24.579164449521212,0.29729846212619304,2.3433449988160096,13.315623447646356,24.274648143865,132.73774732365166,0,Shale
2395.8367032397637,140.02579847249163,21.859287775078172,0.13665298455164848,2.4926954347700785,29.398234800705673,4.658212293459298,116.83898011566757,2,Limestone
3180.6015328473127,76.13415397344434,20.470311664925948,0.09462889300062072,2.473740848992918,15.508324724926212,18.582615738966282,181.0803092940564,2,Limestone
3079.485720867063,91.83187202069216,11.114765872845936,0.23382834385708867,2.3997097914729517,21.014717295751034,23.4033187663432,145.03357072497974,0,Shale
2355.5428893914736,68.55827566651831,28.951796340595372,0.16881831575148157,2.5162653188212447,34.053456514576766,21.249086767688432,162.33327716493608,1,Sandstone
2192.4246757508204,123.79886887685838,27.972799705633296,0.1616425217347759,2.387053154159275,22.60029176666647,11.035151731822413,110.28605745464542,0,Shale
2431.983675500915,106.48129949732511,37.838234057466586,0.06332181271799478,2.3908019954011968,27.907934788825663,6.348541341034526,120.94084188126614,2,Limestone
2309.923267429108,114.48494468459896,25.315223492680875,0.16475935597463007,2.3108456305776315,19.412921677902567,21.7183670739143,143.08214810044836,0,Shale
2840.2188467249853,86.41361448259501,29.912104778772225,0.03435578209133533,2.2226265793717674,15.464653048760425,4.786943990533468,91.45529084010205,2,Limestone
2926.398220267024,146.3274432286604,31.358417481081126,0.10946360133683299,2.260363354119717,29.241821947793497,2.264729072647498,81.4763484610705,1,Sandstone
2847.626620076806,113.43716630498197,20.913477180845415,0.10985202881051488,2.528399057494972,21.635887400788476,4.392091909273486,87.62148581864312,2,Limestone
2516.688737656502,152.81704037469123,32.52231479919298,0.10240149750281793,2.4411607573602865,17.707974585431998,0.998140153272935,98.99358708873588,2,Limestone
1851.3987244766658,116.9223098682113,24.709753493612222,0.03,2.614454208610329,34.36495938341595,0.19077815110191843,145.73178117535446,2,Limestone
2811.9260622706965,136.97092969721916,37.12662032127007,0.19377335489275246,2.4676728438360622,17.943693470268478,14.676072606431985,142.838489211412,0,Shale
2720.0332713647576,106.03472141079158,29.758285736417914,0.16546965885207,2.5189159160994303,24.357444154086348,5.566521911075522,108.4462449458453,2,Limestone
2908.698824988828,79.39846485398226,27.74887439314884,0.15724025943303155,2.4059288831692442,32.04214418392804,18.683287846440617,144.85373427246802,2,Limestone
2437.760524101417,64.96823078896654,22.298808927682465,0.14084092505298534,2.713267279142175,19.81729282234077,12.815580982821704,168.99639588317802,0,Shale
3485.32633166312,110.18816351733116,13.544877548746538,0.30519452144911724,2.4907943398194994,12.571064874542362,26.14626113419571,160.6426761978877,0,Shale
2275.3140927108375,79.25270281716739,22.01479607815972,0.1529006016991189,2.5249212904212515,24.51605123476975,17.66701890771705,155.47516498026732,1,Sandstone
2606.198301664618,58.107912764257506,25.274991069150957,0.35,2.4116736135596337,20.28942690502997,33.27231438429472,126.66898993962218,1,Sandstone
2402.0638670125345,120.77599424223817,28.87029524050932,0.03,2.5474164169811404,23.319220854243675,6.955841338797754,106.3658167869527,2,Limestone
2646.500057679413,108.04987570863071,15.2438725361706,0.1729557984057307,2.4196554788802866,25.636898198550814,10.323909738246234,109.42664477373296,2,Limestone
2689.251621860242,50.84527566305804,34.10460221902078,0.26368700849226423,2.5977673804052768,22.983708885368863,24.92176503416178,159.2851054277203,1,Sandstone
2790.8430810621894,76.89813855007705,27.24036903544999,0.21507209183755494,2.4747710805385927,27.04218159732867,19.70044179036484,139.5911661197648,2,Limestone
2728.933578354913,58.83220352058878,28.95227988318466,0.12947145819991046,2.747467958132382,28.65459679286031,11.734941132806274,175.8421980657883,1,Sandstone
2983.018496131824,98.3211887447195,11.895771182696386,0.18344314074186874,2.4292856207252957,22.55272769243783,14.582878018565552,128.21284370170932,2,Limestone
3162.9839262592914,105.45553655552081,34.559683998805895,0.22410734751411746,2.3177341664309314,30.40466365717391,27.99066438247995,160.27816728122173,0,Shale
2945.042382553418,145.0923068640921,19.467936039573374,0.25293887248849145,2.3552187248719614,21.45166196769843,16.207905495399924,112.97594130804274,0,Shale
1204.5644666442718,80.5991196529816,40.541831646373076,0.04558857960124027,2.3864744652186567,22.412570505068697,18.72854958018726,159.66445956627234,0,Shale
2585.8813931870864,122.43973457948255,48.38754500912114,0.11269208576519942,2.0,15.110756248169741,49.58884870445837,221.21641322655222,0,Shale
3008.9876658765374,70.45145106021751,29.82631992490902,0.28030663606263206,2.263396576095562,12.45885206047421,31.050287678165326,131.15512164416864,0,Shale
2753.0082076982953,103.71912891078742,27.920876899338857,0.17265714736816912,2.346446148542172,13.693731134717858,14.534347517918818,115.51121593628478,2,Limestone
3997.9559860814857,115.9546413783845,45.29883488405151,0.06003666932464578,2.4755804635967227,25.09680979652766,6.560265181302583,161.41948882842456,2,Limestone
2254.5027435713373,115.62768157309024,33.205064125986375,0.13935329559077583,2.3447142275609427,19.179728889070788,13.421008151235506,119.4410515149647,0,Shale
2154.186373950796,85.42919505617361,45.69584066281079,0.1400713108406025,2.288440187389674,18.260918108151618,16.907785430837915,113.67260926790138,0,Shale
2833.5720710176283,118.61539553406398,26.367508177471695,0.03,2.3355918050154068,24.339085896264518,6.071667779548356,82.48994483582595,2,Limestone
3563.663208230954,78.04828369443874,29.650393038466195,0.19891029269950922,2.351491430779294,25.253556347491305,7.13979736429638,74.55701630305788,1,Sandstone
2360.265436074069,47.938357338839126,21.549614882837243,0.23554708449598383,2.6057165680502345,15.209654868402044,25.193487221120925,166.7660412274397,1,Sandstone
1624.4016625722738,73.80737726279936,29.524027548814928,0.06945243600661591,2.568178979270535,20.031344269838552,1.3608754129355791,107.12497587845559,0,Shale
3162.2342701758557,82.39915723563124,29.411735908319496,0.13684043139684138,2.5338622406493094,21.285044380292597,4.960475183071129,70.09267403572287,1,Sandstone
2069.424017792148,62.59023556993991,34.885201384740085,0.23566915684053172,2.631807321112579,15.145108611289462,24.34285165868704,168.8154406712735,1,Sandstone
3921.8220174103244,52.29029426843628,27.10879572833173,0.14198793588679687,2.278458965407906,20.275418750642753,20.333513336939337,138.13154196192644,2,Limestone
2850.073268731553,73.18491317439265,39.1637882736333,0.13522374190420108,2.122704736570301,22.211351838086866,22.867724064139573,117.25017281837783,1,Sandstone
2221.9788865159003,108.9326080556898,37.6705021849271,0.15685479276665756,2.2898766400868342,21.952428475279778,23.968790606176377,149.47654949360978,0,Shale
3317.5794374631405,168.7167575572321,45.253032920745916,0.24456100506247247,2.0553177177869344,27.939705126400646,31.68041454446463,145.2202417422872,0,Shale
2964.5458556932067,94.69564896158717,16.03770869763809,0.2616407897729587,2.0707613936526834,4.9363380113693935,34.80927728957718,127.36984357478458,0,Shale
2557.6164890108944,101.5355845964995,30.838023596113405,0.18427648485910111,2.5430462848846234,20.949489098357766,20.336253914003397,171.15764716192638,2,Limestone
2689.3085193943352,35.988755342218866,40.42865409559609,0.15472258556526314,2.410304579675142,23.43150512758363,17.033883773603854,121.62443632846539,1,Sandstone
3158.0093939671415,96.55819287358707,38.341005719100686,0.2935273040632407,2.3857330455683274,18.95481193884539,21.478451258614555,115.19281855836948,2,Limestone
3319.927799477954,83.04884809416683,4.539949353785303,0.13115162277742254,2.4735138709450952,17.29502354684008,11.495493468099216,139.4625322045508,2,Limestone
2590.6397411713297,116.34854391881714,26.814333319391675,0.1194925441277509,2.136254317297964,13.55673340297486,28.032814524845108,160.3599521862037,0,Shale
3647.087665452898,66.68770693806925,24.81162957178312,0.19712797685259956,2.5298218244958814,18.72267750707691,0.3753219320456438,70.28669354383851,1,Sandstone
3529.315594981973,75.18654335778447,32.86015807634625,0.2446581161933405,2.522295060050002,33.54903017247919,13.87344135580939,119.62259000950594,0,Shale
2853.1021441454554,91.931315116987,8.76621461601772,0.16683898507798345,2.41774506732974,17.5836086887561,12.045663605129603,116.3976365661522,1,Sandstone
2266.3994593927723,132.2334454031828,43.05645561840047,0.1394164753562901,2.2012602658413196,28.64499544070894,23.22474042599733,144.25717800172072,0,Shale
3115.6818243442403,95.54073090087331,24.664546626159463,0.13489235963587634,2.146818031524773,30.46187383954387,14.444324775287045,93.5701355321161,2,Limestone
2347.1445665475494,59.96727201282626,21.839358115082376,0.08145216865415113,2.162601412111445,15.876249756977076,17.129426583448367,106.09606784795582,2,Limestone
2863.775214347598,144.64037564965653,35.847253470359405,0.20004543967003263,2.523237689594492,20.158035724699587,17.67031898082735,167.90813551938982,0,Shale
3046.903117850188,62.55607456302782,26.714627779114597,0.14570622696941815,2.3145107020117828,29.823244875588273,13.091301101274755,102.34046399716034,1,Sandstone
3156.215955905451,28.408963628184097,29.844528463564252,0.35,2.6640040518712595,21.866798659388053,26.469046272989438,133.2329769466398,1,Sandstone
2731.413576010431,110.64776119803241,40.34799130526236,0.1310131434153737,2.3111921802274233,20.02701504047656,11.024354325158493,109.43620351301797,2,Limestone
2134.602106079821,77.45188919867195,31.485310156415046,0.12815014904881214,2.471292806917149,20.06394121000021,14.512412142737462,137.34351567233355,0,Shale
2626.497618324308,75.58318338868742,34.45396772114286,0.13137590595090046,2.4869777636553967,28.96029057343845,8.476064706760734,116.66665127437628,2,Limestone
2586.6563543021516,75.99796785530776,29.209349805126276,0.16285369658782956,2.6193919216670327,28.738482396043835,11.376141961993154,142.96772872019335,1,Sandstone
2617.3382563773584,89.73639855880694,31.88440080420757,0.10864113558661012,2.2871241954312316,18.881048666958765,15.606906935226466,125.67360565931344,2,Limestone
2952.886806338013,40.320673985063536,30.933651929315946,0.16867656228726577,2.3247538620633694,24.506088430103485,20.460339256551777,121.68717970907926,1,Sandstone
2590.1736460481075,65.1474516917456,27.559044378414583,0.12944331227634423,2.5412086833073095,18.051319041449833,9.148585735573583,126.44993615631684,2,Limestone
2365.0904143003813,36.389111503279956,12.662329099917518,0.2865733469898013,2.6414517817863596,30.86910361383401,31.840547600415636,182.4176856105933,1,Sandstone
3145.5278155143046,34.16880193006571,35.38034839154462,0.1699043723572406,2.3260363451862167,23.26170738337137,19.937858631861896,119.42995896115714,1,Sandstone
2385.660090499428,119.23585479871124,35.2654777915368,0.08725273503108616,2.5494763487887573,34.13327537783252,0.11525838910880992,115.36422849760446,2,Limestone
3460.7039195917782,120.57139534703518,57.53229510803207,0.28513193210429555,2.400348610641923,17.178814231437446,20.89933487927114,129.96019169823347,0,Shale
3256.802271368229,59.11185228762655,45.997042010481024,0.09792753363483807,2.3828281338691997,19.98138653432796,21.66212805026241,172.79533926847392,2,Limestone
2741.205762514308,83.83464152709078,38.181755254714744,0.1808092056368079,2.5162598448308473,24.287614881807873,11.5048052385591,122.93291997133925,0,Shale
2700.5491254518442,119.0907150258251,19.57416846466174,0.17217346938552508,2.309501765244091,13.98806476746697,15.276949129668674,116.83559573817203,2,Limestone
2764.5179453801543,52.13547807540561,30.115938593253713,0.2971780761446537,2.5589680353280726,23.618703576399618,25.565577284357904,144.79375743127048,1,Sandstone
2502.4631586652736,137.10468090542622,36.235995270520135,0.06680716448985198,2.4844933423610343,24.064802228968393,3.759982415979504,101.18204302574212,2,Limestone
2500.652262058772,37.53206122930792,33.475254940267114,0.0528863405759295,2.210978277871823,16.552049546931276,21.694020104066094,140.54217732788933,2,Limestone
2389.143932874455,51.81823310428636,20.09286478611906,0.03,2.1725574047368394,29.349888448335307,15.720001080740925,144.97117519224327,2,Limestone
3222.2364853809245,104.13167110371703,24.75073479219601,0.21257394764072668,2.604020712891297,18.200881963808598,19.23373721992874,176.50736138383368,2,Limestone
3491.123081704036,119.88909907729828,18.278269529735617,0.07008229248591363,2.357033829576286,24.874462332984713,7.516705726819882,135.56643788222814,2,Limestone
2386.856362665526,88.0593670355525,17.905775461081657,0.17286918969693563,2.501488139284185,12.716328692518486,11.871649284281963,121.6774823219563,0,Shale
3678.5161467133685,37.32027779239129,22.316765063033717,0.282437641479633,2.8504446071754783,11.880578541511387,8.988631116246372,133.07882842066212,1,Sandstone
1606.8977096008605,105.79639435322271,34.265679117836775,0.11031765885412081,2.4548131204540877,23.779503022904816,9.327413488482115,119.41568282680832,0,Shale
2530.82755105268,77.6813179719035,41.908859328665194,0.10853114134802848,2.482976013766136,37.08186080925341,17.59008546075756,165.66722175072834,2,Limestone
2233.3261756434267,140.4766654253877,35.673056252922606,0.1240156748825535,2.3985347031361797,24.279000730222513,11.08086938975731,131.8838005604516,2,Limestone
2540.5360376511703,100.71418406299946,34.43675726888116,0.03959988677654033,2.5803388559922635,24.265710438520557,6.17221842354159,105.41101317317687,2,Limestone
2406.697317408315,118.59856636752633,29.190385752632267,0.1925452261459085,2.409332759581414,19.664733128819417,12.42233392547346,110.90986303750996,0,Shale
1624.0827675842452,118.9231288446134,33.57192878994939,0.034425834513776316,2.1056715763574436,14.442623626781552,26.963814111102057,168.36169954894933,0,Shale
2298.0089070059967,88.34178802966366,18.669934342186032,0.12557404747786077,2.269457938772667,18.80289075483889,30.10848775026394,179.21156078962895,0,Shale
2096.1995910485543,107.88589874389086,21.21863681914593,0.11785180920705063,2.233658957005676,24.301930143200735,27.69698803704734,168.19321145602888,0,Shale
2073.2159125307226,83.88208030167581,32.402306257704474,0.1921126654190667,2.7754121265469824,28.988264711439463,5.343607378421584,80.034368510512,0,Shale
2889.599569313362,83.98732496718934,12.686931903272466,0.21481599411364488,2.5990443506181724,23.759628252660583,22.132031386177758,177.32607076339974,2,Limestone
3088.6120241876893,79.1594167374433,29.96642379960019,0.24085322121736424,2.2916544429280745,10.299532440853717,21.347080091156457,109.12198313201208,2,Limestone
3215.9155269234716,52.2694946501205,16.019179600812166,0.2707818646243667,2.633508481873427,15.822068465845483,17.560615980633226,136.32669753088967,1,Sandstone
3027.2518778679123,90.0746513414133,39.86761617482823,0.23988591088010003,2.290816108304381,21.507180018675722,25.658903440962874,132.1646955818398,0,Shale
2854.053317459661,120.76483704018926,38.99829496132957,0.23388475082734383,2.459186191524313,18.914386170576154,18.697418974240463,140.95975206911012,1,Sandstone
2828.7448906599548,94.95774447400153,44.99012068233549,0.2797844293550149,2.380389080466252,16.302398535609974,19.07852409254848,103.24730715052587,1,Sandstone
3186.2673758485575,85.92316307878797,20.17583759519063,0.14971253666644935,2.26277584592358,11.673717246222022,10.632173673970808,89.6285246047594,2,Limestone
2835.9132078490143,99.23048326017121,8.572801536014538,0.11945164541195055,2.2532818039522553,13.930679315312803,12.451093004598087,106.98031992493944,2,Limestone
2460.264247598693,54.299151833746635,33.54772868628009,0.3397499234614322,2.624607637188073,22.101437173540674,26.72886409388198,144.19284379232857,1,Sandstone
2834.4661191317523,26.82648437619646,29.043869765880796,0.18832840863181935,2.0,18.269405874467004,45.915468926599445,161.0089845564949,1,Sandstone
3478.436970491137,49.46552779620432,40.37466669565043,0.2705106543889281,2.1866423787680938,23.664875448024794,27.188747166193277,101.50541775431505,2,Limestone
2763.8059418555613,66.48830349830018,33.54856540257777,0.03,2.205601000954964,25.062639868005963,11.189743990382365,121.71718482756356,2,Limestone
2630.732611759301,65.90711614951147,17.173033773896336,0.1732074200772479,2.361291545973925,18.572979901376833,21.575174631530686,136.47554362629754,2,Limestone
3546.579019033034,49.137821231218965,17.77774280408046,0.2754112335335004,2.307392132309695,16.89331127899368,23.9554853991507,107.67786693494935,0,Shale
1313.949616523726,99.5314687224201,15.711338495503377,0.07047783967181331,2.2558932035309844,20.86913908663305,22.829312750116287,153.71642353573344,0,Shale
2991.24831390933,38.7188304762415,41.18469411443344,0.17970855180669337,2.313546439665556,21.958876030591053,25.964104008859238,141.2096213409237,2,Limestone
3204.903845466004,37.68383395753533,26.755248425035752,0.18918267301744043,2.1718022038974594,18.48825681210178,29.01969477873817,128.40722046222777,1,Sandstone
2761.4984333052894,85.61338321435944,33.92547815237406,0.12280778317807553,2.4714438139916575,27.114453266789184,0.07505816046594482,82.25685264986924,1,Sandstone
2606.4287810855,43.897004469595686,37.13298176620632,0.3319810388337654,2.675026721472805,20.57909294177885,27.841021301980533,159.66085084996266,1,Sandstone
2821.84003899648,121.62654413868395,33.98232784692272,0.22634989471774644,2.3315859131657284,14.007226272214595,16.180403723721053,108.44495392543148,2,Limestone
1799.522904407227,84.34264846307165,23.172571551957653,0.12573296880793225,2.5334764047855205,30.320683943711266,10.02760095610469,126.90877047573159,0,Shale
2874.193720769784,112.30006166266071,49.961523197549255,0.14242875305264044,2.177802614872761,19.665189424140618,15.82232461151163,105.56589323135393,2,Limestone
1324.2992770939723,69.48244526462986,37.471865901250936,0.03,2.2144575455878157,15.178772910193507,25.285787513195373,181.05906990692858,0,Shale
2861.6678846648715,70.37275025079364,17.536705222515753,0.2570425579819112,2.679340009308227,27.573107476301345,12.187633480813494,126.26026861051331,1,Sandstone
2659.4705623996756,148.09619228603583,20.898012937720893,0.1810671792227908,2.5241819467744295,27.99235942049859,8.270352182885263,129.77903608091776,0,Shale
2653.175815902052,37.358963314710344,33.24743320351095,0.14186697738512935,2.306035342752252,29.255677233333962,23.969211222952026,139.16158192417376,2,Limestone
2673.9359972306597,111.96607566422672,31.939219464815356,0.19314580389307356,2.314151004382695,17.61020040887655,24.05991474650453,148.3081946777225,0,Shale
2363.1765219887125,113.88412911381276,27.208941436400536,0.16192513502028774,2.3638741690663916,30.687146596908185,15.768088411619045,126.69238030992112,0,Shale
1755.7294707946617,89.66902583928676,25.854837825323497,0.09501752543254116,2.4137509319305352,23.568427015283262,13.333058822161718,132.2856487389191,0,Shale
3051.905914700085,105.09391808040519,33.64711773208485,0.14235842461933723,2.3366814181770814,31.196703308608633,5.464373344566074,86.53347595647908,2,Limestone
1412.7811819248304,74.09523779514038,20.956048770453798,0.032897933295605475,2.3993322923547806,29.31719761568955,12.457892933648079,137.85483753200143,0,Shale
2423.568595234089,77.7932176042035,22.623816374265612,0.08775290582147684,2.24411484065731,21.27328361126412,15.178176628598775,116.70406526479574,1,Sandstone
2714.770864057924,143.78994037856674,24.598609605363897,0.18406809699970772,2.526200267181167,17.56770840674568,10.596003822713257,139.1244340199027,0,Shale
1066.2779651416815,58.08517106077837,34.91779889600691,0.05984951098147727,2.735288297081314,6.845009885172349,4.781560478260726,100.3930450967282,0,Shale
2460.08556669483,76.74759727010556,29.839750095863813,0.1193620573770423,2.004149094027785,15.477594922390491,30.83510508300053,134.29936619458718,1,Sandstone
2963.7465855788555,108.99230470704899,7.149155053306497,0.12678860986428114,2.288291771555471,26.323663292073597,7.680171406090572,93.5889669268542,2,Limestone
2382.4723583351397,116.63757069659263,14.302233152811237,0.06513405923949821,2.4632880760202336,27.708309901004622,7.615341760927772,142.2317328125932,1,Sandstone
1663.0865677068105,76.07184194099992,19.13890313674375,0.09519619481451931,2.58183338771197,35.904122593689166,4.146459045772486,114.749795768443,0,Shale
2797.2144024163676,79.8684928505145,53.388229415282446,0.1600588194619103,2.3203328477453664,27.808177643178087,15.112861856201993,110.39996519655628,2,Limestone
2250.225449282897,115.14162047338019,20.988967130156432,0.08364521996339251,2.1341986180897314,11.010092627718242,26.022399732894762,158.5622379440856,0,Shale
2770.732033835593,115.91573247900237,22.90157340555276,0.03,2.3161963441778854,20.728536439135112,1.5044539383983224,91.30391681044523,2,Limestone
2996.711989182973,100.00735354555644,21.507190380899083,0.23688160353801882,2.2200346717600627,22.94139244719108,27.051890973279413,129.64174525323563,0,Shale
2967.043681994493,16.40250043350335,27.130824240623244,0.06689061404643393,2.2910869137850867,18.580612483527364,24.47211718785875,161.96392692552175,2,Limestone
2699.2795550583273,75.85613053621624,20.712166300165833,0.1269415390677745,2.428644510636839,20.718218149087686,19.887581337349094,161.4047984850958,2,Limestone
2311.9566629242718,114.02013060834855,24.227790436178864,0.17980473479613288,2.299348141060155,22.471439325766756,27.41106562769581,161.94441146719447,0,Shale
1773.7956601556298,80.07922814633038,42.9133072906496,0.09883230570936499,2.5477823603534153,20.300242243493727,4.1008111918046115,109.75383575801543,0,Shale
2891.6191620859026,81.05194281563861,28.413589739568987,0.0842140762873706,2.5637484633308842,23.69696896071222,9.01871596917275,154.93512296311786,1,Sandstone
2967.6347276863266,109.13347941610326,36.3695253999487,0.26019872253677545,2.3565346008152686,14.537961314866948,29.370451858883307,159.90710545843797,0,Shale
2665.7126592285676,93.87133157997778,36.67383103140568,0.03706924580296697,2.4928145122447303,24.615677943396022,8.196829701205127,156.1120210398733,1,Sandstone
3358.60392680398,78.84620612856547,23.004307214215782,0.06734410162539956,2.6510693772681964,22.280320721589835,2.031791852507851,149.59949136411706,1,Sandstone
2082.465573787901,56.243751371325985,69.42331010806686,0.0497686138207071,2.3244228391107407,28.973566663426944,23.9406734102131,173.84239569737895,0,Shale
3065.4256711760136,59.818934211682624,10.705177373739179,0.13253942657549575,2.2233917487907497,21.883141208191926,18.352099899877125,113.95011295052669,1,Sandstone
3019.0454363724302,41.16168429889929,31.70447050412966,0.0644164410111312,2.2793760701931616,15.90847435992231,17.055882039513065,135.26159010179848,2,Limestone
2843.978338482845,70.91610807217032,35.141409907607226,0.12574019082538368,2.045531361205659,22.603732665012654,27.702446631257324,127.99770127364812,1,Sandstone
2571.003897497374,130.92567848764605,39.01619448924745,0.0760645042720892,2.3930303429436415,20.14402904335422,1.032416723542541,102.17373639063317,2,Limestone
3055.5104108486194,113.74961267038957,27.37183157473885,0.25059640631155333,2.3248153724156237,16.685586396197472,27.18998081322163,150.00624802260504,0,Shale
3359.19577607705,49.97752756159028,30.0934717636573,0.10093702142056502,2.334411765113159,33.47136498698467,18.64319546164652,147.11218804942072,2,Limestone
3153.720075179809,37.26240541780224,36.13536129185188,0.35,2.7748530054219036,18.873466227214504,19.96762152229779,139.007652825348,2,Limestone
2178.121336567467,116.2543393355882,26.338803106246527,0.09993722084321116,2.0,30.270143328535294,44.704400009787975,210.11487069209187,0,Shale
1982.1650302788235,70.24919081939319,53.407226115256776,0.16232428683708916,2.3589626591709023,22.48428236035868,28.98980080186103,167.5312670586111,1,Sandstone
2603.012773356058,150.15097174055478,15.910157000482652,0.12837353763424172,2.09642298339468,25.544128269065144,17.533323144214375,112.76817399617474,2,Limestone
2647.6367586950983,87.6002645039949,31.07186464782416,0.22331638978060775,2.3995102436843427,12.985666109862896,19.697955361360243,124.68322035934344,1,Sandstone
2709.1270268429594,111.33240345771387,26.066075620442643,0.15048876411274809,2.240375304700152,24.764733089568406,17.077475887175893,117.6257933977555,2,Limestone
3350.875927568257,56.290863898734344,13.820893542099455,0.1835459649703375,2.0,26.90491468393715,43.52228150263903,140.23169051028808,1,Sandstone
3202.5273448758862,100.6484250377065,28.50846011032756,0.21602704790805602,2.5000370385065955,29.850030202325968,14.918102343075182,134.83857277474414,0,Shale
2872.0396652334175,80.53371559477453,27.13293678196347,0.16477321570059578,2.1263627656042043,18.808745242586387,22.647529768140807,109.27500628649786,2,Limestone
2258.1823749893056,105.53520640501053,59.97198291719138,0.1201793498032423,2.2341455785154234,26.88603888740724,25.487707505889205,158.47689524419607,0,Shale
3158.933065100709,84.98969732328496,26.44453328809294,0.23341751950524764,2.1242588836638463,30.33280062171746,39.83355008052021,169.5343282927318,0,Shale
3152.8464922208987,122.2926542845837,58.740826980099136,0.2746339959214813,2.329078916643325,12.732272988355518,28.2796753908233,151.4876747602667,0,Shale
2089.9535301089186,94.55704913952326,33.47066272200277,0.13385434598024934,2.443000032546147,23.05248185095847,13.534500235879001,130.79086841377887,0,Shale
2630.19867526065,105.19515852993881,28.5102833523564,0.04331080000508389,2.645955056668943,26.36528424274372,19.459335451792242,57.19947417537168,1,Sandstone
3034.9245533191274,117.52496112581105,35.03636636177861,0.2555625118677663,2.455950104053813,17.179543241245376,25.364605854544095,164.84040458020928,0,Shale
2724.6199895437567,49.17819004583354,50.87272161793628,0.30966439791922284,2.642195863651296,23.655915096523238,22.817505678490875,141.4449306187231,1,Sandstone
1539.943803565217,74.30302501864382,33.70502010828092,0.06118903015354933,2.368251691801774,20.351005731656635,22.67405818835057,171.23653397027368,0,Shale
2886.1443658921194,117.18447935930408,27.33983304439653,0.20949235314718873,2.358890345018143,20.090915694839904,19.01133938892931,131.79343933772088,1,Sandstone
2686.1797699404365,54.361273111265376,26.92710161325282,0.35,2.3917730655914373,22.077407773409835,33.96529459425764,130.28680847903738,1,Sandstone
2038.6224002969632,115.59989058724446,32.937473516739985,0.174257606315083,2.498617907917414,18.278414219993927,12.306259721614627,127.52208545856801,0,Shale
2759.692280076293,122.27575250490723,52.2815443334965,0.2091993131471379,2.35805513760545,19.77522139720284,16.257452139081042,119.10164087292225,0,Shale
3315.4981148740317,113.26351977875936,24.809742810818513,0.3086613680656567,2.3135090308406276,21.381231625891747,27.403179810286893,131.66567347738473,0,Shale
2853.523520299408,41.08877567806043,18.70514422404596,0.19388303134546275,2.2161413813879993,26.009999377636966,23.675990279736446,106.85823782696912,0,Shale
3211.5790316483344,67.99935842243113,30.24647378210543,0.19346990178718643,2.4709366364260155,15.844339961803431,16.3721040031395,133.34318797255196,1,Sandstone
2742.1910051073146,94.23725956984343,22.937766459319235,0.22927929986805812,2.601427929026375,34.59549711553054,5.848857293745761,98.83499159561089,0,Shale
3016.8248021435465,79.00705925859809,27.962404865055795,0.24437946064803573,2.2993412299309637,21.470438619189753,21.397046968483973,108.57423550437096,0,Shale
3560.4655685876405,69.55566688314376,14.677782127596885,0.26461572657284804,2.6898910639719933,22.12163135273373,6.803288178621801,109.08648858055432,0,Shale
2501.7378639161793,112.23170032852381,30.8004126921526,0.03,2.6184025848086905,14.539847574343876,10.814911513008525,98.91288578420071,2,Limestone
3476.7439844825108,86.7358937219799,30.68874639513769,0.3201673788098123,2.2602818296665683,30.628172331239572,19.55958784117398,74.69108928408224,1,Sandstone
2996.225123768362,108.97564370212817,25.31339490520202,0.09227328289596735,2.767440427911952,29.397200748320287,26.188338420826533,36.97599250904396,1,Sandstone
2878.833936084412,76.59053639309255,24.74047260205706,0.03,2.103688302700074,17.398352425701624,6.067247769918627,96.13990865457238,2,Limestone
2307.430101562944,60.424381436820966,48.30468474998774,0.1670163874547831,2.592678371099756,17.179948148257147,13.270975930074258,136.68037199753235,0,Shale
2709.9734665987025,91.41383154764237,21.58265931005899,0.09808789881532892,2.342921765414934,22.95421758839041,9.18587184020132,111.57233718195388,2,Limestone
3315.977139324154,80.52964755602771,22.19739274521202,0.13368875709096434,2.372267927523852,15.697695355901162,3.073659889722185,80.1133579250561,1,Sandstone
1789.1595359946164,91.2122564771308,28.701636741505965,0.08201615913756197,2.3061685926147786,22.49554310125248,23.241885692033584,163.97300053526754,0,Shale
2684.516674499775,143.78688595480918,25.718477469120856,0.13104685171659503,2.0,19.65400335085817,42.29159404422968,195.2463789425539,0,Shale
2236.9335591864406,91.64883295761994,13.202546734810042,0.30241471633672534,2.391630579945259,32.38070061525303,23.03742201744877,107.18392304917822,1,Sandstone
2902.531792343374,120.16534213664164,29.446064745176642,0.2258017915723587,2.21856661159094,12.880791775746946,20.732547754163107,109.54185777630693,0,Shale
3114.8887085295587,66.49244266019886,29.439142737213256,0.19763611515841284,2.203445324626814,28.28305993001798,22.965380177261466,111.70011798422634,2,Limestone
3476.114957995615,69.28147394453813,34.12114300730602,0.20964599355566185,2.1464752822061826,19.840142958514594,19.552569881506674,86.70486656449785,2,Limestone
3210.099531739076,99.47593131283689,26.3759756631192,0.08365737539390687,2.280297214484993,23.754905127653775,0.6912720249384829,74.77326742197653,2,Limestone
2989.566583212892,63.587463753369065,18.63109307600851,0.03,2.3006970138488363,23.049540804651784,12.745639600900393,140.5454615626643,2,Limestone
2687.7433307160104,49.61269061155912,17.60393188619478,0.10276653389748702,2.430019997613847,29.371105638489475,8.805529674345724,109.86768579800058,1,Sandstone
2967.9403295553384,76.71946200631314,33.31673961635278,0.18398018774765063,2.147802753096952,21.82027212324082,22.6411254732744,106.36757882727751,2,Limestone
2050.0200220921693,75.76850363805482,15.568847108221888,0.1273294065613214,2.5886063009594142,8.561250217803273,16.824571286763355,168.21367637602785,1,Sandstone
3654.9152299479038,164.15496687411354,39.385958031751116,0.3147681457900958,2.204740976796443,23.783002883349447,26.292176515632242,125.7292719705806,0,Shale
2072.3382009976885,82.75537436288556,5.786202481227214,0.05370913920576614,2.506020177692804,17.61243416003773,16.44362964243505,179.74258124574163,1,Sandstone
2970.8067033845286,57.51107091455869,43.45184655346298,0.12327737092727045,2.4608348239500564,29.121358465575383,4.44980472072792,94.3368653035856,1,Sandstone
2947.210678192725,111.6350675923275,38.928405543192966,0.1538169964492296,2.412696285242854,25.8365682531553,3.8360579685587517,89.77528677508528,2,Limestone
2831.38611928686,51.357082158484275,48.384368995283296,0.130973827670519,2.526095394144385,16.190879495673435,3.630742100973917,95.99418047779142,1,Sandstone
2737.5895165995216,59.285943405077774,47.74239618040181,0.13827410649830468,2.4564679025610254,27.976195019845154,7.891726731806176,101.89337758662722,1,Sandstone
2580.605214966638,74.22789565518872,38.601852107818445,0.19204662473306564,2.5838556688569994,30.379587077339067,14.922403209087147,141.98383474987347,1,Sandstone
2135.731190056586,125.69896418835533,36.249394903158795,0.14757904992185097,2.3015329225249515,13.877303435251111,17.66556046235578,130.18860909174884,0,Shale
2494.845209000196,102.08051320403496,45.89446936104708,0.03,2.5247873615776975,28.48948437018869,6.6864030788149265,105.34243841385518,2,Limestone
2589.1748210650885,82.70807816720509,22.04824987586166,0.19753148556630956,2.4991813012341035,9.518304296545288,15.467240970624141,130.01479009975188,2,Limestone
1984.8156228237995,86.97874226990116,31.707989039338024,0.15506098066733068,2.5089462466566537,16.733820918900637,11.966761316110574,124.32279073389176,0,Shale
2915.1850448194077,116.37487601771798,9.88018634294297,0.1783792999264191,2.145201655869037,27.41900555196866,34.35362664704532,174.7189174480972,0,Shale
3266.959047329954,35.192161463828654,24.71669110889576,0.2587656534056416,2.7204223629638076,30.153699707602698,17.094046677530216,149.2304533961414,1,Sandstone
2404.6714945542985,97.96087720569129,44.88134627240202,0.1681484196666956,2.308259658197058,33.73195729689874,18.65142241633668,122.8730507200718,0,Shale
1778.6923527556478,80.89580573106731,44.11546705492435,0.03,2.1460829096423586,20.342737712798044,31.530357602705447,193.28831690063046,1,Sandstone
3156.3512284909743,55.948389239947716,40.859184115067194,0.2842179024646222,2.468347386308845,27.286080082991212,22.146714013181256,123.0848372962749,1,Sandstone
3098.5116826605945,49.59996965657212,36.439130102961556,0.15410625445291962,2.335880259461564,24.635022546593955,24.42116286487514,152.11396995826516,2,Limestone
2804.467455636386,92.87306617826056,40.708822921714685,0.16164836662287066,2.4986253601219732,32.02995661989167,18.172631001215194,161.12656321329615,2,Limestone
2999.7613643940686,100.99487377971806,32.60706161971275,0.21603329560097484,2.397225697552012,15.41244182159772,20.429600150502672,139.10489467891557,0,Shale
3591.671442146978,64.92307988406291,40.17147674379312,0.2342361827318072,2.684370730648253,14.809830718005419,5.763531974281458,112.74986573531936,1,Sandstone
3069.0342825824564,90.9194594939354,42.053695557844904,0.325096368736856,2.596048921969318,17.907869110815692,26.03040313439624,160.74704904020348,2,Limestone
2328.8476684397974,65.57752104995834,12.772775184346447,0.25741678038188054,2.498661422919806,19.523684324831414,28.10010030284613,158.4560253362457,1,Sandstone
2556.344562450992,134.32639608198144,47.459036321856196,0.14875999916508556,2.1241550641750244,16.20324086122546,29.629359668530654,160.862713768045,0,Shale
2751.2859041133315,116.18201039848495,36.96631501217747,0.1712476414220502,2.424900420709838,22.429984838505106,7.783116280782753,103.25002687433161,2,Limestone
3092.2936259159196,90.21435456008659,26.567739312953243,0.1332474710654536,2.1621023294503496,21.21327722050197,15.308789332425908,98.87712231043372,1,Sandstone
2284.391317225578,63.64913308551564,28.274756266732535,0.14012530615764712,2.3868923475523127,23.347543799499952,23.505902687578192,156.60846187126322,2,Limestone
2519.9593614795285,76.95898802698012,38.93347262608146,0.1697977038647159,2.1928222968375093,19.351145168122542,24.207840320870275,121.30698228724935,0,Shale
3064.7339588967193,79.78038985784524,20.755914317700018,0.11033899915190787,2.4769776157575465,18.587028474660457,0.5432615546200026,87.32553484803783,2,Limestone
3158.729141145758,48.11803305288222,34.784096833437765,0.13102213958281578,2.3844992664046267,25.05797864626074,18.87838126488051,143.69562098154785,2,Limestone
2699.5149290944387,3.4115295456687846,41.61908619628045,0.1208884714412539,2.232505878831188,30.763339813501275,27.12669047957367,136.89762433758784,2,Limestone
2081.434697704587,59.28977392525796,16.37970317998999,0.125932736980945,2.2737126717095926,29.367926857513606,16.68533953479344,105.24404822534011,2,Limestone
3156.4994348041805,76.97938614964147,22.196233952691497,0.17287516090870836,2.217430347022005,17.71368064177588,17.017676819709287,99.41796158630655,1,Sandstone
2748.84888386664,92.93518325115997,29.355778004228114,0.13132887361587975,2.388090327914576,27.092832746388694,10.075697931751222,113.31421604671243,2,Limestone
2401.0691002214835,102.14416659107111,42.22345256467975,0.15124735356264743,2.4557425255127345,25.705723990507902,14.155431519576451,136.34544218657874,2,Limestone
2843.6771870821663,111.89637837627258,43.38379903763958,0.06810809787558941,2.392180267319362,18.91108202561575,4.513674092307655,117.99054442456952,2,Limestone
2879.5026329714224,117.99465755795886,32.093543301876146,0.16388797180777773,2.1207251986768654,17.935826627669385,34.89121895646761,177.89911029377703,0,Shale
1937.3262779290235,116.20821550440085,32.301808062292196,0.10472445730816127,2.2587868755127554,23.012335464075264,20.55168685189665,145.08719152839024,0,Shale
3390.7813235570056,82.29277880943698,34.07418034651975,0.1347880823463261,2.105168946657852,20.976444011259588,13.425943356127796,80.27715226637437,2,Limestone
2996.1570850947755,75.40747599972521,49.396914427283846,0.17282774313673585,2.6081683832279925,13.692420251635907,9.562759034499596,133.95304468761628,1,Sandstone
2700.4989572342183,102.26044161027596,37.58282386117921,0.22462000028229037,2.195734242698771,18.13295378874597,35.72295265398232,166.6970661138891,0,Shale
2662.1054786551604,59.26632920233934,39.5586060652498,0.3143864684611066,2.4382937368707207,24.95870516329603,29.90303537618072,137.84578150009767,1,Sandstone
3331.1967939352635,58.2894943409205,23.89779307462146,0.10640792582927995,2.756165806967321,28.655247895520382,6.368351043217238,168.03204388813035,1,Sandstone
2921.8777792621154,80.64304237807524,31.16565656815336,0.25184411023034453,2.263843973485338,23.297832467489897,33.96481144526483,157.0337265359444,0,Shale
2869.4904023909826,92.78047478370983,48.04119091964404,0.1294572016125622,2.3945672633486086,28.602570653541186,1.8383395658800694,78.45654805864837,1,Sandstone
1498.9192838318284,76.80875645029258,25.010212569441144,0.05996739576072728,2.427743492660151,11.61205252674211,13.205163790522246,139.02106781382662,0,Shale
2590.274603522327,67.51136005041897,24.892228080955277,0.19728447994937356,2.6272774068022384,26.394859175428596,16.908517721560365,155.17953921479116,1,Sandstone
2163.589604444017,72.48143512868083,40.1779596903596,0.2152808378984735,2.0,21.110301172435584,46.095175327790606,157.48890495113602,0,Shale
2569.5898300039275,93.2802785500988,29.473881266436244,0.18898938963932826,2.4785106777885373,18.33910152651913,14.689407768662056,128.909042000881,0,Shale
3155.0831437117886,95.67045612239501,9.907846559744385,0.2565076506445629,2.1437597836951614,19.295760644936447,38.87470396427263,164.09500393733606,2,Limestone
2961.8310315988797,71.91442869052776,13.470654376270403,0.05590636241193053,2.5876779615353107,18.314857491247043,8.450378038211472,86.13651396248245,2,Limestone
2654.492680501505,129.30310565804635,24.86686910994339,0.16721420924471167,2.5689896019680964,23.959575759498136,8.137076560499024,135.87923018937548,0,Shale
2610.2265130019773,101.26432182842345,30.638212250336387,0.06363751945751886,2.2594088145019695,27.93115662788465,14.327840796541288,134.21317295469152,1,Sandstone
4582.229949050077,125.27721444562997,35.69783350534402,0.13891612184374139,2.504281137781272,29.033509077909045,11.450520720253314,172.129152452573,2,Limestone
2859.1612579942316,81.01884915128672,19.175589562195643,0.20672970766423424,2.5304011884540403,33.48942702987043,22.521747473715447,168.01442863544037,2,Limestone
2875.1047368227273,29.984267402226422,42.81978362376686,0.27255841237364503,2.7132894471496236,23.121562315326987,23.071128935188444,164.1215097584,1,Sandstone
3105.0763745212685,131.7771900325344,26.917433702466134,0.2256293036191374,2.2702737558660497,33.54964307912234,28.869132051944508,163.1964506614449,2,Limestone
3113.569769229262,75.94594676838399,41.418965369680095,0.1974874487875274,2.2553778687352644,22.292300076362842,22.424620716173052,121.9078942884687,2,Limestone
2919.0361417054833,67.10231137285294,45.627487850530116,0.17334313914175767,2.364728673404662,23.91100511798904,12.827918954033414,100.54964763752915,1,Sandstone
2141.323967541263,60.94446021339307,35.00333207320625,0.08758162732239157,2.388570046509296,31.390620433445463,12.40569378799015,121.21117702908869,1,Sandstone
3042.7538383084493,97.21138758428256,39.310118548691044,0.17804155776767439,2.3409014572114444,20.55874677398488,12.69954032303108,105.56523782371355,1,Sandstone
3215.976115800238,138.03487477947314,23.374828536932597,0.27961639186649917,2.363192640030791,14.826548030659328,29.163751346295623,166.14481668576013,0,Shale
3275.1470238538695,49.592940396239186,20.028564532143136,0.34463444180512864,2.5902435235414987,20.21998757995317,21.386119623484525,120.0800790357898,1,Sandstone
3613.3639967219106,177.2982817061855,26.848079400765556,0.22886709172465874,2.0,25.02554346690491,43.262446650735626,173.08423222328022,0,Shale
2615.5367619102403,157.3430028724486,25.715782699999643,0.13510909397393045,2.0,21.41950356801787,44.9197766401762,196.85726974116534,0,Shale
2743.0213454730997,88.75791935077963,36.94399342147237,0.11795522771922579,2.4248860629454105,23.86977294234838,15.271790092036529,147.3465721810042,2,Limestone
2900.902451760505,134.51851355141753,26.247048302865792,0.23423629012487113,2.407649162621286,22.377670579251962,11.991447046586709,105.51431642046562,0,Shale
2420.993940758477,4.453294759245239,7.633548467792846,0.13871649089341243,2.2014633468692977,23.2507433023142,29.198206431207005,131.41160942236127,2,Limestone
3876.273892641688,130.4130547817948,5.174560140891614,0.2742649655279303,2.2977915153252413,21.95697273411204,35.621854079099094,191.69037949491025,0,Shale
3237.1618402341446,74.30477034069534,28.19449709114261,0.03,2.540660810455607,24.360270066818273,5.599638822944012,158.26473766166833,1,Sandstone
2200.7481332409116,93.41057138094638,40.55365546750707,0.25413967207064847,2.3036511859653173,23.47245845062804,25.8558469544986,121.1799752006812,1,Sandstone
3673.0237022110705,68.06661546523952,37.4958257137363,0.10773515877766411,2.4850199083386686,14.804305468215206,11.051536256501699,44.74136192661486,2,Limestone
3390.702828661872,43.652483896509594,31.38975652363284,0.21710379477487868,2.3426140108790583,24.744404456750466,18.412679239978914,105.10288898207826,1,Sandstone
2141.8038502113745,29.181391322159826,9.982745187657134,0.172836774944596,2.3195919334358877,13.748075907645875,26.410348801007924,132.94787671014444,2,Limestone
2371.991812006214,116.27755339527135,10.691663992759171,0.09695148622375503,2.1143544633042697,26.02523316701159,29.09364999794662,166.3975639131129,0,Shale
3038.7194502047823,29.080276295959763,25.936431486295763,0.35,2.7085113619419143,24.684317778840565,27.230819184469738,144.52436554680776,0,Shale
4469.597333733107,22.73513503100927,44.80992404117493,0.3123362634300598,2.727267633270028,24.50605060391176,11.832230789735917,118.24714829246977,1,Sandstone
3207.3922965906854,99.34766877735049,33.198230626140656,0.18266357330831795,2.1432511421532134,29.445793592431194,17.032816639698655,90.58559577190799,2,Limestone
2912.237361479253,108.80477564174886,13.145076071314225,0.21825773741759197,2.492864743586575,31.656060253659263,18.37087922353759,147.82528162188524,0,Shale
2876.203594964675,68.38971292023288,27.86886245907211,0.08942776182629796,2.567642834794838,23.786013491876766,5.11784431828525,83.90011370472607,0,Shale
2695.9116664099406,110.76479306946797,34.83320678625889,0.20432351840394553,2.4941506990819153,25.876485625826376,18.320447689107986,150.6540601293279,2,Limestone
2537.4715688937886,111.66545377810198,19.308957088340367,0.10117901552684982,2.4387326871839274,6.830529398117715,6.927275262827711,122.19007670859992,1,Sandstone
2947.706804682565,96.0313936433967,29.33041109684754,0.20012124758219454,2.2988490820313343,15.601821547691086,21.51541746466132,129.37520844537121,0,Shale
2854.5570203851958,126.55211252005773,43.27554650709236,0.11136189752228799,2.396580458234002,4.208736820687953,6.397907510306333,117.40158653268098,2,Limestone
3576.749527506082,54.25312741671924,31.4599591431264,0.2680122688132544,2.6021050864646016,28.267158578908845,15.430241344066943,126.86398940633762,1,Sandstone
3688.432194325871,68.66096286033238,27.071091697970033,0.05277627949826877,2.320037940191765,29.190894114303397,16.351021041610668,161.12216235516243,2,Limestone
3089.5159445588138,114.61332574115883,21.643987593122546,0.23614065281619384,2.624619965340982,21.173284832846317,10.924201937311922,135.36466620413512,0,Shale
3111.61982609646,72.77920922761919,24.085117429290833,0.11015706786996457,2.53068994436289,21.20979847684054,4.351580004025969,77.83381957240016,1,Sandstone
2233.834149808065,94.32319573678569,12.001604646115624,0.13700385657231,2.472104888216673,16.139933828155872,6.433312316065577,103.84766145148664,0,Shale
2764.7669280039563,118.95639194198472,44.92609947464035,0.14104687960883533,2.484764250925477,26.35554166989041,1.6689582887207681,97.57719179320894,2,Limestone
2617.913607083855,131.50415268446554,11.418749862664082,0.1525551639827568,2.256178451265486,26.288900130880435,17.214880153376544,126.03656635096118,0,Shale
3525.879991582802,41.79430659565794,21.527300557803716,0.2229877233084126,2.2116142826820475,17.50018283216406,25.21133774738085,111.60887504326851,1,Sandstone
2908.171916527609,56.56146405130049,38.85527372305955,0.2761550634520711,2.5120565854599275,12.746842634876662,22.278408050359012,131.62194816869783,1,Sandstone
3630.679510510882,71.80988975202051,28.80545598743665,0.2019005746208851,2.244898646355894,24.301866309817846,14.748111929077135,87.98017951027524,1,Sandstone
2144.464829641137,79.85427737019917,40.31761904499625,0.11063551408163728,2.376798994120031,14.976910419226547,20.98878173910237,157.10100777076013,0,Shale
2576.2845248959366,127.29312716174695,27.82384577282333,0.24678966503657848,2.37650907316417,14.450221688494567,28.49393374958008,165.37197329432752,0,Shale
2924.6204111812085,158.0104977619374,23.086651388372236,0.19340162891945176,2.37192766145022,28.91760506184864,22.675496908114656,170.93697727765363,0,Shale
2660.430413097749,108.86983716979579,37.02503019063358,0.20605529968537595,2.511238295964963,10.67282657666591,7.256091952667247,100.83980687047239,0,Shale
2726.074081532579,77.04623787940598,43.27500245455421,0.1353289613544129,2.320806179676036,20.792882979094497,16.408744099752926,123.32322636924994,1,Sandstone
2537.867220758328,78.76357885172554,37.03807382251575,0.15833294517359256,2.333161143355733,25.55452604432384,15.912778608498028,113.43843298137205,2,Limestone
3377.3491915747886,74.15932457674108,32.24632315856075,0.3220113687605993,2.573508728583213,27.608488777248084,21.32150093228536,134.14458896785618,2,Limestone
2827.421881863588,58.27681833510998,18.407176007691568,0.14415083066831244,2.3637230804489087,15.072288594773639,12.573338895058171,105.31843932789133,1,Sandstone
3198.331803288708,51.993943259491886,31.602592866416657,0.1530820282038858,2.355600045140955,23.77710732393078,11.688267876543684,99.14997934595701,2,Limestone
2878.288723763448,61.42367531563284,35.67241706806904,0.1809768988419539,2.3853124657608102,19.399867352976173,25.48475246176075,157.87114016394264,2,Limestone
3031.4406569154,100.77297995855832,35.07932669962016,0.25454820352310703,2.3769337195625386,15.414139818528334,23.93248743846102,138.43639420545358,2,Limestone
2189.5047821474095,110.64225997418285,58.90642990399137,0.10282094361389561,2.614569934717197,30.9071245950922,3.8156881032528602,134.7095895133028,2,Limestone
2887.493531860918,66.47637179894828,33.571625857012705,0.2953349698815977,2.7136161384669624,16.370920892672547,13.351145149245545,123.52758811219476,1,Sandstone
1490.8695592707845,108.53580280296781,44.356771037997966,0.06673493655040788,2.258166910983026,31.181032331323127,19.580718457416427,145.62620702721176,0,Shale
2263.338255713981,52.8751156062072,31.108805028928373,0.35,2.5785841150377977,28.771274665187118,28.933056281716464,138.97217641115353,1,Sandstone
2895.244843002758,77.8027301274694,15.963016152547576,0.050263473825190114,2.5734478851191316,27.826530030293213,8.197901059033274,87.81139629043565,2,Limestone
2837.0930872357208,61.169004930006736,33.958049407302084,0.14669751931160807,2.138083780030864,20.047274026569962,25.975907198678385,126.26329797302085,1,Sandstone
2414.3041406646666,97.30372031845587,33.00586924639131,0.21393851619091186,2.59974329889504,33.34873069161532,7.10137170560727,106.61953141104769,0,Shale
2701.7911069975876,129.35142854975928,27.126411258503655,0.09867172378824667,2.4235447278829314,18.588764170665996,0.3810310293405159,94.40527798497706,2,Limestone
2158.5064780739813,140.61460353472333,35.61711027918443,0.14047362670407726,2.497795453409084,30.92613067842108,9.105319723484556,134.25650638912285,2,Limestone
3097.5300415672514,77.05432418450164,44.74693985345682,0.14552327507570567,2.300192198953727,30.122259039859067,10.344182296660303,92.53882435083153,2,Limestone
3511.5698780294415,107.57362492776213,39.999910050596114,0.23308253499614678,2.656140491301568,18.914743333821843,7.483950491837631,129.21363064615707,0,Shale
2955.9941249660055,90.94656877977717,36.22861484961496,0.217450977495134,2.5169411696695723,8.101330858435057,9.197644052035109,104.597085711266,0,Shale
1148.5840628151534,78.79625027613135,31.76212705638623,0.03,2.3810888463937747,25.249497591996473,14.976266628977132,148.54789456316178,0,Shale
2477.2074839310867,135.8422360343657,25.891428008635256,0.10705270491814581,2.0,20.573116707109477,39.53700996140958,190.25726729342006,1,Sandstone
3308.642947520023,18.07284441458914,32.16356534591288,0.08686108290096242,2.168567556278791,32.04411656462342,22.304087752856894,127.31417490161431,2,Limestone
1206.3119515153805,107.57988768825273,30.630776754292402,0.05228476366851964,2.252080903270484,12.561948744102997,23.530317610884723,163.98526033990578,0,Shale
2169.217947518575,68.6505585511967,39.955185771629594,0.06001522314086474,2.4663831720327094,20.874976697627364,3.397934749830096,106.32849106269192,1,Sandstone
3086.5480292307916,102.4094935116874,30.801597604875536,0.22876422443141337,2.1983733163190884,18.96627648448487,20.863726156970692,101.78030665430927,2,Limestone
2765.3395069974777,81.7066323363946,24.509455688411343,0.15301752465287288,2.5529618480018135,9.941599798787696,12.001805130871162,141.29381304282808,1,Sandstone
2620.265922507252,36.2990351780543,7.167195424727698,0.22740557868914787,2.7747002862952552,22.067248919175395,19.850041147736626,175.19519558900905,1,Sandstone
2960.834402748056,71.55321177119451,4.325640902610001,0.2804621334607265,2.4043601338504126,21.168594259615535,22.138896669858354,115.40829043492465,1,Sandstone
2835.6187213354533,50.47772212413395,44.31749484241079,0.25538771667014426,2.7865443344707495,15.037978863399092,16.66388903621668,160.23904612391004,1,Sandstone
2366.1614748273123,81.80178681550679,31.042863222321987,0.13623845731020315,2.4475120483538104,20.41780560476153,15.439277880873465,138.80455712832304,1,Sandstone
2865.9235676952853,116.70525119360983,49.24845495123521,0.20112920415510116,2.4050989603325186,31.937935046821345,10.259552596236697,102.2324639598205,2,Limestone
2035.4005843272134,93.11909190026192,28.994068946217926,0.03294242963390162,2.4466084127093146,19.080512521871572,13.2342745014539,164.2717987692859,1,Sandstone
4096.645782179943,122.4816192037775,42.16528232549537,0.35,2.4461701591453497,17.176477934563472,26.158842960398623,147.6809617389906,0,Shale
3258.119887382456,37.30146227177505,30.492974252171585,0.24670623041978298,2.6102091967669905,27.231067419244546,22.473569055676446,158.78125268191354,1,Sandstone
1910.1797432258447,141.50757451130957,40.314159064340075,0.04967277719967425,2.6768415728487547,15.104172535659028,4.525156030117081,132.92977836668268,1,Sandstone
3042.242580214197,164.80372404871247,25.548594873686582,0.211607633521199,2.1250703597879257,11.988223440995286,23.29072689536693,125.92226926867147,0,Shale
2860.552834486494,51.95263532360283,35.970560997385405,0.1844970613678566,2.681803402981525,20.90832736994549,15.78278407764757,162.6236902661709,1,Sandstone
3478.6182638575146,67.96275968467654,36.61339964142292,0.15768979507178313,2.3631964000478405,12.634733761115157,18.938692393124846,141.37377130144756,2,Limestone
2212.1003104630713,162.24131591928847,12.810900439711187,0.09186190861242421,2.44999804577868,16.58077834662729,2.439404260246704,119.56461254027688,2,Limestone
2154.799117990886,69.49973568967037,14.113558314033433,0.10033734732335085,2.206094584148502,15.791169019327734,14.478311683851967,95.93823646133544,2,Limestone
3461.9927329775805,76.80141774542412,12.488913941276799,0.18781391373315,2.0,11.61822712062549,35.46176568407662,120.79805190103562,2,Limestone
2980.0943806280243,121.85752274223915,40.325388983011216,0.20516648106500926,2.558115528764789,23.13788772924939,8.960994632839856,125.99315392650952,0,Shale
2922.106754618365,40.70143150372664,33.234523642603904,0.22236470722286533,2.4176899050781118,16.33635614000538,17.33331520539973,105.14861222337076,0,Shale
1510.5891140819608,57.8270989155278,41.04263067260668,0.057116972142963185,2.567029722457882,17.48041472957715,4.470631524051498,118.87272533218054,0,Shale
2694.0113328765774,9.087407209621276,26.13159042013494,0.07404313889820108,2.145479548513348,21.66745562810547,24.941404770575904,129.07996548641677,2,Limestone
2928.3383996912025,101.04653268546839,37.64292581420433,0.16823462207649537,2.481834454647916,31.092380495581555,14.676504847944152,143.8320741421773,0,Shale
3219.171094015855,70.36208656358988,14.434630657983751,0.14385683564516236,2.3035621123376715,25.827591760331735,10.817151018131206,95.21903523304549,1,Sandstone
2380.1021208654242,33.6248598886835,28.76758061148866,0.10635076546140115,2.2996109314304913,28.92540882939856,22.64360669609936,139.61934715316536,1,Sandstone
2716.370134373124,107.6914848691088,43.54210925245083,0.07230029566817837,2.343410257197967,16.83557206916138,4.350255720824759,103.82449233131223,2,Limestone
2555.184538235639,150.47827549368168,32.578616172949594,0.21144115766254154,2.44421235325894,22.748671478064473,9.715170016206425,110.66081289540453,2,Limestone
2429.9769337681846,64.60271870383357,28.84028747238536,0.18700125736648715,2.4148308576804327,22.935511516306672,22.1750053126205,141.27393469086525,2,Limestone
2815.485767959339,8.26170171698314,35.795842217637386,0.19095756082942597,2.143816496737283,16.38088092516705,39.89476723684824,158.31312752575306,1,Sandstone
3050.2488526022116,68.49388089784594,28.185761388819007,0.1867912053474183,2.2874951848946323,10.64217353846916,19.86665541251079,116.40474832674546,2,Limestone
2954.1294162930362,43.926606961525025,41.087766603072325,0.13018865503819077,2.427256041732384,26.73318529511275,10.693712487768508,109.93532982858744,1,Sandstone
3940.3501910458026,77.30549295529433,37.96935925658596,0.35,2.5106147094072857,20.939949443750546,26.995009463589835,139.62255565632051,0,Shale
2477.80894950821,122.2321189876902,38.755050498444106,0.1925610178955929,2.378467265908249,23.05325346301089,18.023105375786315,133.30376534829313,0,Shale
3520.5729461916026,81.09430311550338,47.255185567544714,0.16518242462230853,2.3810493524210674,35.98891655534102,16.511058999841794,135.69014035755404,2,Limestone
2667.873792713212,106.3758252561039,30.54656120912699,0.18606268346340052,2.4618013274253054,29.71300297890648,10.540595922338785,113.26604343080825,1,Sandstone
3140.3553717155414,73.84064134741416,22.13918801191992,0.11496362975684367,2.3345793063949527,19.080023156057827,12.521064478711676,119.09982035532214,2,Limestone
3318.303156798185,57.73590762653098,31.930221327179428,0.35,2.722701316226253,21.519177592721146,16.00907259948638,114.217559600775,1,Sandstone
2715.406909401553,85.39870774995357,32.05184890736184,0.32286786692088965,2.2621788024188385,21.611144478633218,27.817387690905257,102.35117886700118,1,Sandstone
2157.569340289912,127.91292416451739,41.53327763396889,0.17799460327599118,2.2996605521856326,21.68467502847884,25.451516216398968,156.26834940937871,0,Shale
1493.2806474472568,95.59781438414241,29.239510923029574,0.10594214853934482,2.5694508750987066,12.366199581623274,0.07946110693287345,93.53717587442496,0,Shale
1312.5097281639032,63.596904943684116,28.38872513313999,0.040260615953107065,2.42826370319897,23.399725489344277,18.124666903516406,162.05837998806436,0,Shale
2973.8210868112815,123.35549723619019,28.88481103494207,0.2150951862881295,2.2102491382964145,27.17234554327927,17.665009739994836,99.52124655644302,2,Limestone
2890.095205501124,163.64397979201044,21.12198619662346,0.24556386850859885,2.5159855316005992,21.90480448927892,19.78553747713194,167.10840523229353,0,Shale
1376.1095453463115,67.6768961511705,34.41625067814217,0.0849280144041697,2.5751802027557553,18.852779565999413,8.883113401695585,132.66651361885445,0,Shale
2827.3103460581656,45.701488716588145,38.493815773776106,0.10467239214998825,2.298589664756383,15.595498084667867,15.510198705097839,116.62225071165129,2,Limestone
2691.13166571071,76.54750072501852,32.97287094759973,0.17522939141487584,2.5043365611869417,6.044312895715608,19.897481871514316,158.52043380465977,2,Limestone
2240.3098722572004,96.30049223315577,48.06282296382599,0.13324852177204094,2.329411599291472,34.90698424855462,21.111418824536756,147.76275664900353,0,Shale
710.6272201541294,64.93211192230298,39.36814316922667,0.03391718338220151,2.5185866685802973,21.05663969865328,10.216466857949927,137.09082185825272,0,Shale
3187.671718141773,58.505097074064764,16.556595278551082,0.19027321073521847,2.201180721388061,21.14335028097584,22.84848980847731,111.56612164959581,1,Sandstone
2601.7813996105147,124.61120861727932,38.804813009141135,0.1779346976301831,2.211243971498647,21.45171243743234,26.816908096530085,150.88274014762843,0,Shale
2476.673059554245,110.9057124414403,18.837098296988607,0.15493661604190218,2.258912174647416,20.28541170378186,25.37368079076453,154.8390498767806,0,Shale
3156.721535595626,61.41315629440605,42.61498990802384,0.22968321743258008,2.652413898188309,23.04620552660982,12.143785570040173,131.41907429066134,1,Sandstone
3324.510159027894,94.87040274765594,20.603904829021506,0.2901285314995943,2.3870051824367517,32.87744332395249,31.275035332656927,163.5272001905526,0,Shale
2559.232323920509,66.14159132261787,26.91621530766353,0.14033274856779587,2.223274730878876,21.68621717457396,16.280020331161744,97.36215303927013,2,Limestone
2847.5089539520577,133.70705493252768,22.324929633261895,0.19521454389942586,2.3328069875632194,19.28545441114575,19.671435391361847,140.11970915190835,0,Shale
2665.1120485287925,86.12077602478058,48.010451965393344,0.1811450904448896,2.444073251801338,8.203266857980609,15.559459563299724,128.18341945029232,0,Shale
2869.7030190773735,129.40797395377825,27.66208632400283,0.20405676505117787,2.3646911038536036,26.906117878327326,13.532162575050078,113.26020691728482,0,Shale
3194.2963425098665,61.22125801296472,30.41589067558434,0.18116231340108208,2.3441919646499327,43.61699281486524,13.624779438680198,99.22316236534823,1,Sandstone
2968.3102275923397,86.27395549827814,32.563246529688534,0.05598835068348257,2.372956268037271,26.32697093250493,0.3954909887122948,88.96665920176231,2,Limestone
2398.1685741903075,54.230897959754756,23.270127808347432,0.2958597147995159,2.5094800864608495,25.106546894253043,29.227676310795566,149.25967590752705,1,Sandstone
3420.239721711991,58.82471642165326,14.70592276768369,0.20646349785500534,2.0,9.521817789123958,35.564826301274906,125.29432786695767,1,Sandstone
2735.06191705737,76.77276479979736,36.871403060029785,0.05118707836768152,2.5157727273155532,21.50532424510508,1.9795527981016825,103.3746676238909,2,Limestone
2307.572419386234,53.33579147687234,16.095709942101905,0.25782931460677827,2.569077486831486,27.905778671182276,27.64256998954815,164.73207949310836,1,Sandstone
2451.4829345339153,33.248946826128844,20.7311516771382,0.2054309101843761,2.269270055643666,17.89573932975943,26.98199552119418,120.19493801015975,2,Limestone
3082.5583410446548,89.87123852761832,40.28877441678944,0.03,2.451564160120339,16.134118977071168,8.9641095454814,75.47364068667315,2,Limestone
3597.6462522583774,80.28455187333874,19.11372279326375,0.14397422541603416,2.125622160525915,20.34320748111301,9.902703058326697,66.4050685075612,2,Limestone
2959.513414991567,71.77642235000424,28.32863915837164,0.23377662469641725,2.179967413130976,22.198095261609158,27.257664172080467,114.43259903942803,0,Shale
2870.8538466490277,80.04489767459164,39.4815001180211,0.15342379975419657,2.3626514324687844,23.627638180655758,15.186912583415783,121.8055838807081,2,Limestone
2800.2894408204884,134.90370960361867,21.274887233943637,0.2258014245607365,2.6523283557859125,26.761835765980617,2.0427493845616524,106.07881634457664,0,Shale
2309.9402990635217,85.95134254041828,21.14029917525871,0.1316483792173868,2.405873243071881,30.161769957699462,16.141422409685863,136.720057763743,0,Shale
2168.721842217908,10.4505380049183,36.1024425778952,0.05076120728123601,2.120644412906999,16.60376079194862,26.70493518640495,134.72806918684984,2,Limestone
2556.1742594176626,88.97035816925356,31.336788382376234,0.20735448086413621,2.273442946367276,23.026236955822885,28.046499850847795,145.16844183642723,0,Shale
2849.9775540087994,104.38853118415572,33.07961552080295,0.1678837544052829,2.435733795769821,22.41868421329131,7.286618598385584,101.40722973555438,2,Limestone
2086.7504965378303,117.91261949922261,34.341269815409724,0.17585341151596012,2.469471545381901,31.05728117567579,19.240107643444667,155.12286090607665,0,Shale
2033.8932333850476,120.76427772304444,20.410717322853838,0.19329870122839687,2.145735549335829,23.69934975166431,32.18354235163234,149.94607834165626,0,Shale
2962.966945662426,160.9213226659157,26.973389563244503,0.20726713919137527,2.055572977260142,27.805137969455053,32.29860811531165,154.1490014716717,0,Shale
2262.2913855159422,47.407640574135165,39.58035268628829,0.050081042969550904,2.500504125687052,26.040753254363334,5.051254806567121,117.78432575725652,1,Sandstone
2633.0104305619093,28.317115040169682,30.684253112079034,0.1367872723407337,2.444309351226705,26.579916708598887,15.265937165200809,122.67952775779338,1,Sandstone
2217.3160100428763,148.74113654129843,26.137629112886327,0.15832792139707963,2.3502251322367536,29.60364187791029,20.525232876445116,157.32122420562075,2,Limestone
2777.5319966468255,73.22563135027607,34.994146079390696,0.113738746014946,2.331015554016003,19.56558099020649,13.548127595101443,118.87740152499525,2,Limestone
1201.476820596342,97.45637887021046,2.454783716016273,0.2520138268346007,2.241453742045602,26.18850078950601,35.35855555365339,143.37162134506272,1,Sandstone
2959.996897507609,121.36097648436652,22.40348239166622,0.21705813062414556,2.498837018916853,25.852726023259503,10.112321272152112,115.87877882463847,0,Shale
2634.6835587192495,62.76988952356368,16.917808021036294,0.0960957153772219,2.347837245805908,20.024772620026503,18.614655021923095,146.32754425924475,2,Limestone
2955.87083455042,71.98081622174378,21.81475194349935,0.08718665805365322,2.3519926365867607,21.264069398154284,7.052040746040887,103.75467958639948,2,Limestone
2848.3627145012515,91.39233189201717,24.459844667532998,0.047664774701510065,2.307049544996914,22.714372469458457,12.888048259731507,141.55642354153696,2,Limestone
3039.251508627527,90.92591026174821,4.463689843514018,0.12062471151472584,2.4036225447329107,20.392963404590134,2.99630040922516,90.08583955905021,0,Shale
2754.3685733077136,134.24627473791531,27.70909896616846,0.2541300424420802,2.3922225166464015,11.076043040804176,17.070376096224056,117.31427978664355,0,Shale
2898.465561512165,66.73100458266147,29.71098476502139,0.060115860192583734,2.552600972067362,24.959525057158192,12.047279146886456,170.6669871575681,1,Sandstone
2810.8525986822233,98.71140051253879,27.84937963939137,0.12059087309911529,2.5340112501662024,13.384270131831904,8.097151064575613,62.33334470881086,1,Sandstone
2731.1480964668185,50.843263075592105,28.806906881969752,0.12090605790358508,2.3354559696504293,27.984035354554464,14.994837414154775,115.81217560530435,1,Sandstone
1976.9766239214694,103.12228822848867,23.236841364226375,0.29299237169709574,2.2681005378500467,16.156197734505398,28.933512493484344,115.74560419543072,1,Sandstone
3255.6857428651547,102.99248413170501,45.47310983087678,0.32774061808442134,2.3530072078749478,13.909434923314114,29.504402189274206,137.76293435177953,0,Shale
3413.2592057520205,69.5587861255314,30.761024164685875,0.20960887657573346,2.2232862273769607,17.48133051881613,18.980208932067782,97.44418307620306,1,Sandstone
2927.76526449947,83.07098984422099,23.67560961923825,0.18320836227490606,2.2015007368964414,23.259556314477987,24.439340885178275,126.42831403664168,1,Sandstone
3341.1316919324836,98.349250711161,30.486680431627523,0.35,2.2522225049991835,21.337700916123786,49.33653708301246,202.3810449804816,0,Shale
2662.67166308871,79.87075589969776,16.523152000525172,0.06927059186753493,2.374697090032473,32.47646510976517,3.844184313782515,98.29517741527218,1,Sandstone
1880.340263429504,87.78179618336338,13.2036450229337,0.11157784181546844,2.4139283294493104,19.918753648659436,15.724961953153228,138.52583830468066,0,Shale
2045.264249090636,119.79700040214922,24.885624712174604,0.16485128289126172,2.1327090852028237,21.577158556735267,32.17792585400362,157.32499431228004,0,Shale
3647.388402240238,72.43722775110196,14.38957424413222,0.17754224634646024,2.0596241803023854,25.95415571212658,23.01490215485235,101.29038431567946,1,Sandstone
2373.9044914347055,80.04512060938431,27.29945101855688,0.20917814521057565,2.4587594167855142,18.808938263132635,25.501148010477735,161.41970322368516,2,Limestone
2599.142266875823,71.76802993672177,18.181060256280105,0.15710644312633482,2.514128085429883,17.251194144922877,10.985909544829802,122.62944179881579,0,Shale
2582.5768308540137,75.06015430788692,30.947384758329065,0.3237706317552784,2.5644341709115563,23.777772193022006,19.03482811263305,111.60298762318672,1,Sandstone
3630.8300516233176,127.3168724360342,39.662787392346715,0.31424531004676526,2.5642084936090312,18.58776576041768,15.162463281589194,127.58984153501738,0,Shale
3679.2866367401602,38.45634054395765,26.606641555839392,0.2392225967690248,3.0,29.984823493839173,1.1950002488978697,144.06475789410334,0,Shale
2491.1804324471536,64.57690688725759,35.45140879510541,0.23848300064992833,2.578262194658234,17.71628252704268,22.559959886075106,155.71353539306335,1,Sandstone
3723.9313106713935,81.64317030527215,22.906410903575804,0.2658295130384484,2.5406919715015963,28.004818260295316,18.624623144366787,142.18377270328804,2,Limestone
2177.9488545587737,172.29331152486463,24.29603260403257,0.0460182946704413,2.5518451071604082,32.5469613970117,8.663248684724785,105.7939711074279,2,Limestone
3086.6317947522,110.51907898191013,18.46739827324741,0.2089692110695947,2.5161302863303985,14.766505893857468,10.792998884124701,122.99846989493801,0,Shale
3347.7347112427697,77.02999485065997,32.905803478745376,0.1863044083455268,2.3053627677835995,17.923482634342655,10.425689625827719,82.69793012941767,2,Limestone
2310.0351613257576,71.3649812941248,37.300800925375974,0.1076252209584413,2.20046539175088,31.11626909771172,20.865300356907195,124.51291629001861,1,Sandstone
2802.776357855435,70.5827952710509,21.040300327632956,0.1125553506760973,2.3166305681914405,32.70348518909889,13.268342919624825,114.79304506167122,2,Limestone
2452.969692250569,146.98201457107768,47.91782273613359,0.2254441119151377,2.3030410070809024,21.99920988263837,27.329761976233414,159.0392613072957,0,Shale
3385.1654824070556,87.86977634075014,35.44929188178994,0.12941276623380243,2.4326973756465757,19.01860571708441,14.53068117271253,149.0858927448427,2,Limestone
2788.8773142325613,68.383169837348,28.709200119531477,0.03,2.340598507135523,33.50708800963999,3.7969707351234856,106.09795268402348,2,Limestone
2394.573647807963,65.49640307826513,33.34299963751008,0.19892488662874935,2.319632214072279,28.526360508033118,28.721162391860716,149.8331566375768,1,Sandstone
2909.646654768951,36.903924972027404,48.20580268264966,0.12108310877880755,2.269783300094571,16.731189561564136,20.641269159321503,127.45264640450051,1,Sandstone
2597.1685990163332,109.26961128532258,34.96346411070492,0.10554517183268175,2.4932041400446283,23.35789571739087,2.1177533363524574,108.30582424889101,0,Shale
3242.9967980905817,67.39530211592145,33.12515166195561,0.18789200615371782,2.266983237948685,14.293509838269454,17.326645400698304,102.5435629407492,1,Sandstone
2931.5268964511906,38.50762933003297,18.169693346821497,0.08715385215133531,2.3767435176966134,30.61444036560929,20.977712345980024,161.31431546933305,2,Limestone
2788.912507727773,73.16984988087594,55.8727145584531,0.12122699984009544,2.5462376714168804,26.536527284170035,3.4941735040394057,109.23231300867097,2,Limestone
1971.7346198690657,132.26132523193382,43.22973308345543,0.1695636292502002,2.447258794354291,28.50035286150011,19.12504547342929,156.08157934909613,0,Shale
3118.649737334053,41.546207032995,34.77811846269385,0.1450477586854303,2.3733714192539486,20.489325555144294,22.47084500921578,150.68209123208732,2,Limestone
3400.5248108419546,87.73034363142543,17.144344062888894,0.17109179491453366,2.253530034208976,21.911513691898946,8.71935489908926,74.87012783500185,2,Limestone
3146.241752216446,54.3391147165751,31.712440476849956,0.27017789341867315,2.708814975236965,20.358360660794986,13.994011351063278,133.63129282822007,1,Sandstone
2790.268792266734,70.78216615067416,9.244049351221634,0.11199066744615277,2.436143708690981,22.181402816304015,4.373284344153486,95.58940614457468,1,Sandstone
3323.426019394686,63.70925356134914,40.12635254401941,0.21247189960191476,2.2951212715230667,30.522405538779132,16.629794149889342,95.62993047808199,1,Sandstone
2646.2171623577356,42.64586898273956,31.05500749796279,0.08734752951436969,2.2532829017439586,27.942317419668115,20.68437375598988,135.07162850581335,2,Limestone
3390.75608236524,87.5526421635397,18.508166325963344,0.17769230460096555,2.493659733620937,21.82980097342243,18.125086610310607,159.94694314405558,2,Limestone
3007.0407713728196,56.32517806363047,37.34964815751985,0.2148148330028955,2.665812171960811,24.82580241871097,14.721557500673066,147.44910013722262,1,Sandstone
2899.1409373240936,66.06358079347964,43.04940204008033,0.12661625266454657,2.430462368000844,27.390076750453176,5.167974074614159,92.89029064932899,1,Sandstone
3423.541298240709,122.50041958415875,39.42174303593869,0.22425050291153395,2.0,26.295198022984458,29.069991813284464,91.60387809910186,1,Sandstone
1470.4350063017014,67.61212957000274,29.818331185945453,0.08074437845212899,2.5628037727396435,22.963667812931007,4.230655759092848,111.47307923014492,0,Shale
2797.4341466247556,85.73877506319229,33.01930635003021,0.10225967844313213,2.383857174823665,30.181275679837675,7.433514953511988,108.6907664784172,2,Limestone
2972.0903258514213,64.51148198562001,31.5696862704876,0.18848042599086298,2.0097878704343146,12.32928961907679,34.3135533516452,129.5469977060861,1,Sandstone
2850.9064865997866,43.89441757899162,29.564543279211193,0.2954865136583261,2.8221601302115626,17.407112677347484,18.793998222867383,160.56569636332688,1,Sandstone
2755.4698252685457,113.1411049974384,23.063020323833328,0.13787093486721388,2.1624616127022667,17.222655263357083,13.092024708955044,90.49590197691475,1,Sandstone
2240.3980070151674,78.02699934333243,35.17000302513935,0.24660711317942613,2.5349345817307567,18.8882499924137,21.33305413919297,140.59588765376446,2,Limestone
2932.344136706179,84.12106930939677,49.46821962346114,0.1838208726784734,2.078709018585166,21.642340927668794,26.00301500932209,111.36800640247252,1,Sandstone
1929.8600728500398,91.01197820076945,33.45270509612289,0.09172759703016747,2.3057609621252286,21.784592214399353,24.99792895128913,170.32724562939322,0,Shale
3446.681938997656,106.34965799136302,26.486650645442882,0.2783829300475949,2.2692373242978707,27.06297264691375,34.21926263326945,165.0791089040984,0,Shale
2524.198197575818,124.19327049632824,37.834681062089174,0.22652792557628249,2.448055242017649,22.239185244949518,12.530198752952694,109.93675406857217,0,Shale
2677.418742700987,117.75406980149597,28.246203156790195,0.048746819243001616,2.4749264932441815,22.78913638046894,5.727812268214922,92.36592072078648,2,Limestone
3126.8227699687823,71.72418335652586,29.984281926268057,0.25734909774428705,2.4962182789726115,25.93576331284824,16.348840978592854,115.65667781964066,1,Sandstone
2983.7453394956824,34.39276057787733,35.011620700684524,0.3055999711216798,2.7813416374321336,21.286885107875374,20.38909897892208,155.41927253221192,1,Sandstone
2406.0064678327467,55.056546083887156,33.10479277005933,0.22117095343612653,2.639590136405836,13.131317713673864,21.141513364970038,162.19497509644907,1,Sandstone
3242.8329064992795,76.11264460808236,40.94934055641929,0.2521939855919636,2.4017294917796357,27.615838955593706,18.374079058336925,112.45689655933474,0,Shale
3173.098346554866,108.32303184879206,33.544065674743386,0.16313448692672938,2.1240332608071952,22.06415987077888,15.506639077626478,89.41207780506916,2,Limestone
3267.0760065573595,77.59572482919627,54.22555574595944,0.16968006330825852,2.331198900814053,16.110344413335653,14.67988297620363,112.14594487725849,2,Limestone
2768.284482928996,69.64852529952235,32.94934735110136,0.16820320648831885,2.7156128148706675,26.507666230855662,9.356913117211175,149.52226559126734,1,Sandstone
2933.9371807487646,55.74725971525692,41.135213534583386,0.12554330580594153,2.2643441873446646,31.91700511803416,16.959593134554524,114.44361056364106,1,Sandstone
2193.6266846366284,118.81780653767947,41.17520548774607,0.1443284424745391,2.456291513728816,31.174606040039485,14.129631006932664,141.72700985467912,2,Limestone
2494.3751062893207,89.95095786275587,23.514783704953466,0.1962019967122788,2.060802241569513,22.106515277039716,35.65696762928289,144.9277193354907,0,Shale
2619.7107625448207,87.42892695470769,32.44241052860572,0.09660778787088631,2.3183227528654586,22.022643139331237,8.086525896877728,100.02580849297779,1,Sandstone
2426.4155507820137,123.74233957774766,20.753077694764677,0.20071991501331576,2.4040505286073013,19.515968589169574,12.503028519329964,109.41802554770993,0,Shale
3723.446703543758,93.79395388016891,22.73007007381583,0.22869268068366283,2.564874224496942,16.99291086656715,18.833259530862044,164.65818661833592,2,Limestone
3718.7340570685274,95.96670495416592,23.666700784697635,0.23444522177472527,2.168356669389974,22.83610724739357,12.335036283916057,60.55234536537572,2,Limestone
3069.904172313376,60.39175985334597,24.356395753159667,0.16464316262277448,2.1582885631721296,26.303019847679735,24.26339287628447,118.40092095405173,1,Sandstone
3563.8878549282153,53.42817016842702,44.53634150874947,0.2520661145076222,2.515503816231764,13.31870219943578,16.876832891454647,122.85113741411507,1,Sandstone
3067.6432490622833,88.87421435172539,31.86161955581734,0.1986535990591788,2.269476516303103,33.87969020974359,17.091414415387057,103.12284194213976,2,Limestone
3017.961812990113,57.738007990183924,29.2606763474309,0.12036586540573105,2.5546701336153803,12.415274690025266,1.5691624053623556,85.33315804911526,1,Sandstone
2461.062086279857,79.12084880054128,30.111680095063278,0.3147635266327686,2.5197052714494217,31.114117435185886,20.187746499807517,111.74032557047319,1,Sandstone
3121.2653120162963,71.8337883677223,34.22118114904462,0.19297586573708342,2.4703414939238866,22.49822919887982,5.260352004339701,82.07833349947953,1,Sandstone
2510.997710681844,98.67877797360704,39.63951251054712,0.15521034252849342,2.3632403376246818,19.030528760200905,18.408553507930613,137.93122200804504,0,Shale
2983.8557793609284,11.501988912510598,16.508278958564837,0.19057312286005726,2.3726931546586827,19.692219207572595,30.416208796722064,159.66727671007763,0,Shale
1953.568954593098,91.3563063104104,20.452901663070776,0.14695344120268333,2.560672853805057,16.863395035376616,4.748045570839341,104.27191777915465,0,Shale
2844.7497142947796,45.96363725827348,29.25218703348692,0.35,2.5534610305740117,22.337103510353923,29.89848834624584,128.30204873633647,1,Sandstone
2019.7818359731104,51.718281680685934,34.0030609315482,0.10379918358788269,2.0,13.52326853325234,50.393033626657235,180.22701388159288,1,Sandstone
2960.463713252168,48.809513093549434,19.578251929015558,0.19880797400090494,2.845429477123854,18.91344509042954,11.344017329254491,167.22512771805626,1,Sandstone
2314.248588730303,124.26829981289026,17.973089711051323,0.07787653873193051,2.5597254124054283,22.74858317726431,0.410020725534574,119.95098937191476,2,Limestone
2451.3526656906342,110.44967734751714,6.1800872686334145,0.16209056419111095,2.317603521630312,27.226271758871306,21.983135875342477,146.90691940847333,0,Shale
3538.1877015060318,96.80368211387069,9.800738260577248,0.30679138155792396,2.514312532523052,32.1103860719991,19.983094571081097,132.02529709354422,0,Shale
2825.3333536716154,117.71527056695004,20.00813097038342,0.08309516384388745,2.3039186457790315,24.185020378854464,3.7368257690966367,94.6821934646283,2,Limestone
2946.3552262370104,17.74773329045675,15.571462459326646,0.17798554211761772,2.2987005131847695,17.677786870620075,26.939937728862287,136.03655720074957,1,Sandstone
1814.0151392118757,91.97142751125538,19.619514185753395,0.08980511589984225,2.4186934080345917,24.460909406281566,10.698283964189027,124.31337092273654,0,Shale
2661.431953910116,101.80509906692964,31.884789910894863,0.17742143969270988,2.3248808707587387,22.15804773248461,19.454555879595965,130.89516952826628,0,Shale
1324.7970503002527,36.19065016168908,35.01894389860622,0.03,2.454349119802999,20.05845357231381,18.800309461722417,174.50028360470418,0,Shale
2390.9659244746385,58.099067806905424,24.93597581725666,0.05815802061338199,2.2644654155774155,21.142511848040908,17.532707964903747,134.71926751416873,2,Limestone
3903.053156636429,54.42928484016416,12.58508343385904,0.11506073128891024,2.1748768576974125,27.076270053336444,2.2744193402361024,45.408046629338,2,Limestone
3277.337390949854,76.58208773519833,40.1013071434825,0.08458663057846648,2.401738565462075,19.010413441352505,16.80274094192935,164.52563394178026,2,Limestone
3103.0262775867895,39.91910753319068,27.68547785012346,0.19309774568195376,2.4287957590169396,27.125197891676898,14.079741694816063,104.37800245393723,1,Sandstone
2778.0854480845983,75.56911623040727,33.8423191651909,0.14936222905180976,2.4227636007140623,11.586214744869888,19.778867850029986,152.85630960301293,2,Limestone
2985.805333803365,57.44446581668979,24.549724270775684,0.06677194867762998,2.119963051276115,25.36217170400041,13.762900503976795,95.00114841657245,2,Limestone
1518.6647571624512,56.03167282937501,38.293439252262814,0.04391899167512642,2.530784597867415,21.832313372330244,8.740170476604387,136.1391711332252,0,Shale
2872.73236087472,108.7722696467393,44.395979274301354,0.23004719507574067,2.347234611013288,34.85626620678512,30.640697337353675,173.34664216035935,0,Shale
3307.228523943025,56.053018199065704,31.518190927437587,0.15290470443632315,2.3504448095749404,14.350890573926185,18.02496905580042,130.3480771310613,2,Limestone
2968.0286518319613,67.252924563688,40.243517898599656,0.0894349091658471,2.3198549630704157,27.653380105407017,8.913781443529288,104.27427762208482,2,Limestone
2917.235417992612,10.274874234191103,32.08919273477755,0.19427646714097585,2.3062128515071403,22.4150187582159,31.521684143726663,150.06349059226048,2,Limestone
2455.1736990457275,124.09337080122063,39.39029157499145,0.14020474447026757,2.49232780417205,23.13202268505999,6.406393690470892,119.04057560034127,2,Limestone
3082.5202327683587,68.41141953944785,26.140668734844358,0.2727939654349595,2.2845444394329872,27.443407960345723,25.696107305070647,113.09871218534273,1,Sandstone
2224.6274859917935,78.68947955490066,36.77030469800806,0.2685261580146117,2.33963841883787,28.68540608045563,30.914201276193175,141.54023278659636,1,Sandstone
3505.3305303186353,65.29205682060407,36.91262491008805,0.2270623568778436,2.556994730439609,24.260301087216153,27.283382153963387,190.66410482558268,2,Limestone
2545.9151850684375,121.42278967012463,45.47640773595271,0.05879127663328228,2.494908628698023,15.294483744260056,3.215641204118363,103.72189578879744,2,Limestone
2721.5329712075927,113.71429893997264,35.98092272777455,0.16741199478829485,2.3119177136724987,21.34849502931766,16.733563235193085,124.16053467449242,0,Shale
3013.051299338747,71.85361016521004,19.555638031922204,0.17437818846026149,2.46750808200835,21.141001998186805,24.475463645205046,175.74803694367586,2,Limestone
1945.5888694724945,77.16673774701391,29.227104998506174,0.07698482573809223,2.4486769591991,27.089903318227634,10.13228040007647,128.3776707990042,0,Shale
2984.8279393304483,132.56513579320062,5.708876628333538,0.27198308379062797,2.481642812245814,24.12389159602604,9.556504804647876,94.95790799891998,0,Shale
3261.541072190435,78.35931261413845,16.992649296126643,0.1893731674417916,2.5024363219722527,23.54549049526262,11.993414444161353,124.35727134012734,1,Sandstone
2872.536343329122,101.16457534377992,26.96739222333294,0.23097896193164902,2.2644054768832276,16.19406143026887,23.876456539946425,123.95902317022353,0,Shale
3014.0516184782,59.86222257607716,34.66469690936306,0.20560041038355623,2.0459280052005164,14.12823072780327,33.66970439969863,126.1555305688216,1,Sandstone
2667.011491554964,99.39582902284282,28.406414252435358,0.06641231645879211,2.445283651297264,26.136295257853753,0.8734138118814414,105.0527711165991,2,Limestone
3377.7930565181564,67.4154441858456,24.38643262476053,0.24921044431438977,2.217709919418616,19.208527424985512,28.66581830441745,126.24941750399773,0,Shale
2871.684670955412,78.04060324425986,14.521595387213384,0.122469927651746,2.4614271155304484,19.469728888938985,19.514695380873217,170.14482244142178,2,Limestone
2848.5915633311706,105.48212281219361,27.668640674549483,0.21816186932565815,2.4907530460014153,18.899617374868875,11.40566773379282,113.29366552209927,0,Shale
2224.664933048637,76.72957711966686,40.16287942756635,0.13040586139955637,2.5267233948479713,18.39785983441856,8.995495627256457,122.03831314605112,0,Shale
3209.283927151011,33.328077885412995,31.598353519080973,0.30388397633233666,2.6631434380241297,19.732783276231892,21.92717730818843,143.96270932313868,1,Sandstone
3082.8008703506866,103.42936616499175,7.406137420958139,0.2040456526798642,2.308526629060795,12.730543782441307,13.184141854457575,95.34458397881676,2,Limestone
3187.047595465369,54.00301116299824,16.04109765536381,0.18346503485509194,2.2956654321235677,29.753762481308243,18.03594356713521,107.45538163237518,1,Sandstone
3642.83692440598,79.99236423586397,30.84021760933093,0.08068245586409072,2.3661633732259264,19.02331612129974,16.053466247437008,161.63039476281125,2,Limestone
3007.846739294169,96.70193577594962,41.653255992232815,0.10868103943064765,2.501236565784583,19.027097913404152,7.249358594648079,66.23000762016636,1,Sandstone
2169.993071415375,109.2614075591306,18.210038270431042,0.12436274294793626,2.5287780555382215,25.798399284983365,6.9266048174108805,125.14429501570997,0,Shale
2439.0140659436593,118.43476375333711,44.26234258079765,0.03,2.2569791565249044,20.0068137031484,6.173803304091052,116.61757721934119,2,Limestone
2435.353459088001,66.53631117317657,25.728894512673683,0.11259489853094351,2.452941408490884,22.222086264976852,6.6800584994165355,103.2698635410357,1,Sandstone
2582.7328291472427,71.84378685019661,27.758336705090706,0.10534714993349237,2.510327451974136,11.332146791785895,0.2439722648710081,90.13207163920268,1,Sandstone
2674.5285212502968,72.787403383708,24.14478438104261,0.07602663427247638,2.5344386418279083,7.085230526282899,3.690424173799787,88.06833523501857,1,Sandstone
2557.532283487349,108.89421774760726,38.46722338770844,0.20221559686655996,2.2946111439903882,18.298868001378537,22.965028244665923,133.98837007299272,2,Limestone
2759.9249588246107,124.8958366765462,35.68352148542643,0.1599970006716406,2.0782008730979316,27.479683708241705,35.46510050962212,174.93870099458752,2,Limestone
2982.031668341536,34.85436248769769,32.906046972617915,0.16870104597686783,2.4913932736517217,28.23664835338355,11.540757156712429,109.42545762593276,1,Sandstone
3484.6639026288008,50.37285846059605,30.404289398334672,0.2606495854384751,2.723843667729478,13.326338795340625,11.14367792889356,129.4386834147939,1,Sandstone
3026.3169906385547,90.65897684525501,33.031538283762735,0.14112188538794732,2.42978340562964,26.94451948326558,3.441553367627911,89.50483859583878,2,Limestone
2885.694460319525,82.44686733945875,22.641464240876395,0.21852017563574516,2.2765102290589416,22.302826322100767,21.374579464113058,112.8579152976569,0,Shale
2522.5556149291406,117.37823719335769,14.571778509627876,0.13139908880321455,2.6403366889341955,18.01020093208002,2.5506700350415237,106.34908806185553,2,Limestone
3265.6958840368266,52.59714028264208,14.820488681567483,0.2948804431972618,2.7935058264606036,23.15830481774869,12.115763010247763,132.70315472835495,1,Sandstone
2327.027576129525,101.66351176655029,40.97422687422707,0.15015783036515812,2.1705105853549242,19.658175105329804,20.479846972384237,112.6761226630781,0,Shale
2942.0632905650064,66.15521676691435,35.97472933896761,0.28330439305308913,2.332311710650429,27.182964064934602,31.690475902112233,143.42047977221432,0,Shale
1663.515697808688,82.73963716928749,18.5493208351746,0.13201696302261368,2.5940446064777163,18.433517808532162,5.449766290602101,112.35287752388004,0,Shale
2218.647694998753,97.62937206565998,34.8052966252196,0.09372310289267177,2.2383445414989027,17.8030629696958,9.445834463245372,91.06146199886985,2,Limestone
2898.26184720193,71.66940830593903,19.096078011925613,0.3311815513914653,2.488416475110064,23.363882772953907,22.5163751952402,114.03186945949432,1,Sandstone
2894.595577283826,48.02832744454071,35.81373059338924,0.19784867242831658,2.297211030375604,13.498059161914053,16.705164122471665,90.86389403161382,0,Shale
2854.8391127197356,75.71427238221955,42.79614119177748,0.05729114881122116,2.4670528134020375,18.551240636708098,0.3780972759490506,100.87581081178526,2,Limestone
2593.503450359749,62.932752653634424,36.437340011921094,0.30641860024702827,2.7005326710221627,26.809838301422154,17.826817752528417,133.1066397409036,1,Sandstone
3013.872537648282,117.27086941363262,31.91442047344609,0.25865905397821026,2.2229732326294704,26.174474754835856,39.20520741054031,184.83960544710686,0,Shale
2327.766443646899,103.21069277841858,39.86514003804201,0.06467623486019408,2.3526324850316107,14.07259757401785,12.84949946002135,141.18884835444058,1,Sandstone
3373.007765864309,106.73205873342765,27.8031295497616,0.3063597838275758,2.353747316247282,19.83577299730256,31.051972695438405,155.28604102632747,1,Sandstone
2440.1054592361456,93.78102913661715,36.71259666077354,0.20638938687955263,2.4442035338053114,28.52055386215939,19.5660931423523,137.65932362574935,0,Shale
2689.3983149211936,59.0694436612302,18.70184969735437,0.1170496152489692,2.720957106300538,37.58462324425135,11.42090235590757,173.46792751532175,1,Sandstone
2826.9418886594794,92.66415280855364,30.302686711086192,0.1241808231880091,2.2347113113856096,12.434903921647596,15.411551414995326,113.3262033010321,2,Limestone
3108.5821480469094,75.89063398456776,18.026023136996997,0.15382711138705185,2.4816641175242204,20.592862443514086,18.00647932671962,158.12533057993267,2,Limestone
3481.766215553274,50.5507680900906,24.923080216166134,0.2824683127746062,2.191383843227989,15.84139533618469,27.934807202287473,102.04338193641547,2,Limestone
2530.282365086261,108.20024712006084,38.52441264821343,0.16952497380683273,2.3301789819331127,26.386225152313212,21.44518482935417,144.35029262399797,0,Shale
2733.0368641707823,33.07965857154124,24.793109044808556,0.07624053521180424,2.1534322574662053,13.670172950119039,20.140379966488197,116.03927032102969,2,Limestone
2733.0292175424156,81.36715856676811,30.376473721693603,0.15873395394039214,2.3310683963247056,15.965829476090839,21.069965048712515,140.12571813541206,1,Sandstone
2501.597836281655,92.43817400710947,37.769218547601916,0.15188490999857424,2.2929435778476623,25.07825754019489,26.032567830915962,159.33218464583092,0,Shale
2043.1919591789529,93.45178680079978,17.174433069947124,0.16584915192915642,2.68515665874499,27.749996288110847,4.114326326552071,81.22374296155976,0,Shale
2440.811450183415,142.92853157685505,21.330747606555654,0.06754145532026762,2.39033028739757,17.438846069554607,1.030979528273443,107.04192074525122,2,Limestone
1661.93306054894,127.44984097990238,31.676501553866558,0.15599233565895995,2.4155004038993413,19.717188783295995,10.833669728650081,111.11224418823987,0,Shale
2810.4294735966,78.04896692967799,29.761562318638834,0.2569584720678137,2.5828380186642947,21.960376537099812,13.018479681209266,114.38223855460396,1,Sandstone
2563.1180796697004,119.4421276613619,43.51957305398459,0.13978637137310057,2.13547453191343,23.373095248575446,32.95391257287366,176.59088053262585,0,Shale
3128.9267338042087,92.95989643288377,37.43009694050077,0.25155166474748997,2.550001910626412,26.955713253555675,9.020209568059624,100.72091133758471,0,Shale
2784.609830565338,127.1636921106131,28.604859716669292,0.18977954024519392,2.272136440027774,11.149947675854595,15.593934304970112,109.0406580482014,2,Limestone
2985.3296868722655,68.77521327198421,36.563853008413226,0.11442134895570401,2.406675699717682,36.07840794396039,17.667845138811455,152.7048225409654,2,Limestone
2237.8310583544167,123.25243729434474,21.246764324089547,0.09891619153893096,2.1707134065951266,31.63414064692506,21.680805439150802,142.34293804286935,0,Shale
3592.0514282699824,98.54723839262144,0.8845008067935112,0.22104146670982916,2.138059188065119,27.993172961969286,16.5954401421328,78.71164990327092,1,Sandstone
2879.0876721502177,47.473477091419795,25.331445896000805,0.35,2.641664101942875,11.71753855522456,23.38358266719132,130.4282395902473,1,Sandstone
3298.1071272136464,31.04482495215067,4.338806140675864,0.19700281933748137,2.8053572429313633,21.104119468769948,16.554501866618295,182.94825281299882,1,Sandstone
2423.6925877067047,95.78488560098036,27.500815151604712,0.22842890974018845,2.735595287695668,10.403595144586369,3.893786833162043,75.10239184182669,0,Shale
2610.016460798851,45.300387321894206,33.44630504634511,0.16429411376357123,2.2800041043341817,28.21339040666446,23.361871810709303,125.83114217006516,2,Limestone
3033.802312346125,54.096354328244544,30.144165626355488,0.11261648408628769,2.807291282481688,34.845821777982124,8.166157471386784,178.41876080858955,1,Sandstone
3457.2743465256,48.77859966172207,31.719208489074454,0.2218595647261254,2.0506425328375943,27.59425144988312,33.864714518619365,124.07542908630381,1,Sandstone
2492.156750759022,56.20129543011907,27.3187296937215,0.12276095302327711,2.3219297862066814,22.609335913661468,23.96845827648448,153.05096020530362,2,Limestone
2729.4657815992387,89.4793796551034,30.438045566072145,0.08350661918355413,2.337847762944878,14.634854544169652,10.716660385223955,122.44362659555594,2,Limestone
3137.9478312238753,76.43055704776489,11.953970906107767,0.18908730626218712,2.265049921376213,27.072763197846204,17.130746881584447,102.56720443255384,2,Limestone
2472.4929600183673,124.75456355193356,41.20056637899783,0.14953655483911238,2.578901448936749,7.083000593671862,2.513661311904574,114.03573538532291,2,Limestone
2292.556797766989,92.98496168121174,36.01052935074104,0.1284354692716734,2.248361573639499,27.949878269564813,27.63540083496263,164.37043730901226,0,Shale
2852.2197707101764,103.08646954574371,16.492025773893154,0.15177707690218223,2.261541163430473,25.92318702785427,14.402504130859485,107.69640960867777,2,Limestone
2665.7111954904676,88.4233527396093,24.76446257372549,0.051509112861128664,2.3492520895724542,34.07992567658465,12.2727110981709,141.80623283805562,2,Limestone
2584.433418142029,72.22288368508094,47.41922531893938,0.03914552513918984,2.8106595258006326,16.953271794637644,21.659727826704284,67.04054888518749,1,Sandstone
2797.22117343323,91.20234109310027,36.93517664225406,0.11225107040818763,2.4444694545316246,27.169893173938917,1.0445896480333996,78.84119042577011,1,Sandstone
2930.2231051523218,79.89535579478462,12.407129799594227,0.30439762032191164,2.331512674667357,34.605923138878666,23.277403027602354,101.35081114310944,1,Sandstone
2072.068172425714,130.90613898464542,41.41454578321271,0.16654647389787613,2.303933880887439,30.001831371158964,22.459818323605823,147.13330348432277,2,Limestone
2676.933387156252,82.60089657620962,19.03374955852682,0.3454835636451632,2.218786206852043,27.158170307786595,31.684076685669773,102.96754207473143,1,Sandstone
3706.465906447813,133.07359166504844,25.99777047600432,0.2669595749600499,2.6007974486074352,24.157126372842832,13.568720050347336,146.3613202700529,2,Limestone
3255.2717124243013,85.17177254936377,33.42119420109657,0.133998282376998,2.206052171554027,25.660801270527607,10.648748341427062,85.4352397367653,0,Shale
1939.6412420407842,120.66020764583365,27.010626029801696,0.11571882337988791,2.2564864028079046,26.422424023706032,12.746021666928833,106.16747413906413,0,Shale
3429.3942489942124,43.48875628706306,31.508676285115627,0.35,2.6943720481863815,16.92861936737888,19.61143169961137,111.26009397208927,1,Sandstone
3004.563822769127,42.935707459546954,30.00071867058863,0.13248925156632388,2.352919516497604,33.5676950814525,14.243180611243462,112.25377295888909,1,Sandstone
2813.3339403042805,97.31472241854937,44.98958462667532,0.17606594915146723,2.491025499898038,20.31478452521405,8.00229032663482,109.15944041771085,1,Sandstone
2755.581677511045,40.215701010885425,18.09290568054839,0.14845414206599628,2.2537250997730345,13.480854792490163,23.015326307438695,125.08882016807149,2,Limestone
3149.992082384134,80.6002248662539,34.47266558251069,0.18272396484594913,2.201302421120059,27.131134320356963,17.871892363082644,98.09723273744224,1,Sandstone
2135.501922506728,133.7345728499813,36.62678357686165,0.1057855271853852,2.1870148207309246,22.26893879159371,21.35738160640598,143.6458121654417,0,Shale
3021.3398047800665,90.46994815763608,26.092482300953826,0.13335128189319337,2.3580154902786394,33.05126801254744,12.183058139364395,119.45136613371685,2,Limestone
2959.7523483108857,72.83913371293075,15.329660485612813,0.25096585093205703,2.514725102368309,28.095139113957863,17.26148269644882,123.7905916261879,1,Sandstone
2791.405580133443,85.20655061471915,21.02410995243138,0.12890829731791664,2.4314435572424222,11.278194606694166,17.317412824228878,153.60435270595585,2,Limestone
3110.541167019648,109.24527581765192,23.80128929375448,0.11605313292751812,2.1315074157788945,28.97788528235105,11.797700280529384,89.62744036700019,2,Limestone
3050.360756281813,154.66111604362058,22.604894287059473,0.2444319479186523,2.159705812402008,18.703699696300298,27.720114479158333,137.99109459779118,0,Shale
3551.8476598123243,63.38463394055027,29.305339483874253,0.21270447277955282,2.2275571191692043,23.073590373628964,15.520477809767797,80.78650463268609,2,Limestone
2374.275097421625,106.96585648686046,53.91873389457284,0.15691281127372406,2.3645387787857484,22.67402769239426,18.092778424737183,137.16626202244066,0,Shale
3128.9768175560603,124.71656004288832,36.230110292977486,0.2348175226418175,2.6743542913043177,25.55261789921495,7.709108714323877,133.92058831943294,0,Shale
2486.511559276576,124.11872087310286,31.57039170196768,0.18744923477081504,2.3283857881636494,13.107560347105442,18.59437107776042,129.30639068892532,1,Sandstone
2547.888582024851,78.47990200287089,37.254915722630145,0.10373982954800427,2.224076354166782,15.404508654600912,10.823921689962415,89.04482978339166,2,Limestone
2715.462251676471,53.993996267797115,16.63277915853378,0.1446787328249515,2.8175254255188884,14.790787631564278,10.911201775050284,177.74379160273384,1,Sandstone
2937.2357683625974,35.81868350884468,28.746330140024913,0.17455980406211194,2.3225839575139684,31.23036990662967,21.2954001147997,121.39362635546553,1,Sandstone
3262.0016625938315,133.33065532705263,30.731042543807433,0.280969157145673,2.2949707253683287,16.3082685927462,30.487094201525853,158.305279562913,0,Shale
2910.4370426837518,126.13011591396335,29.944128660318167,0.1776184685706031,2.2104554479716785,13.102521752932521,22.24792804545204,134.06178741057897,0,Shale
1145.3684792674308,83.95018627669053,19.167983168153988,0.04188908041221667,2.453904677913605,26.654592311696348,9.993647512821731,133.2274147160005,0,Shale
2490.9484564318977,97.07078664090153,34.92719346567025,0.18535461935039027,2.518072708150319,13.083026352360303,7.8874250152628305,106.20108338824673,0,Shale
3110.1974102270615,169.5709392351466,21.766504616373638,0.2598405663511665,2.1630207575527587,24.64148818126239,25.010757998988794,126.38265297885711,0,Shale
2658.0894553554735,92.47245777300583,26.833422352633562,0.19564806803303542,2.289496694773033,26.33497461665762,24.107981079082464,136.41716463961365,0,Shale
3104.381346082028,101.38428392729912,24.170705044007327,0.1954948360393852,2.2800158888803965,23.683449795751713,13.406682299634706,93.7359473045297,2,Limestone
3468.915729565052,78.68299014435081,35.44612504184037,0.16458293512584737,2.627639440769671,20.846180894310237,4.627425976183526,124.57247862342058,1,Sandstone
3068.9950558690507,107.94408782784446,29.679811955129292,0.16204640046015867,2.3355578296044426,28.619043632761837,7.133291654527198,88.32524524532006,2,Limestone
2713.5009127365074,64.56100000715111,18.760988750771155,0.2386180599521806,2.403577767534089,30.74261095736443,22.70938886128259,127.13547411020092,0,Shale
2780.0137197452946,86.35508874884756,46.00397298889294,0.1555151933017782,2.445990367323726,15.993174652689103,10.08090263840656,113.65816875274768,2,Limestone
1937.5153668623511,86.15360022026813,16.616581746780604,0.12496111889704674,2.533402437932937,17.71232312725422,6.92784121586895,115.14194395138274,0,Shale
2885.7261841814015,46.34750157825641,22.877989751493725,0.16688726050946676,2.419944661379909,22.619297558595505,14.038505619969996,111.1780391103998,1,Sandstone
2143.1961076907114,133.96694576746637,35.89369607269572,0.14058400192273224,2.2736426350828403,28.375432034400177,14.512873190131858,115.7840245452496,0,Shale
2688.7895432307882,69.96259755299093,27.25756491523553,0.20634362548350882,2.3336126764377454,18.95399290474176,20.37880350517877,116.33000154336315,2,Limestone
2886.527671704642,31.389663319400043,23.723373039733037,0.2757234429825671,2.7584833712144974,30.40059887096688,24.7541330794813,179.70303872708334,1,Sandstone
3017.4629682161785,62.10115352889683,39.1382665614555,0.1169835159076152,2.4261427596633682,33.49872592609812,19.635446697138242,162.65966781709272,2,Limestone
3385.7856318265203,45.450032532654646,24.493191533432373,0.19761730808186231,2.276838800912206,21.040347110206998,20.253767695981892,108.9514887138785,1,Sandstone
2979.2303156489784,76.24482591603336,28.718715855802188,0.16767737911208372,2.2566966791340515,23.359944157893963,15.802011475845822,100.33332060088894,1,Sandstone
1619.8133068419959,66.61392143282134,30.90083477540107,0.10159467164852007,2.5378163695909217,16.86335408406142,12.899992206047573,141.28878372763137,0,Shale
2868.7239818335997,51.981500082867434,38.74093402764949,0.129240352513902,2.354266962944796,14.34488077191203,21.773409672050086,149.84748755433705,2,Limestone
2729.5640354178454,104.2229408740071,40.08762507133135,0.03,2.455573905304332,22.690153398056843,13.027977076056331,85.43204011036022,2,Limestone
3685.8728939673524,43.957419248270924,48.89813903893843,0.3308162852611708,2.70154505226373,23.767411075450983,15.613283827427797,121.84012195625309,1,Sandstone
3001.720256235299,48.00874012084286,34.52005368582448,0.2856131321308214,2.7487505857992716,12.4479492572881,16.534363138645556,143.37607268884906,1,Sandstone
3269.9586995701766,136.8654190397636,6.907959785911512,0.2694603508991008,2.3409712519089334,17.42704922184268,36.48675046181943,199.84572403702862,0,Shale
1138.1758405701578,105.97351654322213,17.011964459481383,0.03,2.302006583992706,11.821251073321175,14.579949153629387,139.46845645524462,0,Shale
2711.540649895703,92.3959770060533,18.979154352239348,0.18422399962982092,2.5470120676968913,25.213924308114844,8.039108490765752,113.80602998657827,0,Shale
3183.7444932282115,62.892706028320234,31.62634469900177,0.07500636998373465,2.3127827361646687,25.663170365255958,18.866954211672287,155.39529850002089,2,Limestone
1563.3043182587126,102.65246042895826,35.36487727121329,0.22214404020348058,2.2054531646521855,25.007494520843217,30.38667451483529,130.48975087606104,1,Sandstone
3022.127720185676,80.45514586195797,26.450786463007663,0.20314889451324958,2.2800815028065546,17.632300795154123,19.619287921343783,111.81415618248114,2,Limestone
3084.276053503791,79.02084029749402,36.19656691763148,0.2491682684464708,2.421854472571397,17.493859651656855,18.461785545963757,116.59512152008546,1,Sandstone
3721.7532349629273,58.29173267963458,26.72672559478564,0.1073841487559808,2.4644329511115655,34.01987128229227,18.378582050852174,174.77827373323478,2,Limestone
2366.6842835182388,82.86608321391375,24.945504786444854,0.22455854021948143,2.4645589828323047,31.463963782302837,22.131792022985717,142.3339490695911,2,Limestone
2333.141987824685,130.28449390421562,28.47622502728823,0.10413878667786323,2.4206743443314407,22.248314573842684,7.342015368520144,123.42993177837148,2,Limestone
2796.36902378052,118.05613800145801,27.716815739748306,0.10362612555123399,2.0897379048479787,23.045866021159462,12.893029290070212,90.411261213329,1,Sandstone
3166.155421838218,68.62953553974053,4.569068105252214,0.1833693049898345,2.600453919914949,14.706740727693658,9.186507029643403,126.96630574508214,1,Sandstone
2534.9499302578274,117.51633925457963,39.02325761130386,0.16744764724499284,2.339465362913806,21.263371445879137,15.311236338853279,121.53728781205344,0,Shale
2501.736609916799,121.61183618737941,46.546347484020885,0.1438896956674332,2.3879924772089938,25.220948103734056,10.73894212263257,118.45788906242296,2,Limestone
2722.0219397154337,113.57051126534432,41.97494516564363,0.03418299692230101,2.488786981411509,17.949765931483192,7.8281249176843914,89.44083127305663,2,Limestone
2118.9376489699403,102.68712382683674,31.31112196178434,0.11053172003253085,2.3017596238416473,29.936456991278718,19.29213801242269,142.84527127773512,0,Shale
3213.6420927560894,90.03296582616258,14.114968635918274,0.13107619778934115,2.5817355885901225,18.01248707230844,9.818740763913787,61.57585756319357,1,Sandstone
2813.4094377439915,98.4874781788183,17.381225566415146,0.19118368534663288,2.446849380817802,19.66738749742251,10.596536696790308,108.17744859517911,2,Limestone
2223.2342502467336,96.21716476277145,24.077556223759863,0.03733431013246269,2.5569121826374817,20.20363694000654,9.199501627850982,82.40354781617995,1,Sandstone
2938.5436493267453,30.214581989150325,44.04305505165939,0.09300101685825038,2.2358964570002895,21.933384456262996,19.64048173077114,124.57678130779328,2,Limestone
2410.9824265215884,134.39268432919954,40.41912604177478,0.1262948485194426,2.0302523423807464,25.150677657314894,36.04694198659237,179.46304918649957,0,Shale
2711.4607582537315,37.88710529625119,39.515520780790865,0.14737346372702717,2.2002597672566067,13.926232490031119,28.433059283429415,139.43848498939286,1,Sandstone
823.4173411104384,10.803176932700651,28.999536888963334,0.03,2.6113112599762767,22.93451144698768,7.728324548261177,154.19415844384142,0,Shale
2892.1139210748156,69.7282570710957,37.15864629571147,0.25127702482836034,2.417527390300601,24.88137557143422,23.32578621325332,132.0782386463998,1,Sandstone
3703.255378961444,61.79888110962884,32.149845363327515,0.13824177566411378,2.475495640768161,22.722238773733366,13.609681231134456,144.8353336359914,1,Sandstone
2992.72293321017,108.9224584151066,21.228660615525754,0.11080071336827513,2.310378423609373,13.98158545985042,4.5141419820267235,88.91305056853612,2,Limestone
2704.489777928084,89.40100414169976,15.296198653242827,0.03,2.4635730626005325,10.197432622563076,9.01559477466487,159.81350162165108,1,Sandstone
2663.7409565246367,41.362615610520805,46.59270664219191,0.13139320729634946,2.414991400596574,18.002096700732245,13.611806783546314,116.28453700966726,1,Sandstone
1947.5336886294383,116.18131228095302,40.68704980134618,0.12300251320286087,2.53760898181427,19.42838657830774,5.987057170681139,122.41051261188507,0,Shale
2876.2262488799233,113.23313420021913,51.173728164203425,0.12045004055185737,2.3570238717561076,22.18728753801739,0.21785049113311317,72.13504197509556,1,Sandstone
2844.187786646937,73.75656006248215,42.17548021950716,0.16958412372558238,2.2891531744361924,17.635211161274324,24.698504881465816,144.30120738356055,1,Sandstone
3329.1626841752686,137.90955277564996,27.105099195663804,0.2867957447698124,2.360021750981199,4.862347519953055,31.54553711632796,175.45929978389302,0,Shale
2993.105468983128,106.67553046143944,13.868699810853112,0.16019196319559867,2.212241232291156,18.191227107374548,11.629556825615884,85.83475780206498,1,Sandstone
2864.588062696439,63.06367505694437,39.901247868928166,0.24257764760315098,2.3108242287328715,24.48175826628601,22.458972622479244,108.98694225162929,1,Sandstone
2863.163985388693,53.48612691867369,27.50878996511281,0.18997612303347677,2.634672342783724,23.46864904667019,18.97113377962738,167.3840834245149,2,Limestone
3062.683102982968,112.55971178942752,32.80291291965907,0.17978299211520862,2.2265275544213545,27.4398903148557,13.597108614600801,93.54077949309136,0,Shale
2448.187461825818,141.90911421074557,22.259743496373943,0.14328516865215227,2.5081290121930886,29.25063993481653,3.615338604834921,113.79700653014369,0,Shale
3160.9870753706905,52.46750952746935,13.79905660804943,0.08542322970336325,2.510795568050278,17.51730243380428,23.053265110670296,203.64615715989652,2,Limestone
2618.3284866275444,127.34633824900537,17.126214068646547,0.15888419197759454,2.7582025192173565,25.852646553991683,7.415703567518868,100.30660627988335,1,Sandstone
2829.599498920962,102.22404701529645,25.461164011509275,0.06779537707200425,2.329870628101154,30.220158258257364,8.782788532071555,123.04961160055265,2,Limestone
3374.2001459597423,74.15777553981138,21.156197846377957,0.1586886172637294,2.6005824986377193,14.931232627899673,8.11984866146719,135.1592738533082,1,Sandstone
1847.9895428981658,86.69956079922423,21.540663598970315,0.09576342956691566,2.430862837824013,29.86961217834353,12.743946249717998,132.59430468721783,0,Shale
3239.2373239957965,75.55681464561408,37.44314642362689,0.08880273863700026,2.3144362192575545,17.133968563216676,12.747652294965228,127.4443282742114,2,Limestone
2812.288213593578,77.48602428743172,23.55377868921527,0.23001565744229271,2.2832631417504032,20.692189690235622,26.345856632120896,130.5161418563819,0,Shale
1541.9043163294368,78.12220241666625,21.13761566636537,0.08639707243872397,2.2393535808012928,14.592127495108809,12.682269186740081,93.79419291332748,1,Sandstone
1832.1061087818157,75.25027584535334,16.645347065518813,0.03,2.3424424987346124,26.3131805172442,9.210083866210585,121.19937623964715,1,Sandstone
2250.1746311794536,74.91275567309981,29.927626865504642,0.04326540800916426,2.4070065256689794,18.45013815841887,4.868597602725275,111.2445829966399,1,Sandstone
3275.474842120217,77.35359382208551,18.16382336803604,0.23205853313595973,2.4860778507327406,18.49903843918142,22.134655516748072,153.21694577269483,2,Limestone
2817.826790106683,56.0402748972489,33.26563015863055,0.2634174203587769,2.68453406167032,23.99801277669424,16.475305009553598,139.49709485567718,1,Sandstone
2817.356715297168,38.68167188292478,22.744816955580845,0.1134874157150035,2.7127533271980373,17.598352323480164,4.440079135309595,94.51819941280581,1,Sandstone
2315.0032579797207,98.52014152962654,20.958611568985198,0.12476323811066625,2.296883662216489,22.42738838475409,22.85445648456097,154.53205182340596,0,Shale
2287.2678887573934,89.37503947276035,34.05029604444193,0.13691624712426753,2.4377945197265465,19.217216382100723,14.364216771068165,133.34943326472467,0,Shale
3009.9795444504707,89.11517174929637,38.5093692777578,0.09923967576988135,2.3922463983290725,30.499967849787737,1.7418675027316706,88.71382728996889,2,Limestone
3132.9721604199467,117.12204268804521,34.132254496860355,0.1297620136731247,2.4303185892804113,20.782546128500435,4.560031378624396,108.9565230442391,2,Limestone
2795.4134013860094,26.061142343262155,40.2847900919011,0.12251662391957917,2.395339939150566,17.206606611441217,16.5188177201574,125.7968552025377,1,Sandstone
2351.076478227241,138.3633491163196,20.093024904637677,0.03,2.45234170935348,24.29278765534482,3.882520129107437,108.6578513476259,2,Limestone
2899.4933865615085,93.0731652983418,34.480982133510246,0.13743731719076593,2.506967667424773,26.81769955911697,3.5490461681335574,71.76905842383294,1,Sandstone
2599.9395060818615,24.652167259408436,38.37833677524443,0.10097095266480154,2.4559114191856835,19.448509925622957,13.129887876253404,125.82452954909995,1,Sandstone
1827.904180013809,129.6302161601749,32.50147716035356,0.14930298618273752,2.118814056528679,28.54616745514886,33.79462531153486,168.2821271163143,0,Shale
2680.23083987306,82.47574573608239,49.68858851204876,0.10233458265818435,2.189921446447406,17.768030014343996,15.62199274070183,108.50470476464584,2,Limestone
3508.9245076280044,90.40028804934441,34.57212636211986,0.24065605552561076,2.480403846001045,27.45154657112531,23.402690296788656,162.33036988657446,2,Limestone
3119.483533339941,102.05671393366973,35.141326999931195,0.21902242819842477,2.157455493955722,21.153158083336987,21.580966090999606,101.31625045578468,2,Limestone
3078.8344419252335,66.81495289470698,32.83323592535667,0.23259351699274386,2.0,24.08971748600091,45.14075403744101,138.0486131410665,1,Sandstone
3610.0975683749075,96.98145775829886,19.448140553688273,0.18227212317379088,2.4703778140613912,19.90317257249574,14.712153678834982,144.1694456937859,2,Limestone
2490.3168935446997,42.399517174550176,35.62979181904856,0.26569052862055964,2.765343757864935,20.70713970301396,22.13296503076128,171.04637622885286,1,Sandstone
2794.742952106808,61.682680615570334,27.836996715364904,0.14243874703084575,2.3461454091002785,34.12716159748453,22.94965136866708,151.4987885890434,2,Limestone
2877.2713013192974,124.01917864245954,9.667008889598733,0.11696053844927574,2.534653347064603,17.09119467017395,9.671420205749854,155.34053383430847,2,Limestone
3152.533700272334,110.41682554894055,27.21535286281615,0.09426529905117009,2.280067776146188,19.31673558073269,7.815991741907284,106.95749927113211,2,Limestone
1770.104471439433,86.048912828393,22.89717962848922,0.10235474641117873,2.4272201523389416,22.835010770395726,14.683986034920256,137.40940349890164,0,Shale
2856.710922755177,104.20412040030175,35.74081282106535,0.10366546429554267,2.432855101191306,27.257235950029962,6.233496770714418,118.53620153499324,1,Sandstone
3184.9867791999714,92.85073226655389,34.113602775697075,0.2963960663584655,2.4539297373215403,14.72486831749793,18.98169280683299,114.21373437098794,0,Shale
3047.098071099704,102.0157859862804,31.40180031001593,0.10541744342988871,2.3506934155540873,21.35209919952838,11.487215911118746,128.86374598016994,2,Limestone
1801.0554353501766,64.74870677600403,34.810703695107726,0.1525835397118143,2.342326221663687,7.971947699250691,19.30135778114512,118.90131966352924,2,Limestone
3300.5966009704102,55.513421844612836,39.36506606057008,0.09645944275510754,2.75901909805786,18.76412245833413,7.473955849400776,175.85204032905878,1,Sandstone
3364.4568096357816,80.69262074749614,38.09779272561425,0.13706618755240127,2.1593967148860926,19.72609555565085,12.07085170926423,82.2710535816963,2,Limestone
2475.477652973739,115.89745746978184,29.063786809293884,0.1709460563802885,2.3711984328914735,15.078043891440588,15.952838795662382,127.81004756672678,2,Limestone
2158.0938509544408,116.99515389312887,31.53427380385389,0.13342302578739765,2.2440349863840723,18.25171499888035,24.569262528483385,153.96887830994487,0,Shale
2490.8838096332693,132.530941916522,31.65099551493226,0.14867684820520094,2.2307178726251538,22.188504840799304,20.205451020066292,135.33587603160709,0,Shale
2882.7766071101814,96.34480547399596,29.718756760581655,0.1414318296548082,2.4760773234801023,4.028398655202302,3.790419471969569,99.5958676912386,2,Limestone
2800.925581595895,99.87101321806513,32.8483969535545,0.2074057996648098,2.3470506267567135,17.817811183810832,17.514564049304987,116.56108912472828,2,Limestone
2364.9440875651626,136.06767991221824,26.292490161923524,0.03,2.628138997391498,21.00422961116245,13.37425161401248,98.00937602729674,2,Limestone
3485.3589439739435,77.94065221305549,15.877413725821995,0.19869016335404363,2.3648143193008937,29.135036698630017,7.605686411129794,78.21537908869891,1,Sandstone
3476.32863044022,1.9692016878487948,30.385732419762537,0.17653606669758007,2.192224293727466,21.061928959004884,26.528884523034083,116.50158657463382,2,Limestone
3107.17321406404,117.14300126010389,21.100374434428588,0.14450238271106874,2.0,17.599227452986213,22.838887030532163,96.90127268131366,1,Sandstone
1550.8294178790006,77.49739278497584,39.35494395878445,0.0837122510425409,2.4875425772197026,22.088896059583032,11.499626410234956,134.63374706738585,0,Shale
2301.11003250891,108.07885018278986,19.18890652175887,0.1360462247442722,2.0573745180064256,26.061025924666044,32.31729176147864,153.55524095548896,0,Shale
3033.2495598483397,74.95847314612416,36.291352982577834,0.13571950548416115,2.667001582706892,18.61029084006868,7.6208236693828155,149.0599980619339,1,Sandstone
3261.3039842057656,85.60811544436109,36.779632895993345,0.1439054635612497,2.49967022331442,14.979977881360824,20.602019147782215,182.09349539088313,2,Limestone
1929.0866030297673,88.65352857717758,36.94020087060742,0.10172263759973135,2.4360945367169142,20.152624209769318,12.31459208712181,131.14556855994783,0,Shale
2711.211402064001,53.0705748117873,21.20086595276863,0.08564973521324566,2.2980175632751845,22.82039593522906,14.774155140425584,120.78464427441385,1,Sandstone
3426.216266600616,33.220217987366965,31.913622541116112,0.1915191459799579,2.467636327561052,17.70283291832004,8.467503711294484,87.86093725360226,2,Limestone
3132.05984727372,113.73493678493789,41.07272972003804,0.28149843680955,2.261210658175071,19.642936655396756,38.15123988122431,179.25599382496182,0,Shale
2154.7679363152592,107.91138192586982,15.766632051186134,0.12943510354222904,2.3880924518386184,23.73670643710395,13.91948006307161,129.34316210011627,0,Shale
3143.3388227197865,107.23714426844367,33.108383975387895,0.1804882747984764,2.2382104257449043,29.476989987267668,12.414052027787177,89.18465073291303,2,Limestone
3068.4426913239627,69.62798721574268,7.9406482008562165,0.1867609143209208,2.375146354784482,26.364941224940594,11.544290641409484,94.52684027732366,2,Limestone
2715.6671848604706,100.14275003802209,39.3798960029134,0.20358351095608643,2.440602415064196,30.89466417252782,20.25553393335059,146.76183774239726,2,Limestone
3021.626790079134,99.35058919898647,31.793980391804457,0.12260356031149514,2.2633079712866206,22.779513426467677,7.020332716525732,84.92251967405804,1,Sandstone
2686.7202871657987,78.86713209185771,16.006269538544988,0.11690787908256929,2.2187845774756583,22.28272163086554,15.52538682304952,107.11108173395115,1,Sandstone
3032.8714232471507,60.77103248447265,36.519334010300284,0.06939468824234006,2.324447978174994,15.461181734998398,14.403483910978247,136.21921964375315,2,Limestone
2107.056324141874,79.15063027168055,31.040464810390855,0.2054218072238225,2.285020142858831,29.387825581412116,28.544575852300557,141.3562491357438,0,Shale
2200.1955721271065,65.11852759142288,35.50573593701598,0.21296550828084837,2.424811655242285,22.374681859978775,29.83388913704359,166.77284865499456,1,Sandstone
3667.2008024187617,64.26009487707653,21.065809141607147,0.2158659193694894,2.287912068046982,33.24145836338282,14.557914001348596,88.01720362065605,1,Sandstone
2463.5842546999365,76.43392752035942,35.2628586868198,0.03671514479326318,2.187944949680694,17.786216720852586,12.305094244678743,111.0411429074357,2,Limestone
3157.903839205866,61.372204180233226,29.881628537596757,0.03776390207559646,2.288230488081539,33.408307993517894,14.931242835960713,144.88639004179305,2,Limestone
1711.9735052154,82.57845191598463,32.7279338628598,0.11819505479620705,2.5836389155395283,22.11266634032768,2.455588771134982,101.9742310021183,0,Shale
3095.791702819059,80.60866277324546,20.395830795907713,0.15391107591651115,2.217781732743636,22.28508780856773,14.901566199058463,96.77933798959519,1,Sandstone
3540.1530938467686,125.61924034756032,27.77434929228587,0.337136235835736,2.386737129726622,16.938420324809723,35.31244423440759,178.69377978914693,0,Shale
3474.0655480294135,79.45632249159284,32.068825297567905,0.3132716748855213,2.388086510760588,18.289618882236084,17.389746882789126,88.00441984329305,1,Sandstone
3236.014930891239,101.58411802110223,28.125185125087178,0.2195315645285613,2.1580629689025934,14.482001456989638,19.88685032027302,94.70426142095559,2,Limestone
3265.326860915762,76.63865842925198,33.64601803704832,0.07393259985621521,2.412394416080885,24.010756798441985,11.001021163447536,143.20293338838547,1,Sandstone
2227.701709610464,66.99990809516433,19.37299724472101,0.15220345260715812,2.6189219417261898,14.16692537450217,3.869213653856546,104.32442976288628,0,Shale
2206.7081485605595,103.95328951386654,29.686040629339757,0.03953347573684979,2.503296338191794,26.021003572782778,7.247633463809574,83.23185749979024,1,Sandstone
2997.9695005143494,58.57554477522073,46.955158192498565,0.11282870543976516,2.3093275257659815,16.848482646220084,13.30487331800087,111.96057416168529,2,Limestone
2810.9043884412376,151.18917106664742,28.301067983324042,0.14846816143302927,2.0,30.1440489742977,40.8892933140599,180.7672432497364,0,Shale
1684.8120576491178,112.14726892401721,35.99441015306259,0.12064191814646061,2.4740592606101455,28.55515248807052,5.781870577789174,105.99859610016428,0,Shale
3684.774443967568,106.95916872841823,35.05934305820752,0.19478524481977044,2.415496382077265,16.35029340649779,9.804294216478933,111.26419938455469,2,Limestone
2917.173943060877,34.10250446446905,27.33936344237997,0.15446415751820786,2.637022190631148,10.960046503518205,1.8138730211091243,94.97128204190656,1,Sandstone
2663.833501126628,114.47645500300038,25.148899806959385,0.199492668662237,2.522168309692763,13.595980870680714,2.1266652011413,83.29744985753325,0,Shale
2718.253634335951,53.2176490626141,53.399963219324476,0.14450537657077026,2.229709962629075,13.010309144052082,22.90384035128029,125.43724311675105,1,Sandstone
2953.269251327892,65.27073161793454,24.883061280882877,0.1333971368049573,2.3054134656168452,7.93016638287277,12.982006931968392,104.21586620238158,0,Shale
2580.68636248914,109.83799404736621,18.288323321987633,0.11351827730302984,2.4994045087946835,16.338389704484015,2.6433394727328423,109.0651145728503,2,Limestone
3006.858589053457,62.33218225808986,54.83765992587508,0.17979337629665393,2.8068378276633688,19.364693411069123,8.484912365205009,158.6795041922303,1,Sandstone
3888.2107673946293,138.22757927289717,16.75138696149761,0.35,2.522765648370808,24.20517428536847,16.476596532987315,116.18642110003887,2,Limestone
2632.297240126502,76.83244835790597,44.17077033343144,0.13617752133236533,2.326846167494642,28.46315502560674,12.272745814726276,103.72325426842033,2,Limestone
2805.092226929587,42.01592249986771,40.297581643090325,0.08508971138962951,2.8850223028576223,27.75745535431081,17.61337934393283,75.96930484889182,1,Sandstone
2894.8807151528845,108.93677154338737,26.32136706303516,0.06939584416948641,2.372801956823218,26.22277530250491,0.8408445189736735,88.83438164963722,2,Limestone
3970.083510679071,108.9635246990803,16.308673376183034,0.22580378831097106,2.5888798583368073,25.907138617452304,18.993802280207454,178.98106796987207,2,Limestone
2859.6021269002185,128.98919040597443,37.78682745725789,0.20746982752906673,2.439853074003659,18.726067633824492,26.101974038449058,183.80204508460224,0,Shale
3179.2069221675756,100.11563543516473,10.10965803828704,0.2540900573459766,2.1588573300081912,20.244431500554338,38.24990748822789,166.60368890290425,0,Shale
2497.9102028263796,39.08598634122703,17.475888155144553,0.15012972793894627,2.190068590408104,30.55921692643984,30.359850398196386,143.25362525039242,1,Sandstone
3934.8199999062854,55.06563006279841,15.364968966955939,0.1911772246580018,2.5008330584740945,17.062308244825857,13.37826556798033,130.50103508322374,1,Sandstone
2100.5687696413543,86.30567724488019,28.12157179936209,0.13859463897013774,2.5571414723715398,22.550313698490193,3.606328298552942,101.42040641465732,0,Shale
2572.4477365594457,75.41560829947892,27.27777828227304,0.03,2.337602870133296,5.858346211878789,8.227815605092253,130.69967810746886,2,Limestone
2879.54917932639,101.57781771500996,39.944102812176304,0.2571633879291239,2.165768762784531,26.22096113626703,35.81524480257592,152.24342372196827,0,Shale
2482.578430709901,67.0288912170464,53.92298383669758,0.053448764793517844,2.5327618192804193,33.89507838218726,3.0428853863593552,94.34195899980227,1,Sandstone
2036.7907850307733,46.67985528833621,34.70571459400298,0.15000322756592138,2.1365457965483143,18.14367043670372,23.77409476635998,99.73641210938166,0,Shale
3120.0668818603167,78.53409239584701,25.2095002646284,0.16397309128875265,2.4455851278334206,19.2976333551073,18.396578065011916,150.7934994514888,2,Limestone
2575.539493460413,50.448272467138914,17.35812404008295,0.07655395908700663,2.240909393227026,27.50477292156232,13.858943882871475,106.69062416824649,2,Limestone
1621.1899086093492,49.256089482281645,35.54632200640681,0.03,2.4195016758472345,26.113350179303104,15.34704178023145,154.60144917145684,0,Shale
2929.2529360263893,91.63052599802921,27.674007615645138,0.1242780087872277,2.694656229308399,13.716573895318023,1.9402688524301936,136.09313513686823,1,Sandstone
3789.3498240378176,124.99791022095933,22.44024708684988,0.29633953836633653,2.4526542740738537,27.840024697680526,24.68749823246938,158.767991942513,0,Shale
3107.2868942946934,105.52676267232823,20.923422917585356,0.11740970540367776,2.2260893840389286,32.9573228707668,9.737217282693143,95.65116225090337,2,Limestone
2922.7721539017643,51.56978718791301,25.89064923426138,0.21956624009152922,2.766599574736867,20.51957631667915,13.884180446449664,157.72304257691644,1,Sandstone
2525.4577924616037,82.77287859945805,34.29006848016388,0.11838178291763077,2.3085959637963094,17.011127962591058,11.71498359448007,104.68069444139105,1,Sandstone
2692.981734519819,58.74507124554454,46.88157052902791,0.3135790815681495,2.4337405614645324,25.840336486197504,28.244185249915915,129.82238569751996,1,Sandstone
2667.3771250139775,95.3548325448339,33.945440343166744,0.13184979732371427,2.237711056055773,22.489868254109524,18.993913837350824,126.68218686434467,1,Sandstone
2395.7851323295577,59.727035573629436,22.077459072252434,0.09672283504543477,2.343894926740531,29.737561717748555,13.766941150878388,118.91221908020636,1,Sandstone
2957.0075891467513,98.440493509004,30.8543868521991,0.16579478709959355,2.0157484663894363,22.350632169301527,25.052916240151326,106.8488362175799,1,Sandstone
1676.817219468295,55.851885443114945,43.127240692726616,0.09550584979967475,2.6945122213412396,12.431044870595075,0.9679982917677936,105.00129657153346,0,Shale
3171.8548222301874,95.63927172075809,39.51056862481465,0.1745864340372339,2.298727998698438,21.32849988880477,8.020447115511999,78.46550013691679,1,Sandstone
1838.6612974427317,80.60888387084056,21.996593679640505,0.09369397087388312,2.3998321410510552,16.720777571739447,16.66484969509156,143.64470849165096,0,Shale
2996.648264073154,103.14632169043587,24.083541846575542,0.157759760111352,2.378652827751548,28.684494616812632,7.087270931741933,94.99850087989216,2,Limestone
3547.9982645170358,101.91707370192248,28.19864395590149,0.34005593884398955,2.328125378094105,18.642074915049026,32.380340664452156,145.5174677703497,0,Shale
2327.7050520803778,101.05231027957089,24.61650542489023,0.14598504098298828,2.3354360845725655,23.122609223333637,21.79316957419977,150.24580783050766,0,Shale
3115.2867484070744,108.91608385770597,18.03660100789788,0.2411272322602748,2.4589685368672836,29.155637229863895,13.181805986148506,112.14177582748759,0,Shale
2309.5832141298056,120.97247193751987,15.514690579662997,0.14048810450899563,2.2662655834421748,26.165266257671355,19.528716269050374,135.44409903624464,0,Shale
2604.7156122800466,59.04544977149118,36.90532462151185,0.13276821597269708,2.4458315826975956,26.27843939371921,19.6719714047725,154.70313754597763,2,Limestone
3245.063999541846,61.04202806750508,29.584820307319283,0.2807010300719135,2.1198920866024866,14.945593319998231,35.51697593135601,125.2306421326079,0,Shale
2720.2842144595857,89.96709152107373,25.833080132042646,0.07276339255752318,2.428136765497892,23.511216689908153,12.862986436310663,152.74446734624695,1,Sandstone
2696.43056324047,96.53099799131053,30.584770684681395,0.08370183465109998,2.323950911254616,23.34937476931792,14.673310902258212,140.10367458470336,2,Limestone
3470.426550285368,62.93020062138204,20.384773126707856,0.15337194159924775,2.329519001381577,22.19489232851946,9.7234011176547,92.23808899852413,1,Sandstone
3051.2101783783473,120.29236499526964,0.10522516313516661,0.11516584573104843,2.1991804123181597,32.33576596422729,7.561844832547945,85.66482611492651,2,Limestone
2442.568554725402,124.3368619336627,30.419180402386257,0.12297168526636304,2.2185990507638236,24.656519927854628,19.745169596589445,136.64736294431967,0,Shale
2582.931169627718,76.53145522706191,17.766929522134966,0.09817737702486934,2.5590535921530924,22.68501450092877,3.6252798944060842,85.21831168874832,1,Sandstone
2594.8190124581456,136.64352623129767,30.552304364811114,0.12596387901747513,2.4844598288518065,29.01261350206672,0.24052066571054453,99.9756089403192,2,Limestone
2497.7008801971006,90.90731055794487,11.233096686621245,0.0800959875036044,2.2772678070487538,20.548473237206263,8.853566539133421,101.47848515419037,1,Sandstone
2986.6181273125585,147.70872013953445,34.814953205671245,0.16583570901158567,2.0,22.797570788965007,42.43498308694886,187.61388609954372,0,Shale
2883.5713605339433,131.12381310018185,30.694781162210788,0.21052299765008387,2.2657753939955945,12.321899118538186,28.10939337244421,161.15107338210885,2,Limestone
2692.186408776138,62.19942945902989,27.136985971058127,0.20095345238481926,2.306561749884908,26.343982194411424,22.93577034522235,122.5550455507911,0,Shale
3520.3294853172138,105.7455485645001,37.56552900702482,0.14047601165641982,2.5082269534812687,16.625868929825366,10.803388722156853,49.353215247178326,1,Sandstone
2883.3666367524747,141.71988955889336,20.91658748292015,0.2767096422572968,2.1983614764165376,26.40961584552589,37.549136593967226,172.87088863435318,1,Sandstone
2762.8697328403387,92.28821809374998,17.67545609169774,0.06702342951760754,2.448528963140772,21.412645568967182,0.5945554652372795,102.96628847397142,2,Limestone
2542.6738296511726,114.2467237356877,31.432130832061304,0.04469961311242582,2.4614221464698014,17.311143605192473,3.120578418150549,129.4398896118155,1,Sandstone
2928.047525879002,95.58145724622733,39.00791174028302,0.28026310359743906,2.0715673458453323,26.47766556166246,40.5960431856451,147.63667913081903,0,Shale
3240.788661675572,136.28407845026288,22.318057649945178,0.23810231362614676,2.252902498662862,16.590607028178905,24.768602155953918,139.8539595202853,0,Shale
3219.384547381153,66.8312343404871,24.839518438982218,0.14781956859387715,2.304047692648763,24.928925587232943,10.879973339459848,93.03149944020106,2,Limestone
2003.3406015167482,119.0291169636255,27.29213503020937,0.11705007922547023,2.554697736691629,16.60905707936293,6.5263402915504924,131.77931489131328,0,Shale
2988.7300801312012,124.3888810520331,9.228403406991724,0.1314698600074688,2.43316723677853,30.378794202734397,1.721047587567874,80.40198756268359,2,Limestone
2936.6412963890925,104.5173432417728,22.691651003023292,0.12192626614167834,2.2435770490110922,8.696297738478592,10.868491865074912,100.03472572310932,2,Limestone
2979.7141991506105,96.89600085564906,25.213036189920544,0.18387458221497702,2.3783702834356566,34.576967656305705,10.975445483192606,101.50192463435454,0,Shale
3370.588380118709,133.4777152782924,24.44599600557661,0.3146261705327496,2.407604717485672,17.677669847197173,27.920851837994235,156.6661067436989,0,Shale
2610.025887724662,126.87079035492313,24.309386091534265,0.17625632739167757,2.3094626033668013,32.48193818905298,15.234623891261101,116.66786511404166,1,Sandstone
3772.2735892323944,51.280839897594085,43.42747603316766,0.3206551759869792,2.560217037837243,18.919069817355677,16.063032422597594,105.12449881210102,1,Sandstone
3180.8282731817953,94.51489629926222,22.242140106874,0.27521268803664867,2.3217487553308054,23.016264819656243,27.408033575371512,136.96316953806314,0,Shale
2142.2675121320913,82.53227297615771,43.42795315421705,0.14102200412640367,2.5244536282576466,12.011265991403423,10.786086697724748,127.10362690597968,0,Shale
1629.2176907732123,62.06387471621526,29.339780140539713,0.08018661590144795,2.5323744753582966,14.911352430536141,8.667806609250649,126.78565884958157,0,Shale
2643.6598270953214,97.89014520708378,26.262791295095663,0.11334447210953495,2.4756075522941354,29.26194309964932,4.932952743312768,112.16670149585,2,Limestone
2295.2213413770487,110.58561050023516,22.197828518623584,0.09072739029378468,2.042291861777384,22.492521397764587,37.36447330113033,190.82610283619806,0,Shale
2867.995275965565,98.5575586532754,25.87255905778451,0.19873464083707643,2.0,34.21949414003248,29.812301830304648,111.04478031962837,1,Sandstone
3250.577323413191,39.560244365698615,37.10774025175194,0.161773141907109,2.656465509851157,27.45048543451697,17.791543183606013,176.00092552125315,1,Sandstone
3092.3283474678806,96.7110682751583,15.968615919110004,0.10340954200454616,2.3417075288707148,25.930601629735186,11.147685594593906,125.14121896102965,2,Limestone
2941.2765495532126,97.7370101211805,31.947740056280672,0.16533670669686512,2.277755829812952,18.94392942201575,14.215281231876952,104.37426020421235,2,Limestone
1968.6703454879898,139.16583076445096,13.459644997392978,0.21216474767681345,2.5056219322357873,26.190596692377852,5.597117914418552,91.43946978770926,0,Shale
2168.1384513957432,119.75688467385521,31.323090206885347,0.21769912084261844,2.6672238955160523,14.92289526015693,5.8172723559207355,62.23809295992762,0,Shale
2319.6761361398712,109.76485240125132,17.15630591690826,0.16538006845822323,2.4675262885445743,19.030716050924084,8.041310841217964,106.75257845730158,0,Shale
3308.3650034968987,79.61167799970447,33.6516063247517,0.2637966010892234,2.3123472657901027,28.28620941326566,18.11643227749998,92.81123268578729,2,Limestone
1353.9635496935007,58.06180955736258,26.47782681102543,0.04744821761177001,2.5526406095689436,16.97570749390255,6.081561490771554,125.2026972010197,0,Shale
2756.725294849051,117.55941444119958,34.35415652730941,0.23049729245594155,2.4117022815372025,22.842555204669004,18.815078577024444,131.69905128338712,0,Shale
2771.8839212646876,110.88935468985306,12.006433187835267,0.17166042212637417,2.380556629745813,29.93442594887038,10.663449369113467,106.81252576669216,2,Limestone
2353.4838932843745,129.46695098876324,12.51286962581278,0.12475578523124756,2.04962222122693,14.966305018582283,36.768340823518116,184.52484519135595,0,Shale
3324.468291932308,70.50275933702282,21.903555402963548,0.1741815147903707,2.4418239439012055,16.383097323550725,4.394721700920577,81.53531363620522,1,Sandstone
2301.3542235954937,104.43949651002922,46.07404549823429,0.10166924919913234,2.5587068283882957,15.244775037129255,5.566086193772014,132.3153866217585,2,Limestone
2503.4734430898125,60.40078176313046,39.99149594617186,0.09115919158949837,2.249371048433219,19.477868040540844,20.114448903062755,134.5265611140614,2,Limestone
2627.0079125320854,48.01399977873791,27.52388463558549,0.11031263603233869,2.5508038895894813,25.94119637985701,4.014084557197991,105.85839775353776,0,Shale
2853.0373011164834,33.116316776744576,34.26367818973557,0.16431366552483762,2.186319280064453,17.409191997342276,29.60194591655177,136.54104409826905,1,Sandstone
3098.73828478159,48.48653709012048,36.70992652088924,0.35,2.396332364893044,20.24490283870395,32.84830735503121,124.43221737007556,1,Sandstone
1993.3113442716183,112.73146369113871,35.86515157618,0.12637002389278973,2.019597343372631,18.07394877366938,35.337223564819354,161.71160158090728,0,Shale
2533.725552378835,88.64983245854275,35.54867240214488,0.10693997831443236,2.4157222909904434,26.92720689851094,3.01134240535262,90.06711588057954,1,Sandstone
2230.6632033134006,87.32783775364875,36.91705113607988,0.11259606904769355,2.160832004674486,22.006965920325236,20.503031814883627,118.1739667557747,1,Sandstone
2851.763766148772,92.65090275240665,17.756002267789704,0.2476736826580197,2.1784399710019553,27.744459071393138,34.48637520066424,148.40091340569904,0,Shale
2967.462899826173,125.88973349149407,22.55127214723726,0.13798900560714364,2.033369016346331,34.76750844854354,34.46007643395949,172.71934325756163,0,Shale
3449.7171507745006,98.66428816148408,19.365581337382437,0.15076526988059813,2.476960380210989,16.101802079681477,13.954457283270912,151.46145484579947,2,Limestone
3051.261181924416,96.35789832450894,19.625583035916744,0.10000209909926078,2.2953448260242904,29.518382361573476,4.502706394072577,86.42271547985652,2,Limestone
2921.7728879750475,36.08910360533788,37.95021459269172,0.23935480296286843,2.1836611971867814,12.708501798271646,31.5941585538455,120.83352596406228,0,Shale
3135.1417400454657,90.8220744817224,40.53287133952399,0.16820923544546199,2.161046801410621,30.269379080020897,17.792139126005694,98.67309097336046,1,Sandstone
1350.983674953027,86.91728608824157,25.016770270575872,0.03,2.2699414930210686,20.497552038591955,18.219374954995235,154.4910966445331,0,Shale
3071.684843845279,82.15066848796675,51.668840348163116,0.10966463732475219,2.4100678379873575,20.61070303632823,0.36742096011141534,80.40147087781487,1,Sandstone
3576.015671517043,112.91641118007955,15.873088475073686,0.285715419513674,2.0,19.176765162823497,29.061970945413215,79.35703008878978,2,Limestone
3068.134792089759,59.53406379346926,19.956816156169918,0.1898247853752221,2.0072632310488006,20.385335184818196,34.87450504569347,130.7518191207509,1,Sandstone
2453.3984521462835,49.680751306176084,29.3748623182279,0.17933081172778134,2.577481290320711,16.99374212947157,24.166349851239566,178.29254453303457,1,Sandstone
1350.5835074086706,71.34429256790662,27.3783607987486,0.03,2.238513785871316,12.966571953881898,25.794380917858952,181.4144808697648,0,Shale
2397.7610202646697,36.10932221280913,15.445265243826842,0.35,2.4607475766879925,17.2557362830686,37.403124130485594,147.6867544245668,1,Sandstone
3135.208133392165,144.9015627150976,38.854705829400956,0.22550419924613424,2.0992706911368613,17.77700045158322,35.021609195978144,165.1795712244634,0,Shale
3053.4168664104086,70.02985937230002,47.64971854126444,0.05708366739231359,2.287758230588102,21.16633389480799,12.353514057118272,127.67013793245175,2,Limestone
2285.5500935075283,96.74835356842028,30.974362869786585,0.06601957168162711,2.4706809367554956,25.64855574380241,2.3952003806481557,89.03030017633203,1,Sandstone
3170.728592201373,85.26410806351412,48.588026355805155,0.27586444783729913,2.4656147548351224,16.404643669319768,23.06004194904341,139.73005454416608,0,Shale
2325.822648101358,149.17035126735547,22.7034211770588,0.09228060162042183,2.540456465650618,22.222554051618737,2.3447638785726213,110.88232066919774,2,Limestone
2756.581277684209,143.73259760879634,31.99982199863687,0.24467113705634677,2.2670204999877535,19.362303081897963,30.79815309913781,164.48919948874163,0,Shale
2126.8221349381483,100.211912666292,31.650406365377393,0.20470293093765177,2.630110436343935,17.1743924713035,2.118088736964399,89.70111200373344,0,Shale
1901.4752252378146,86.41119698267586,28.17300228078113,0.039856310718605625,2.3105061278838717,23.91859308089117,9.708714985304002,116.65376938100847,1,Sandstone
2351.917135390228,94.43547321919473,36.521678851156864,0.08506994331599388,2.5353866935256093,16.831523624881946,10.541327756322687,154.199038947516,1,Sandstone
2865.969723505339,169.2769691758847,38.21615752237163,0.2510242940824823,2.2424920027701902,11.639180783759464,17.656211430278425,106.8001959311137,0,Shale
2816.4628646531673,82.39674883159479,25.97242710093583,0.22645683274002626,2.452606752933441,18.819935447320205,20.996442037427975,139.70379051095748,0,Shale
2448.5457069095655,94.63982994302032,35.42985202391105,0.10211331394455109,2.3534660561133,27.15198063446545,13.996560058567601,132.17983943657944,2,Limestone
2503.5244750821103,140.22242709619607,27.29707682375505,0.03,2.5801013808993085,16.183405340270077,13.102021509525262,90.11946154208928,2,Limestone
3456.5839165124785,38.11556384612834,17.573798550550848,0.22594821997831768,2.787127296304908,15.244294623187635,11.305621931576614,149.49687541358838,1,Sandstone
3087.884991914898,84.45531072428383,24.198362778754802,0.1425838684195624,2.457891001544436,19.65839481441029,11.655450192534573,130.89302435884116,1,Sandstone
2401.3162631615346,103.64183220756053,27.718953155484833,0.1267596609214474,2.186272402000029,18.752233065169428,32.12491600367167,179.30966246661572,0,Shale
2787.7519871379914,78.5271046304305,57.83235142247329,0.1312907594656958,2.348281823646898,20.12103086271932,8.76929831309582,95.64999811411272,1,Sandstone
3334.139885939052,59.86911268371823,21.543715120105958,0.2758848244781714,2.57568587098885,23.196279523924048,15.90001340250458,120.27503387672184,1,Sandstone
1205.9357602509576,72.39326014378541,39.24577865862851,0.04321764212456444,2.528036960049156,27.662612708795933,4.488620830480338,117.73484772660902,0,Shale
2868.1776486449394,54.29626645295923,20.20819563722401,0.05824710636261701,2.1270465648326407,11.21152984034272,13.228604760203153,94.28363437028322,2,Limestone
3651.284439531022,124.40498484507287,16.906060545667227,0.11039419882202701,2.5939200500843964,15.15881681346329,14.19210447100142,199.28347801840152,2,Limestone
3439.307057552732,66.07617057147894,27.8002991332697,0.24774877618217572,2.6285828149227997,17.56518064461578,9.098657479838575,111.71655129331836,1,Sandstone
2499.563807186576,19.893189590219066,21.32685491245668,0.15575555200488816,2.3475687252026867,14.85010876660775,28.042184787428027,153.00293656337436,1,Sandstone
2838.253961067675,89.56724128425208,27.96701755423195,0.20092331636116986,2.349025184314743,30.19197248965493,19.68715335084569,126.28232572398134,0,Shale
2753.142783051762,27.70906114084066,17.027884608337267,0.09967471365106673,2.221985948316585,21.510695229461327,20.969425163849014,122.68144851248434,0,Shale
2126.829581211618,104.68897450439896,24.467323413132394,0.12872037216555968,2.322259395675181,17.606305537418784,19.824861358698204,143.46167537951067,0,Shale
2140.177778047763,160.08477434992392,35.23160033402162,0.05523254199332639,2.534443781341965,28.519183347392932,4.121101305114852,115.86090473619313,2,Limestone
2713.2516600038402,92.66561066006544,32.70921342707442,0.221979701626418,2.5631065740058667,22.468466283375935,13.481419914890074,128.8440553480298,0,Shale
3248.387952087279,101.29722419865574,47.97016516497954,0.14646203909873093,2.309125871580718,31.606712113835613,3.97911812498066,74.35988026185476,2,Limestone
2617.390368035186,45.70476779700187,36.69252564126162,0.12460864840595962,2.0994150990486933,20.654447251363088,14.302554331211155,64.91266700624637,2,Limestone
2980.453606230543,133.29584310440669,35.38963072655722,0.08261840618809026,2.3066627160744138,24.870998390775338,2.283220108504757,74.6197883947282,2,Limestone
2533.4114020858487,72.73798552145077,26.950187001516696,0.18238400199492757,2.4500893315310663,22.17309336875911,13.872288105077205,114.90653819420888,0,Shale
2409.7596022077882,75.57624735817703,51.96332234522522,0.23336331984218997,2.5831291099724396,10.755666983612679,17.746894723463445,138.7598408992095,1,Sandstone
2894.7889143933207,116.04694743316443,33.770609096284,0.22850088397670865,2.0,24.775287536786497,33.157157059814026,121.51729600556921,2,Limestone
2743.078071725283,132.98188982195367,37.74914554913987,0.1360016288156834,2.0708411146149737,21.2408437028281,28.07225163343439,150.24579826970555,0,Shale
2582.1211598795994,102.22648538487485,16.86727712747752,0.03607176977555701,2.3921388191342015,25.93903649905136,1.4642136008607007,108.57061318148227,2,Limestone
2573.493890013884,82.83165423127215,31.973684622346912,0.1920231769445412,2.4568893186361453,24.499141268291027,17.824217005645526,134.96092393995713,1,Sandstone
2896.626274756137,72.4993022434273,41.26457757129158,0.15130916844744058,2.324573995288014,18.795270150322626,12.646152876907177,101.59865945374484,1,Sandstone
3084.5630673260757,119.83316684489901,8.12619085023957,0.23133658024217468,2.3812701991771585,14.122958361443644,23.605493902712432,152.89502984014473,0,Shale
2529.5171423455804,47.85532030276346,30.79856835769304,0.30704908183753093,2.6651064737493737,21.52704472315927,24.039863168779547,149.33261079688145,1,Sandstone
2653.8733083693064,86.65911058753295,39.75107143288809,0.17325396150010366,2.3316033698481,11.924751459677294,28.429040773564367,170.00395131706676,0,Shale
3363.6750536138943,81.51377584678261,22.785592501697945,0.11657602016354345,2.1437384354608104,27.453334218215723,10.339557595106122,78.82926499070247,2,Limestone
2579.3208917145894,111.9428178540695,21.33267329339687,0.11271732361334144,2.5360200425478343,27.097131921964746,1.1092007117942018,109.63430802200925,2,Limestone
2534.9852234651808,160.26964390730976,28.794816256208062,0.2602956341740127,2.3770349288850587,24.414347014169234,12.421013233697874,96.78309079049501,0,Shale
2612.7323975736235,95.3155937981943,36.93983240327037,0.07425782865837843,2.5046619702047606,16.695781754770717,7.20569251692967,73.70731666690584,1,Sandstone
3181.970369869365,112.16804775555772,27.823448788618837,0.2609621644430211,2.375490806796153,20.17681942311322,23.317027484849003,138.77203633126615,0,Shale
2295.878331190939,146.73150192800836,45.692411812847084,0.1781345326123414,2.277184894956246,19.678095405053856,15.627634885651275,114.61862210228192,0,Shale
2980.0312123594495,82.97560962443553,29.93938174226405,0.1684052005809612,2.485169014014621,20.311239520670227,13.679783033094573,134.36949650747786,1,Sandstone
2886.73986599562,63.01123027844187,31.416381281356504,0.06997085038337508,2.166464401908043,17.227380497606205,13.419295236609504,101.4274081480443,2,Limestone
2179.477837155259,88.52350945083346,37.67224627453289,0.06686856966203353,2.2762561185848487,22.929832111338836,10.566580367743546,109.07702270372184,1,Sandstone
2807.5857177408516,100.54176452265152,26.73255410058908,0.10789627701136191,2.207982630625615,32.44514846208661,10.35617559218513,93.10918292526075,1,Sandstone
2153.572038228348,98.7256942432547,40.766646515022714,0.09612651356028334,2.315294574696996,19.721613249796967,17.594801054632928,141.6210912603719,0,Shale
2906.2205083411363,54.8556115227609,33.28208968428764,0.03,2.2845249725849137,29.41790907823843,17.563437795835085,156.9359930651166,2,Limestone
2782.223179899971,128.1120105818783,37.87629358954955,0.06723930120003674,2.6039293421345806,26.280574156102855,21.774022706952202,39.95988293106346,1,Sandstone
2418.516418505109,101.52842607254192,24.162793543105742,0.20191232731254768,2.18554215059743,13.574101499822984,28.844673715043296,137.14221455316118,0,Shale
2196.8191902542167,56.03640428529566,33.48221104144169,0.032538860942106645,2.5682090304652454,31.409198143164918,1.9857363101274963,105.80306312877703,1,Sandstone
2427.937240029492,51.899692926835115,23.494580039584303,0.09316220492543098,2.180193650696822,23.745227143864515,23.90592239273989,134.92347659868238,0,Shale
2510.716347669347,76.19433601404141,29.976926546015253,0.11797603354834474,2.427593034260875,16.463508618613783,17.57150122400795,151.37290345268232,2,Limestone
3053.357773062129,12.626449872102015,24.832324324537105,0.24545131998288086,2.83464068921523,17.904759723078726,22.664577332410964,190.40531686854885,1,Sandstone
3162.569486277029,0.932415965296201,46.259779600063986,0.20524068259544279,2.3086345976692964,13.982382180691875,29.99616452840807,139.54866295644007,1,Sandstone
2765.8921563531003,133.10458130477858,25.797359688411714,0.11765982340956238,2.2313395624665113,17.510352071333827,9.524024914424569,100.47978837343618,2,Limestone
2208.654161394599,115.02828419541311,38.68175479555894,0.1577082348802233,2.520246799081345,25.304075935750227,0.14537099526658004,82.88921647080909,0,Shale
2151.8823048750064,57.83466787500451,25.856132838909648,0.07231115443316415,2.2345203298101874,12.946907898223024,16.519747280257253,116.49061514632174,2,Limestone
2531.8065308220616,113.59390506871654,24.4656875402478,0.0467909576730626,2.46366941604258,21.30725609686486,9.888024044002226,68.49738686294964,1,Sandstone
3189.5981972045656,77.83418238476766,37.848253685484934,0.14284611078801573,2.4404266400907924,32.450910489758286,1.47447910742307,79.49584999924801,1,Sandstone
2916.8293353156782,105.21479442760685,39.510213361781545,0.1635682044086647,2.2735284417369424,16.11417448884355,13.454658751813668,102.89043302201985,2,Limestone
2338.061042651347,82.80479923449998,36.86846977063719,0.19907368899560762,2.2649597370763073,19.138144840275643,27.736427170974814,140.2821570742841,0,Shale
2497.5423858363606,132.89997940210853,19.385270270763723,0.11908459968173368,2.2945960307073663,14.775478298972821,11.295696044574074,116.34361450623028,2,Limestone
3177.9912170987755,134.62464676866912,28.24541564958237,0.24364963340787144,2.235245082109689,22.711566538341245,14.004950547558531,83.46520250212879,2,Limestone
2655.3598441529,47.78800949469744,15.2685412335347,0.22860228533891955,2.2900537364956097,15.447280541665622,21.060191341542495,95.86604707739052,0,Shale
3534.6982931489065,102.6948069181021,29.25171456680802,0.23346244736086638,2.477162466903438,35.869656251803804,15.568801610272185,132.4010625925761,2,Limestone
2461.4292759258296,141.39640213165146,46.941757581910565,0.1280317908734092,2.343769783151223,18.63665592943379,9.281255870416711,115.27335303689841,2,Limestone
1712.9518322810893,120.96647410198497,33.42530989729593,0.0606390052943616,2.1358507968833855,21.70495521983746,24.577119018124648,155.4430702836732,0,Shale
3010.320994213889,35.00352082597055,12.442321422419461,0.32684188588272145,2.689915479282276,16.684224592000664,24.191221132509384,149.3732995644958,1,Sandstone
3315.579400035689,72.37311456766922,30.296211419569165,0.09777981392784175,2.2280218935745912,26.412811055690135,13.615829300031526,112.37889013847423,2,Limestone
2722.296563480108,91.56087160450186,24.63653973043478,0.28993233684902375,2.32301553927833,20.750663742323482,32.18267777811349,147.41514023616313,0,Shale
2152.849440859304,94.15170166708667,14.904483775300452,0.18227760318800004,2.385082142344377,28.336249638751326,17.71062980944102,123.20410041043522,0,Shale
3569.5726501789477,138.4422191833208,40.171742141701564,0.30608347774316325,2.4626941619239067,15.85759332833309,27.964106896672533,174.11167969549126,0,Shale
2831.280380170775,94.32673132066756,37.0960102140148,0.11966392465152861,2.372364147128011,11.537832957656578,2.7535468287929525,82.09942950643251,1,Sandstone
2698.9026282621217,72.4087307357517,9.564616461037645,0.16289734057765845,2.535306873447493,24.502482988051867,16.92192500395898,153.44601792583313,1,Sandstone
2328.361841287237,0.539616217655265,22.78377808770635,0.07554880431111732,2.1844036515911376,30.860522379093567,26.8283460026258,136.97989671592146,2,Limestone
2929.076507938799,91.24655582189551,46.98458702375565,0.0947669654458237,2.280032963155156,22.060402051135483,7.943622394392182,98.15116046318542,2,Limestone
3436.589745202279,87.88378936273014,36.25120456339924,0.1321520403557841,2.3289769026713865,18.709577912418613,10.236059066505405,109.87503316760431,2,Limestone
2471.3902390505295,181.17501261639703,26.632569699521042,0.21583850860320097,2.1715183551679846,29.397511520064896,15.550737644052099,95.40675217617178,0,Shale
3172.827434973885,166.50752153129253,16.969980781851955,0.24816897769904905,2.0532123809695224,22.201309580909456,33.02555186871268,147.24667262814225,0,Shale
2454.2617461876785,115.79828407829379,35.03328773845567,0.11717270456711519,2.141075435879931,17.920199830407846,28.365776381587096,161.7042910770665,0,Shale
2762.06457816948,80.34540807901928,27.178404640125354,0.10529861530746477,2.431684518644579,17.406080288527733,1.6314565220695965,87.26100650131902,1,Sandstone
1761.5372413745658,66.8471163456769,38.39247845390595,0.1264645431458601,2.6008465147729125,27.26923339261987,7.480020694844991,120.86510456987591,0,Shale
2641.0499849269045,93.10754882423237,26.556540950662914,0.24998949222461922,2.545397752288413,15.333008206600086,12.580551708943782,110.84872464017381,1,Sandstone
2001.1833630457888,107.91871167717576,28.182657551463812,0.13039978064378663,2.2663529267460074,29.902352067804188,24.784959849748187,155.11289072606513,0,Shale
2539.7420157540364,88.80829556262819,18.21563287069324,0.18095503138426758,2.3498011086294164,20.198091144607165,13.22851610110054,99.5045232171287,1,Sandstone
3310.628303186131,61.54137832815351,35.69029537259759,0.22556609892198662,2.285191688532848,26.75776963267285,18.22065838963267,95.70474797927308,2,Limestone
2461.286655930754,103.69779222527723,38.16603570357712,0.12238004082551271,2.4886611340052265,17.00120119791792,9.930776795956987,134.1997744598958,1,Sandstone
2128.314488994408,90.32827733436959,18.70111912097249,0.06728587184923716,2.215337340138419,21.1094641170448,25.37628275876883,166.34136989717317,0,Shale
1958.1509748510853,63.84283813405548,32.871006374012595,0.10631554686879273,2.5034552742867064,9.08194336813527,13.757248802627105,140.6267969377875,0,Shale
2354.7953700370563,89.07286819042443,34.89962309452716,0.07832218827554388,2.3566501000303086,17.848414956294164,5.730745690692192,99.77142446972763,1,Sandstone
2587.3325836943877,74.02164877596464,35.69301667889382,0.07425926836520527,2.5369720796587485,25.312049861894675,4.007972309165989,86.99999751108902,1,Sandstone
2049.6662866002425,74.34520325986541,44.6199283086832,0.2558974472724442,2.3437754987372577,18.22105117452154,30.465542412830832,140.99898310073658,1,Sandstone
3678.4363555157624,81.2064961082005,30.432316896448903,0.2852588057687616,2.3487329414216505,24.792304460915055,26.994727536495176,138.2613161145778,0,Shale
2555.831066450997,89.65301350564572,33.142893154787075,0.10932197102319824,2.365268005349427,28.45356944918998,14.229306397434062,132.57119015287958,1,Sandstone
3337.2012772946377,97.95611230050618,44.60818718289113,0.24119229040927734,2.609944550243231,30.61039247201267,15.251297418076168,148.48679109680188,0,Shale
2576.7919559729803,62.60380184260032,26.881729471254467,0.09266152699310409,2.5020153555237967,27.437686721056124,2.4811649461808525,100.2554756555275,1,Sandstone
3024.003353237775,80.41414900813193,5.582930130975132,0.17943728931118091,2.6036410280629423,20.482719605329756,8.146641876964864,126.26985160551955,1,Sandstone
2864.32260002281,49.54569834838971,28.486370964242575,0.23695804623663796,2.267313883713483,2.1526002850156694,30.56071963992768,135.99369870976685,0,Shale
2603.7804734472797,61.9978130070336,26.8331651203659,0.18460987724036845,2.4790787394683242,10.903551964729566,24.14089686088209,164.30057728146687,1,Sandstone
2973.907736507804,119.21752686717521,24.781165862949557,0.08977331735682388,2.58673368402495,24.995550913489986,17.9741467095295,45.94313583892047,1,Sandstone
2965.161789770782,120.17007092763626,24.27524976188409,0.23659410047807572,2.447105682597193,14.552204363554258,19.672280513159528,143.5076800753201,0,Shale
2492.5209176775265,44.19453256041464,33.132239910065636,0.062227312829310585,2.2155107190763594,18.67812109269525,18.763308428659712,126.64713267759593,2,Limestone
2482.1191840621077,127.14912052788256,28.29089946525257,0.06300113469876645,2.3871598079720373,25.149189950350774,2.7403532584111066,111.21198060296489,2,Limestone
3748.246167917253,64.91026768858951,34.918781505788886,0.2832216808148181,2.6249180231128433,14.12967740253586,10.27853874666425,107.56116006614253,1,Sandstone
2441.8396761978893,51.23786327335757,22.038684944570452,0.32938763313472175,2.6295686430853284,23.805810259854468,25.15410347705392,140.18378960053835,1,Sandstone
3378.435722839383,122.07496217702533,21.284894056668428,0.18080445923805166,2.1380239433997934,24.913563520264013,10.820853224391096,71.24840340984142,2,Limestone
3235.411372426246,72.78792249241538,36.61185474816005,0.09784329786775306,2.273388719433395,28.736627441400053,5.873420576075507,83.93293057816098,2,Limestone
2395.477247189779,66.32286939472061,39.687446211672516,0.1409582162510609,2.3828424396521224,17.991104850899582,27.653651287158134,177.0780015860775,0,Shale
2779.7363982822576,54.55646855266356,4.2985245141964725,0.2120899146650584,2.7353153442771605,15.067023747227415,13.874167964877048,153.77028761747644,1,Sandstone
2709.040944677049,35.76188323753655,27.528146346455856,0.1066481070574067,2.6238831524652335,32.59336706576356,1.2517251211925,104.666284847912,1,Sandstone
1868.1763480726922,92.13307593256926,21.291011795320657,0.15698341172031155,2.5665753903664164,25.477487487908824,7.624322386856358,114.35116682232137,0,Shale
2362.964969009208,116.40579564863808,24.843659659196728,0.16411348529380695,2.3049318818370943,22.73533094170463,19.37633049587858,132.6826772375117,0,Shale
2538.0925380049985,80.6465331451913,18.888762335842245,0.18501233481192636,2.3780107526910848,18.524168148525742,12.483903999737691,97.05050542603487,0,Shale
3094.9028742908176,51.62949400362165,39.10461102451841,0.22413326296126332,2.794205643831457,22.527785664845656,10.696913335666267,148.59332596835122,1,Sandstone
2838.475587753359,53.168010733273036,20.10857919919379,0.21407464179746655,2.4024371746954167,23.33226128887643,28.517841632950137,160.19682807745042,2,Limestone
2526.9693243562506,77.78181868186977,24.72402657420949,0.24768559491117847,2.476602216775866,28.85232755411348,24.727905286105603,148.7703883699611,0,Shale
2789.3276781706227,75.16820932243981,14.4962312906876,0.12382243172090532,2.195299702172769,13.734246063618638,18.2139875189812,112.8897397499181,1,Sandstone
2980.414377932655,92.83527256572728,21.456903495856373,0.0830298111269991,2.383557939063121,11.549700280803375,1.0074620030598318,90.2755732117277,2,Limestone
1330.233645377363,88.95737700564598,43.706959889049756,0.04760128762189539,2.3741126722042907,30.430333513617363,14.919909118062773,143.42135768119158,0,Shale
2994.5865049663084,61.83933285403664,27.61755698101546,0.12147799644554029,2.4402467383123407,23.37752438185421,4.639735983126691,93.82139523054153,1,Sandstone
2293.2150540938737,147.68387364327123,35.79298645079636,0.07350083188574566,2.461212049566783,14.608787871201518,0.4266421190549181,114.87943509359897,2,Limestone
3259.660435665122,82.55989871004802,26.073253464739157,0.11304942584466664,2.386379080421612,18.303111226644234,0.25413946083849837,74.489836573473,2,Limestone
3048.821394910533,75.96348257217069,33.02613525946254,0.23525567498142735,2.415914568997145,34.58276327423816,18.604552586183498,119.57802744539265,1,Sandstone
2744.526913232656,62.35939007883362,29.651876852420475,0.23062726950282042,2.467855180682204,10.502195404013758,23.51444216068455,145.0963968304751,1,Sandstone
2976.968308698052,81.60454854343145,43.54892931521839,0.03,2.6168492194722486,27.55174329811299,21.259596602865464,68.15801667985406,2,Limestone
2819.331133155908,52.14490513110131,33.429829673663185,0.12448214564887625,2.3770810866821157,22.8433384192405,12.310888870344709,111.29262187694609,1,Sandstone
2455.197658818323,139.80140287115495,22.825013979155784,0.06128691682695411,2.4636677594236467,26.242636960639377,3.617944565790026,100.26863447352682,2,Limestone
2904.193664916786,85.38338514659812,41.95185402403098,0.1885207047983215,2.368057039389834,20.050128434987993,21.033717207120766,139.78340285551897,2,Limestone
3261.6447582483706,100.59804505754676,37.978518254783005,0.23335390922568544,2.1243350267936774,17.176369739637018,22.407474152621468,95.34811894365342,2,Limestone
3292.89763989808,110.58266323864278,43.70316500139314,0.16624121047180074,2.574115299932807,22.48227640125502,13.741232563940983,164.86893503781974,2,Limestone
1185.6472945047583,80.37253422252594,45.15176393443556,0.04272490189486841,2.5011501342157154,18.76884127858913,4.147718194777882,113.81641287526813,0,Shale
3164.437119309688,131.58719639752923,35.86851538784868,0.2550948746826175,2.5595487158235444,20.160441551929704,16.9691452162751,151.41989321085902,0,Shale
2187.774095747016,149.48551809526543,14.624967817652749,0.18271621656243012,2.465046921002321,28.73170295149135,16.024339651575705,148.83639001043085,0,Shale
3101.688932700824,97.69272338887357,22.87959344581977,0.16756415756829035,2.302634883728749,19.957629059704814,7.566426857381316,79.34638493751851,1,Sandstone
1522.373915845893,56.90760271889059,30.044385226098143,0.07750356204620751,2.5637587692063253,25.12465866840404,10.505229540828228,138.92405495026225,0,Shale
3910.2096131128874,48.78615132945474,28.49416451625072,0.15816690091990662,2.7424233296939597,14.945134117964813,4.414112321147007,142.40013879132653,1,Sandstone
2918.6644115284603,98.18412444534698,23.306337608812466,0.14019654840056717,2.2688693924080474,27.380246670212223,12.256479573115234,102.35039705307831,2,Limestone
1748.0704311280554,90.41538187941158,32.69423452054901,0.05366686803316473,2.336657257689629,30.753878900991033,12.89328755153977,130.77238882611584,0,Shale
3298.559518966913,58.85813478652287,44.070992891611134,0.17125420827009613,2.649568911470783,18.467190600282997,27.065778312312354,221.4362664777232,2,Limestone
2760.1607174751953,26.697433024001874,33.878273420089585,0.13989721856433684,2.4837779848592163,27.71554304771227,13.092556732358346,119.80528613685796,1,Sandstone
2372.198796857136,89.6237228345397,34.604222679843886,0.1660662134078889,2.409381751890024,19.238877706612726,20.207729837258924,146.14509026095448,0,Shale
2833.7411891890847,107.4215701186064,37.897321246320075,0.24791660212788352,2.2194784905527998,22.864698176678093,31.96443088676236,148.86591296681354,0,Shale
2516.697594231872,19.66903717691895,31.563251439554435,0.1217040211798183,2.5675357210411507,17.306879535987406,10.183712694748154,122.64851493167099,1,Sandstone
2986.425445278593,102.5295503715729,34.0317016663439,0.14381797277085118,2.203669662056441,13.840190717966355,14.207375539114558,100.47631136377403,2,Limestone
3016.2548762249835,91.58312342688347,44.86159237018532,0.15917010270193863,2.302884386458642,31.29350772050922,11.977127260094568,99.6533854586196,2,Limestone
2690.273704784164,73.06171991382637,44.316359869379696,0.23807631600430904,2.4290148057080647,32.625745320086466,14.253153355536318,95.36197548351,0,Shale
2039.1087847346319,108.08027403825234,31.316153732727418,0.046758411212202367,2.6911425322043843,24.60626153217021,2.800135019949405,134.99959715607076,2,Limestone
3001.541063869133,75.07037446853624,18.599173989765564,0.2087302125124822,2.398115667682142,9.880900883416956,20.6332656355835,134.12249259440173,2,Limestone
3004.675450558589,104.09885167565514,33.26670921542168,0.1853818216091736,2.35725380426808,21.24315070073609,9.720529448256276,94.0131016913383,2,Limestone
2514.8983581252073,70.0827794278589,35.469684731272,0.07811616939835785,2.416947500839076,26.992661303326763,5.6387010037369265,106.12153245156401,1,Sandstone
2485.083021217998,28.395925912293833,24.432654876752306,0.11288045088302791,2.555384306046875,17.607347351869777,9.027729404952096,120.68232939957505,1,Sandstone
1780.556928889776,80.73042457968359,44.940052477075454,0.03,2.4543883170278606,21.454475181257227,0.7684726940125302,110.94707845506142,1,Sandstone
3224.7997533412063,36.953648260413395,28.51379616568545,0.16738993083130266,2.6490172075902123,20.847371916221945,17.32657016927548,169.31779792417518,1,Sandstone
3219.6355617922272,73.71626116522141,45.00660849460031,0.03,2.302878868499245,24.643975340872284,10.40745851991852,134.763796995279,2,Limestone
3351.6778958537,50.19532069407069,24.439474425205965,0.23204804656600161,2.541024838623918,24.73502607032884,18.55599254696515,138.5806824224925,1,Sandstone
3250.2063177156306,81.54832631789574,24.73044856435008,0.20290724376244115,2.1865472253531295,12.297089713359739,19.38873500375839,96.91969321224644,2,Limestone
3242.717344965553,71.17075786754248,30.77598389745337,0.10249803914881855,2.2556069808860824,19.86150079586354,17.735284802320308,133.54761859643438,2,Limestone
2224.103170411846,95.53010947583574,39.67429419154058,0.19894263561598372,2.439616555589526,12.738216868757892,19.49731617998814,136.98627880245328,1,Sandstone
2607.7615577681713,112.69234818994278,22.74659959185243,0.030806079677982517,2.3625992702886975,16.560953314403378,0.2752535620003371,103.31834538955485,2,Limestone
3045.326251925234,105.49252954130417,31.60704551278462,0.26199214719761177,2.108525305912793,35.540514833012594,43.51930980364062,179.14269662502724,0,Shale
2261.9056086678193,108.21448513958418,31.473188590313953,0.12719677332308132,2.2839209713574755,28.280805420948077,20.189883644334493,141.53599991380452,0,Shale
2450.021717659822,143.99422416804447,51.15770809562984,0.0999797695893397,2.490087292404793,21.794968710794034,0.6124802820420374,106.80635347915349,2,Limestone
2164.850145514165,107.08891170737697,29.60483457768439,0.0992812679162049,2.213316906072569,25.12336477506322,23.99019875312339,154.39790751506297,0,Shale
3041.486068273943,75.56683589667477,28.67193697923305,0.19631842580321132,2.4248414644366494,22.261916405817768,23.83883818152556,158.88839068704095,2,Limestone
2513.2122471347984,131.15302251232296,36.952692270887475,0.06312298863875938,2.558148823201468,14.693971734361096,7.163535644405492,98.34511441083802,2,Limestone
1235.8468940492546,100.87665462915977,25.766225097642636,0.07342461460989336,2.4473927017656467,26.640050167868253,9.886474074236112,127.27929371685809,0,Shale
2059.846332537682,68.76044614530682,19.560790197510165,0.19577156831718528,2.3001802831533436,17.03513949242902,23.525009012157298,120.19462178612059,0,Shale
2268.670917966107,57.57829401917142,20.127507679677862,0.07289653960532433,2.3335971685643635,20.231415554646805,13.78528000443361,123.14971218133509,2,Limestone
3195.8652869506764,101.92568242863305,43.62740826998962,0.1591524389580106,2.4779397020028786,18.769000678033954,17.374289871355206,162.45064775691588,2,Limestone
2300.962083086317,82.02500675737676,19.704354077728272,0.13511335057925525,2.3044502384551024,21.78453757816942,15.212630060706273,111.19329557474595,2,Limestone
2649.9397819854717,101.64762381836618,29.176694499827946,0.14269896519652117,2.1962403326765987,21.79445908537595,30.12678315303513,168.74306240913154,0,Shale
3370.974116716785,99.65684586150755,31.215500827851542,0.18132746975220873,2.4578533877304993,28.453000126783824,15.930649210388351,145.74616840814548,2,Limestone
2165.305649632446,68.4765609955106,24.904334971301683,0.14377438626581585,2.321705047892058,17.327562907785083,16.32185440102402,110.22385228931329,0,Shale
3229.738216784751,68.66518601202986,49.68654100384584,0.3443707930604585,2.4606252776084836,29.53135747980749,21.54101734418546,102.95074133141237,1,Sandstone
2661.5177692531383,82.59114233270942,13.898302020065657,0.2512497388407039,2.54792036716768,16.98436134300095,14.366364772575281,115.88157522758156,1,Sandstone
3124.104929694314,81.73237648256512,25.627640578416255,0.1420632375024506,2.279355334413363,27.411990269260556,10.893558651694512,94.37724488033547,1,Sandstone
1908.9043986915344,117.14335825391746,30.851959299707875,0.0697884811779085,2.0634553636150317,25.023159605034945,33.472124164926626,181.35913602876553,0,Shale
1756.6437317888842,107.70630298147427,52.11242950282561,0.11773984893661096,2.4042081804907793,23.670752736684463,11.687165305646147,120.99124370596678,0,Shale
2074.066633749788,92.85530966023035,27.361717695993672,0.18263378427711535,2.268959190529312,8.619218482512318,26.910732028594573,143.00310067539834,1,Sandstone
3729.1018949019945,71.52678818789119,35.40374130931038,0.093751288297511,2.362539732155506,22.025263125254714,15.13685485273093,150.38897646954723,2,Limestone
2561.3071674623884,118.15363529829821,48.344313331400876,0.2105366440310195,2.3004247032917102,23.84385612241803,26.628925927981783,152.2552103031113,0,Shale
2949.2650272981273,49.8710713540426,37.94774038460336,0.262032228088629,2.2230944529146126,22.434253093689353,30.243095910061992,118.8044040291318,0,Shale
1947.9954425326669,78.94721302234424,29.04849487943221,0.3310107510615371,2.221318901262281,30.123351155940554,38.75234850880453,130.8851459806946,1,Sandstone
2417.2365415627005,44.72289811037836,15.256171306818517,0.03,2.183291534346289,27.401233920702964,15.308333955786523,120.63778202663524,2,Limestone
1594.0901586482828,60.20458871575567,50.503966511115095,0.06301843999057842,2.572369524850303,24.329008200603653,4.772145042541151,121.02183209151264,0,Shale
2959.4330809751555,115.23190944334951,33.85821486432223,0.2458087159554816,2.281714678441266,25.02591409338736,27.557744788121624,144.78190853560722,0,Shale
3931.763224046128,132.71046582213853,10.324629146308773,0.16035738002148484,2.614584601997668,24.53940881510876,6.740970827782913,157.33127446692544,2,Limestone
2511.926663349603,73.13019729192068,32.6005451546078,0.16602447929469466,2.3643782443628742,15.528035373816687,16.869633208833356,118.68501641522954,2,Limestone
3337.319650883959,56.3797734151144,22.18440140775415,0.257847487777798,2.228859174563189,27.690035675975132,25.030107215184238,104.22179306936029,2,Limestone
2480.2794842997696,57.69835519502384,32.88609651298493,0.21961940342978858,2.401392216691865,30.649877100053203,29.725118910092334,160.67674906443756,2,Limestone
2581.666246782,65.01072047228145,37.98504904615669,0.2254831676425446,2.476638727505029,29.267592978958078,23.46470025142625,147.1225383689419,1,Sandstone
1685.581978629339,99.91084029010351,26.016613773112475,0.12884457686025957,2.523825278705093,25.182540783851426,6.427986517585071,111.1514215396243,0,Shale
2884.679149472549,96.15868823274583,32.653280549998996,0.1635029162152148,2.0,26.47836924113322,38.44654776931695,127.5354610571812,1,Sandstone
2464.0268178907877,49.34954269258019,17.76330727939229,0.2096748159402819,2.361571344504889,29.292823252478726,27.047355033730867,141.4647221795776,2,Limestone
2792.2066355779507,130.54007224125945,44.215032852330935,0.22037605931783769,2.4208864058020416,24.491868863442,18.633411033791656,140.87531287912185,0,Shale
3341.7027892158544,85.295006869532,41.634949996973816,0.17747125562102312,2.293049329990568,22.314237038349976,9.698011247003286,82.85609377706399,1,Sandstone
2810.913414860828,77.62198151041088,23.838998467607162,0.13854109848105245,2.317456070195586,24.473683588861,15.232812297279068,117.39229703447137,2,Limestone
3158.2293453614984,152.97604678075288,33.86226064104582,0.2782991481688073,2.390132090030742,12.757403697254222,27.74605870176773,169.24797019001866,0,Shale
3355.918189163949,44.51926088455676,39.983045685783836,0.35,2.6935422134675693,9.117207400203808,18.13505563877774,116.57612659540467,1,Sandstone
2944.227103563519,119.26155046537255,25.879477302150782,0.2153131127042745,2.3301426277692134,17.24634427497117,20.701704051845287,133.74011234885415,0,Shale
2330.993925776289,135.985563113737,38.7926390516656,0.1981874305974263,2.492781952815129,17.837821045213573,9.098026053271585,113.68713626337372,0,Shale
2343.8136930018914,137.8677941525384,11.927376904342658,0.17152908687462062,2.442991907582665,11.80342288235489,17.047847841689027,151.53024292752264,0,Shale
3222.7779637246367,99.95155511637073,17.841560171746316,0.18646490896919168,2.6645693038504743,20.580800487423257,6.459313389503539,136.18127978400742,0,Shale
3067.8503641066404,104.58611745277211,20.946638324851477,0.12373722229492959,2.3418349894726753,20.406862831399906,3.332543618667371,84.15942799176466,2,Limestone
3479.7634615889856,79.56812272448435,30.019129360209938,0.17379322147149603,2.5351854802617133,27.566916736696353,4.449449999528909,62.78451809790833,1,Sandstone
3392.038771585106,99.6508806706436,41.12326824390263,0.2943987912717026,2.0312951980387415,23.670314171925295,30.800310438838736,97.102160722813,2,Limestone
2517.1536326516753,108.9490415207015,16.117075685151477,0.19834277870085698,2.400373575815099,16.354136432303697,18.353601937592803,132.87226979861754,0,Shale
3445.4505481562173,79.71725104617853,33.259636053279934,0.1770037613150027,2.462491931919938,22.491168046490532,20.82831585918317,165.0663919633861,2,Limestone
2773.185978556038,116.38137136026043,0.6379905622188495,0.1996739790361519,2.2724819645065306,24.452108573652453,20.933935790269125,126.62467410255334,1,Sandstone
2785.0949921538677,77.01640195226862,39.37406282469496,0.23739598460132016,2.2364116029287593,16.645210193706056,33.345705928958544,151.2753063581779,0,Shale
3394.6956007213257,119.43051344490817,17.708289664816828,0.3269335669570348,2.375451800224324,11.226320676146099,26.42967535573697,135.15577346979342,0,Shale
3197.8470878089274,101.48254625137191,46.83972030069338,0.133649410086229,2.322738730408955,19.04407088071958,2.824404745374343,75.42414856756707,2,Limestone
2414.2090253124898,59.00893328779575,27.570857689127223,0.0621878298619548,2.464001115749681,17.0336116618205,3.643502155156586,106.11624490296131,1,Sandstone
3111.9879203990968,55.47617429935107,44.769220222147,0.32391109129704865,2.5045680073054646,24.86688491752393,22.272126923708974,115.67294750265569,1,Sandstone
3760.2583714076936,119.67233227352399,14.918307906278223,0.31653724785494053,2.420214586172385,24.922519354693563,28.503964746846073,161.27835762567554,0,Shale
3908.271229420589,85.7434751111911,28.44073902517092,0.3268256499073006,2.4813208245164873,29.70987828857301,21.725138030661654,127.97054358130757,0,Shale
3125.0646750535725,60.37015972832716,30.964303795285044,0.2365713380779067,2.368411177784884,18.22079590517575,20.62493421190941,115.5136364836254,0,Shale
2897.6658131947765,88.34854029195235,24.38401323623131,0.11584577491516553,2.222349305044143,18.369617855668174,14.499907943983017,109.2033024435372,1,Sandstone
3010.010045709326,108.19355315130986,11.447494604473366,0.17293656272175376,2.3623843909914415,16.270215786141982,10.201313455123561,102.97994285263772,2,Limestone
2920.194640425857,37.1221254164673,35.273300794806715,0.28471107801849144,2.834794890802466,10.095231599454348,17.590452305952912,159.68625131595712,1,Sandstone
2667.245996084157,94.78296794235725,34.63460355666217,0.1856134748251715,2.2703558839514333,22.292103309409264,22.468584323208024,129.72054087037276,0,Shale
3368.8788398921756,82.78272971377356,37.20486108254288,0.24630264837989252,2.413945747306872,25.463233915167706,14.967813105719408,104.79213856962338,1,Sandstone
1572.2526927523277,46.19917547545844,13.772934292561313,0.12316699788938737,2.3921262973963136,15.572690661935745,22.950536658936855,146.16943125730594,2,Limestone
3070.4930247273915,124.56359524612174,32.672106551450554,0.2610393992638274,2.0918178214099328,26.93293859594298,25.75244555832431,100.79971383407877,2,Limestone
2736.850602755904,84.0737448983052,21.81047555026279,0.18360599301255015,2.323834615162676,15.10695928230482,21.726837540832488,134.0775285102344,0,Shale
2821.90007521087,99.13939002705692,50.71255454154862,0.07671611336178388,2.3734423702601926,28.681598507119055,10.926498438230492,136.70878380671624,2,Limestone
2128.323647100091,81.85956386373938,33.45943667980067,0.03,2.3947802288634557,20.03435484344733,3.277354837169062,108.4810892201665,1,Sandstone
2484.846959966526,139.4982024892928,21.399975248776983,0.1862560498107725,2.379090557589842,21.271077367357535,15.445945235050802,129.55239992108937,0,Shale
2473.1504177228326,120.78870970205244,40.45802915699515,0.2000431325118226,2.4345434181819603,23.26523415106309,15.031140576823006,126.5528889001354,2,Limestone
2780.097883698921,65.47067426192352,41.324055407092686,0.11657033423560506,2.232989139959355,14.361031635040607,16.91914689511875,112.97941372649913,1,Sandstone
2733.3964935422377,79.87420933096742,26.403073342991764,0.17194073108767083,2.503528814014598,21.004954566027987,14.765106338425623,137.39091374822965,1,Sandstone
2853.5410764144945,56.49565489858877,39.910470469274514,0.10683863639354654,2.3756088105161774,17.582817493703956,19.981413653848847,154.62856012358606,2,Limestone
2805.7994187858067,83.53182789291881,36.3067986209788,0.13458081506846215,2.328396999450548,16.61241463971966,8.581539353508365,91.88381146225478,1,Sandstone
1927.6158338238795,31.371356443055838,23.500557046923095,0.15976302008338333,2.184748652815912,20.474706098271607,24.52667707687062,102.14344182243566,2,Limestone
3206.5066064023013,89.25512798994765,38.30550290330134,0.11813638711936367,2.527443733727633,30.351974188676017,15.660790834568372,173.85669080071827,2,Limestone
3063.7016848110015,85.78105283647055,32.422581566202865,0.16740681063840473,2.373952500013387,19.89035543030879,6.464368195931601,82.9021889327819,1,Sandstone
2581.7482987879393,134.85259926015306,12.191183599196986,0.12343505902788707,2.5475213978921034,15.344154805012032,2.0628278055915743,100.98256161980383,2,Limestone
3207.059862797784,113.48412416040509,30.29562286872101,0.2374196128839866,2.46002364725819,21.326417396852214,20.05443672135781,148.15365771626438,0,Shale
3351.2853768556483,63.38588181223457,23.32776763113352,0.14523883176129293,2.391782901715015,21.299415272162168,5.969204994305658,87.76294260768071,1,Sandstone
2805.0491345070345,114.75220698315614,33.15496808323492,0.06534638886276588,2.496762186737338,9.902234137461008,7.3987411829609755,83.40338506972793,2,Limestone
3507.0221922068467,86.37062024260361,34.0043199385628,0.21708956115770894,2.051579381457594,19.60583241070048,21.69192282917222,82.72325888833691,2,Limestone
2853.9882003839775,76.71888695570749,31.626156235822673,0.17078959471703142,2.1550804817659666,25.29850732987051,23.388796908003286,114.35936452395232,1,Sandstone
2079.039474534201,100.91209116620583,18.608178757362502,0.08036463799361349,2.1992466622795814,28.656229416755714,24.838786088485172,159.24018842212092,0,Shale
3078.386779547347,69.26837187748133,5.980530560494543,0.22307425380748036,2.340474047477573,30.225776560775756,23.92109459927121,132.78777843356679,0,Shale
2773.5666078220293,117.33994974941797,32.13596574564316,0.1655491891229618,2.2156623344464874,26.76361072546306,17.33712297779555,111.83885185636818,2,Limestone
3007.7703969800787,92.56976887990955,36.69044742470532,0.09476664123674844,2.6225818762697033,12.777592077586819,14.447898940160702,58.60871246960246,1,Sandstone
2646.7202461902207,120.49993630643358,31.936553166314926,0.1421854554343915,2.445799549665202,24.031566598695175,5.409202808334493,106.40211040219162,2,Limestone
3233.4903474330526,82.07545236215167,41.51515145933001,0.1389689145253899,2.558504917490086,23.415190394497426,8.05129609826059,134.92833378760454,1,Sandstone
2902.758601925289,107.87780531036822,25.748070467271155,0.15169857832199612,2.4088560682048787,26.68857351679317,5.995951669481411,98.00629944313896,2,Limestone
2627.0427487396255,54.45029365658836,23.472637144364874,0.26948027847525985,2.405564626667075,21.49337928186681,22.69911464950813,112.16627188637229,2,Limestone
2305.337228912545,129.67888032484748,34.282543975168636,0.03001413379373949,2.4214585358544216,30.413257537019618,0.33897383726481145,116.56383020578471,2,Limestone
2761.8843998209763,49.12455707430057,37.386080660934155,0.13531049300259432,2.2575680087433705,19.527666071436542,18.966477358183045,114.70205147204426,2,Limestone
3106.130240637817,71.49314964515025,26.766463305612845,0.14953049666829865,2.61986350726513,21.06514550690856,8.389664229667126,138.89851870437826,1,Sandstone
3157.0846479897837,128.27265509424961,44.21893088704343,0.292810551550564,2.114081361543925,32.33178572879305,26.33252661539285,98.75543257253359,2,Limestone
3334.699704660039,108.27108431162864,37.53331171778212,0.2531340123299168,2.370077277901394,22.76062360685268,30.32363113551348,173.59705575482707,0,Shale
3454.7953429663007,109.74570713370275,32.43221573252226,0.14891366544921422,2.2185514089171283,26.907198549697817,5.464552404955324,69.20185229321173,0,Shale
3105.270530830838,96.50789391237808,23.311035082707853,0.1585619669689846,2.3447614369534913,19.079068764890216,7.208268200959146,88.21017534122382,2,Limestone
3294.201293374502,116.97115350931828,18.470980563526176,0.2775926311702118,2.3428904399334254,9.593089741136193,27.718156581450316,150.37287185129205,0,Shale
2888.572018744351,82.26516535082436,41.04214520819745,0.1480570813209273,2.375923113152875,16.604823423711885,15.88335077214308,130.3100454594213,2,Limestone
3562.7252311133807,38.666545371568624,12.437697655204232,0.35,2.70772339712804,31.5036186457809,18.403499648583338,112.9033126953839,1,Sandstone
2252.0187682837177,93.7737923943956,31.680256017595315,0.03545622774639831,2.5103114777437576,21.34687671560379,6.659594304251545,85.83424142609825,1,Sandstone
3256.4971706919105,85.04681330464896,37.16262496468529,0.3062449590565637,2.3620029187692357,26.044864030719935,27.785286275970645,132.98991342798462,0,Shale
1976.944959553914,97.48837044766636,23.333807225052773,0.15238582274021423,2.4604538685630977,39.62912840293462,12.969799112951314,124.43913846927386,0,Shale
3617.9208788040632,68.72001010525037,22.15888465943761,0.17417621561684105,2.2789616403871564,15.292633967678753,7.1463393394622265,67.52931702813937,2,Limestone
3500.705141534012,140.43836206095094,40.82841433916391,0.29225795884823436,2.4147798679612213,13.930079988349544,31.78244082497242,187.67274671114387,0,Shale
1669.8641108956363,97.37114619607817,33.395299482636595,0.13710306734538621,2.5444595923271804,23.96805830790043,6.9017971617203315,113.18541833237205,0,Shale
2442.4445418206205,72.61209635809145,27.635740616293198,0.10314221763974846,2.259198499044649,16.45417498911198,16.206934385528776,117.3426256210319,1,Sandstone
3353.531136351021,66.13481088753275,35.236847413791644,0.2280955246993566,2.5004899235083156,22.378105953395373,11.788331744324656,106.54085632291606,0,Shale
2627.1520254782336,110.55452230054694,31.446861305250366,0.09236746985692568,2.3954168369742477,37.53633830433429,5.64309640615296,112.14655581509993,2,Limestone
2254.6088745178286,138.98948846767044,24.099740309091786,0.14802517024069753,2.204521001602962,20.742829710897666,20.370692705442366,130.72640137596937,0,Shale
2757.942467914121,49.04128002909943,37.824660218746736,0.22227286045425443,2.3631920357452216,22.836714796175183,20.132187458663836,108.89240778952107,0,Shale
2895.2788914836847,78.31108311205601,23.876001403942873,0.14478815333601644,2.3460776641064296,32.7681336829753,8.990886398577913,92.8176119569159,1,Sandstone
3132.6335853192904,78.88631520493908,36.542973934742754,0.145260693398091,2.3202602278290914,13.207957699330198,8.689670498595259,89.6959212019967,1,Sandstone
2165.797585204283,87.86205461685448,28.198973986486422,0.16498823561435688,2.565413496845322,21.1762535925378,8.511041441279296,117.74488556348395,0,Shale
3817.1154624974342,135.35858086080935,24.495481273107877,0.35,2.400928717707968,22.79610771479846,25.79976197101618,136.90262339185998,0,Shale
2918.4893423885933,69.90479794736417,26.734633966236714,0.12009358686375336,2.3997557760220114,29.96314733681072,6.009100052990675,94.97503430327978,1,Sandstone
2907.3246248398514,34.57300295607985,44.42591621445373,0.07675835801887243,2.274014580365418,29.5791347381082,22.910244089089062,153.46947398969309,2,Limestone
2761.305063650062,141.8225524622364,16.134399412190017,0.2356537877728398,2.29959744577814,29.612683530483054,22.780171740137718,135.89380101794873,0,Shale
2669.962883595581,140.2774448191405,24.52712116794627,0.22641149879792993,2.3035684416964513,29.692650348559074,18.263811389573842,117.27529642428776,0,Shale
3033.1337561311107,49.20837811154358,39.127268131198086,0.14971642982029248,2.316149701605911,29.065422484896786,16.179783703804855,110.90588634723551,1,Sandstone
3065.2947824393914,69.60478587757909,38.20576811668947,0.2443591056461225,2.5145507358960604,24.327145260493573,7.682515198745546,81.93923849787205,0,Shale
2472.1749645469313,84.43811223635932,30.410808640947543,0.19902575207283282,2.0,26.730993684106117,45.94993127743206,174.98672668086712,1,Sandstone
2390.668252743529,69.01952377765093,32.38558070639547,0.2901295254288696,2.5241378036296402,19.343697582806946,24.246207482963044,135.72849415780672,1,Sandstone
2834.932835778494,77.22804065111592,32.5289279569031,0.13356729164847228,2.3216851559978684,20.93606327265977,10.10966259605038,96.34574097454404,1,Sandstone
3013.2324558802484,59.34241781359999,22.584287411064924,0.18871011424079467,2.567433449687008,21.856774190143284,9.624814332898953,116.04968828805515,0,Shale
3498.341382815131,66.63306149899407,10.078144336507865,0.2337918404512544,2.2738283093884455,28.23192572391841,15.471659593747274,82.06129169519521,2,Limestone
2940.0667924835448,94.55471989098214,36.025353655868656,0.1884068973792473,2.370878407376476,17.08161186136684,11.31330123116312,98.82510512861163,2,Limestone
3173.2418021505464,81.4042824969032,49.3065825905626,0.27172877491061564,2.245319999842329,22.425189982330817,34.64794472862006,153.24146564306346,0,Shale
2857.027663029649,141.2179806597976,44.77692873032153,0.2124800787372725,2.2504210875969126,8.633202655980508,20.953390706578233,127.54272551170575,0,Shale
2963.194002770719,80.5252642239401,29.685969830754964,0.204837299420177,2.418123494908794,8.678462110962316,17.026533108965985,123.78739526436745,2,Limestone
3220.1548707310803,81.52022666086971,30.58244360659381,0.09879044127938665,2.445116794868376,16.6993353654289,17.12894575006813,169.93996977842608,2,Limestone
2848.28255755957,85.16773777934799,32.991834608137985,0.35,2.253446097125558,18.97380879771636,27.91947034091369,70.57597887826043,1,Sandstone
3336.3837181733907,141.76215132506778,45.69685680977757,0.14634753142010698,2.4484515866317196,27.42489756910949,13.206210966725376,34.95052607026766,1,Sandstone
1971.0134604210625,67.67748862488338,48.14649167323078,0.11648999587285205,2.2451292854668745,21.50714172656281,10.060764416901044,74.04719645637374,0,Shale
3186.370756553336,112.26066549144497,39.94518116028477,0.22178665031255412,2.1299393403267297,26.754370236494406,20.78015275313612,95.84774082209339,2,Limestone
2973.6700713967634,110.45376862449916,37.37022855556314,0.2476738300008478,2.2873558410742154,19.266025011918035,22.992550606868235,122.59232043803328,0,Shale
2536.885301308047,29.262132851793737,28.58863178483634,0.07266933983488039,2.2871813924503095,25.11782480961154,26.288855565628207,166.54459025064187,2,Limestone
2212.7875611838767,110.11558879112262,37.24094202506093,0.10033472279760512,2.1641028806438403,24.892238783317893,28.82322952856919,169.01564359510581,0,Shale
2464.434341933041,136.20075455976036,24.779280955016404,0.13162533605532023,2.5913655740624533,22.923085961299847,1.6454265332371936,107.05776938697548,2,Limestone
3006.565505394267,81.17728915273928,32.470856556874054,0.17161377867769592,2.1977248263376254,10.885944981340742,18.817790315413998,104.11257021596107,1,Sandstone
2439.4658665915636,84.20819988513901,35.66980263267101,0.10319650567430666,2.329852480112109,29.716300623180558,9.73368279016537,104.12121628660346,1,Sandstone
3065.614067615571,61.14671587675036,22.07377169628817,0.14283679895476112,2.162542979037532,22.32783664987023,21.99076144595286,116.49497248484056,1,Sandstone
3004.5707050815304,67.65890227051136,21.708999478838933,0.18855871400241486,2.5314269678159906,10.29539603577099,23.188506295862645,175.01667831039924,2,Limestone
2076.019735838215,118.4136117379523,41.03626910444787,0.14740464631949943,2.4013372436925122,23.438781002451933,9.378529737097203,106.95817816112107,0,Shale
2645.8447990025293,75.7879475183419,26.434575713572144,0.16627460386154136,2.460692512820993,29.24455449493989,6.472668805648929,90.64617981934441,0,Shale
2962.5264921987914,83.18553804869,24.10482867503489,0.1062150734714787,2.478835046812967,16.207623044909795,10.346679404984052,139.41950407075961,1,Sandstone
3051.601767041406,58.89850897429979,37.31672326620912,0.3027279906541635,2.708059275492138,18.857886803938634,13.077569514668225,118.1741634105877,1,Sandstone
2969.7412554510097,106.0981915246928,35.43524332550028,0.26245296295569126,2.719887123448102,17.37863810133915,7.480692262548135,123.29198564500406,1,Sandstone
3260.755902706586,22.442648687069223,25.000375027913645,0.2571533834242664,2.9022805006608756,13.549459694763948,17.61403310679158,181.1831398913975,2,Limestone
2827.605189036116,80.39617523483228,32.712114752799735,0.21806062848732574,2.4628830955656698,20.3015255584105,16.394721993678534,122.68175548653609,1,Sandstone
2392.1451564921026,121.90590800708948,29.77322474512659,0.11217802187398014,2.382021746338528,20.611744255059765,10.093125126655114,124.21252154354687,2,Limestone
2677.008882421976,52.5926316038981,28.57714307554852,0.19770872359618719,2.728934058314839,15.573882624811072,14.58619255176564,158.99574808472323,0,Shale
3595.8566147601814,80.95894351509354,34.37017622073419,0.3027876875660173,2.3380325679512373,31.236139135604162,34.95761886567186,165.9276544955823,0,Shale
2605.229927301455,92.27661636927989,29.963289115194844,0.06945991865502897,2.5468315593685613,27.55640555939707,8.484102294326188,76.08253800086595,1,Sandstone
1751.6169081992623,85.79176915505984,0.2396752599047538,0.07997697612099136,2.3206137433511604,26.050986405929763,22.617314640157197,162.15700070674507,0,Shale
3084.9787973766097,59.00386484512665,23.212958678883886,0.3275851024351396,2.3521917129184855,15.134471102412279,27.273522207956653,110.477580378472,1,Sandstone
2705.0361261123635,72.23329228721815,19.062315997744914,0.11435940505133434,2.307331778100528,20.900098947860176,12.11351135608857,106.43272841099892,1,Sandstone
3024.0665410534916,113.12481251160516,32.742150351301675,0.22869507736964975,2.4069327356145505,26.12306485059189,15.633099620102861,118.58567135970054,2,Limestone
2071.5678380711197,130.32944281119492,35.87042424067834,0.18307297368925096,2.5871492333044057,15.181982661064055,12.368685868662784,146.28226272745582,2,Limestone
3305.954387281959,58.81709898587752,26.05909521019423,0.290027848551343,2.230113651755344,25.293271093122,33.3267555629026,132.02903638389128,0,Shale
2316.8925228912317,22.385308741310354,21.60901777428952,0.20915364426576627,2.402034231030348,6.702763931579916,32.63547965781129,164.08497408548973,2,Limestone
2633.465399759168,84.4539484649532,44.01069355627171,0.08906394779046674,2.2757487771249405,22.908602560964308,14.921481538300588,125.71230467602811,2,Limestone
3066.691237099767,144.09473149003438,50.47651903896849,0.2587006788235645,2.35272899223183,18.57372053275395,14.819672381428457,105.26076605563944,0,Shale
2518.2682936087726,71.21763380456242,23.44248739360861,0.10775942519806593,2.2206147326582584,27.623351041999687,18.093991847125764,117.88160128346667,1,Sandstone
3152.4934171530253,96.75279184765236,37.98438725982553,0.13359617874215207,2.3577835951816475,26.838853330013592,8.38634368795148,105.48033069976992,2,Limestone
2253.615602828446,104.86554622459353,16.42301273132448,0.17971352223780568,2.5692743606210717,14.654649949866517,8.921480418057648,121.98076841041191,0,Shale
2322.8624601345105,54.19166551003421,21.055557998128194,0.06986086024354388,2.474420044462355,23.839073238818766,5.893492469692852,113.00195017336998,1,Sandstone
2386.281697772555,121.3664047994838,16.337533706028893,0.15851818798291084,2.3865791137546943,28.594438375323797,11.354072309811723,114.39011790974901,0,Shale
2776.6878367189393,114.38714659982541,33.62511011344172,0.13344241182282923,2.4428134478761563,24.978197461809795,13.57784919198643,146.34944563084483,2,Limestone
3191.869936364258,58.60600634148131,15.68813234153113,0.09478796399963957,2.3249168941513547,25.230816323526966,17.11417036746078,141.23162318260458,2,Limestone
2883.168515942302,63.6308670450575,53.40300215856979,0.09484257618889119,2.784404053118666,28.03750479659629,7.130236389386592,176.95653518471312,1,Sandstone
2562.9871243500124,26.825872857691436,6.858360173275315,0.28926338752976244,2.480360131485096,30.2746684190114,32.68824050057472,155.1695228698257,1,Sandstone
3004.0159818280863,99.67249864033457,29.281868571489653,0.14150108953047996,2.0,19.907348433958784,29.10781872152208,113.43682263209098,1,Sandstone
3141.5265812874604,59.777266038175554,3.8453103999615053,0.14063213076752407,2.381558108826468,15.187652056760612,8.278313336743896,94.363808439137,1,Sandstone
2517.2500075981643,109.21750827505015,35.227667423667185,0.03546945813129998,2.5022953213139534,34.66967931050784,4.206537550899096,104.21830379671307,1,Sandstone
2697.0950371290114,48.96921109305162,17.712732395544208,0.11500393750610195,2.346019224581645,25.566798889319365,18.893803445771766,136.8258486466324,2,Limestone
2481.264615716208,85.39060180711567,18.999833579253373,0.16160603601075454,2.393350437384453,19.438117770959426,18.22307840680276,135.529010502482,1,Sandstone
2584.805638387598,79.55760068227349,27.814416616615837,0.09334938950897487,2.340374544796562,26.785061841268742,7.787271961970181,100.75137882989924,1,Sandstone
2771.380810554633,38.52521148450735,32.964675660492254,0.16081293913051778,2.35702813685459,28.353231079453373,23.956454666025586,143.67675583692,2,Limestone
3383.117602705934,125.39712610396427,29.889936783715925,0.22126043024574815,2.546975697211085,17.599448999096566,12.355599703724357,140.27625854108214,0,Shale
2541.874757978106,58.61468524330594,30.291744267680958,0.28998467190567256,2.562251072153303,26.7725962408446,23.471819328144512,137.59140360683003,1,Sandstone
2547.317370164002,104.539242312452,44.86151325143344,0.08951128531448338,2.47637816386969,32.333604345922154,2.99347830131509,112.6932353635873,2,Limestone
1935.772033393891,109.18454665422001,48.04448971987125,0.09030181605425934,2.267095916526152,23.717669338491305,17.639917020542363,135.80711662452143,0,Shale
3877.4387470657016,107.36776865190797,29.429200968041023,0.12191332121512835,2.4952744414979873,20.602269919308796,9.078008643584596,150.61645536527948,2,Limestone
3249.0808727719887,49.097058124243006,24.544462195884726,0.1778202930843333,2.316831323675608,20.18174907431755,16.688920917084843,106.20898630112265,1,Sandstone
2429.1883167853052,117.25194679862076,12.9313743780695,0.08686349121985525,2.447487556413432,25.012011334399357,4.76777093030795,119.3184064262327,2,Limestone
2940.4911759649535,148.38723200327075,57.06687940975501,0.18809063087414074,2.1221124222366665,14.817669971041536,26.22361489876399,140.44444799166294,0,Shale
3434.773194904022,142.66755537155566,33.995845532077595,0.24136572444334325,2.1832555256584776,21.436285806206293,28.152299580798378,146.19351980955224,0,Shale
2990.3698171815963,75.00537425775032,8.227639311032643,0.11437196549078484,2.354964206142484,40.42802020963601,8.044053090957961,100.80924088309214,2,Limestone
2896.3303542902117,74.27319868968715,12.393635566624962,0.1769988047942882,2.5703185956389625,19.005950413421264,12.186608638289433,136.0799623481924,1,Sandstone
2949.083586211935,115.53250016698826,45.27308224194598,0.26236520377196604,2.532810925713995,29.16488888807876,16.770048404893743,134.97818646518274,0,Shale
2799.594363634883,103.96856355584974,43.12549194340226,0.15103277256121853,2.412802531970076,23.17763403064518,7.949057952840282,105.40945219951226,2,Limestone
2067.410688231683,70.21272005047983,12.400480739278702,0.1538812099117716,2.108393698394535,27.349470740170702,15.918016015254512,65.0786760924587,2,Limestone
2448.2747347876966,74.82387456620077,41.60210768107095,0.13268348875305733,2.4618723114454584,32.21288394101306,22.027721746857438,171.90097437655743,2,Limestone
1823.8590997611777,155.80848856943288,14.98163075370162,0.16256672310122958,2.374792798145234,19.643446285499145,19.44565340861294,152.76354064541113,0,Shale
3057.2760216117963,153.1992115910232,40.92055411438802,0.230786657356765,2.5675845751766415,17.740485202287612,12.32138631973687,145.76641058096445,0,Shale
3156.2118150212036,57.857652585053025,42.10382609061763,0.1451934692360038,2.131182390098955,21.26678709375554,23.80352072506856,118.35726362796538,1,Sandstone
2608.762622674655,108.02243156044983,36.88108024404269,0.21536904608697366,2.269762589400772,28.580345245775703,24.288675205066745,131.30763604685146,2,Limestone
3331.8504004398615,99.34610377867497,34.22143692195263,0.26044128952545065,2.4261406589052097,33.02765217995365,22.38631010799928,141.51439166707644,0,Shale
3879.348528237866,161.79751647152932,17.95185659062545,0.25628535418138904,2.0,29.71292169825391,42.99513820129101,175.75268937842594,0,Shale
3340.809128923821,81.98452329621475,33.1537289612739,0.14954056105507676,2.1229519698868726,19.42194323755243,15.18486363609539,85.78254781108666,1,Sandstone
1949.7574733887482,99.79634938743988,37.66503767005579,0.0912524174114855,2.2584999148997857,26.477899135354757,25.47212881957772,167.21920927419325,0,Shale
2375.623567940407,85.68162993209138,19.739647524447598,0.15482148783928254,2.4355975570825112,17.87871859127123,19.519811557382916,150.42782505673705,1,Sandstone
2691.484535660847,147.679753673599,19.680021086347608,0.21698590413238145,2.23247898390739,29.442300607632532,18.0854015432698,109.47365879674025,2,Limestone
2198.25947049547,84.08900530813452,46.693834595476474,0.04670510356531021,2.544924771472093,17.738374610128552,12.541401653165437,173.27359462411803,2,Limestone
2128.9333265633836,114.21785801055366,31.00675503098934,0.14449364506224005,2.051513534676098,13.632642920043548,32.592047046460586,150.6865296513811,0,Shale
1504.9066251026654,51.23295199199975,32.27753921258836,0.23010281204198213,2.248067154778237,18.32961978148873,21.589789092517176,76.82136424739728,2,Limestone
2765.6627807667346,133.90402901043691,21.50860353487008,0.17640052947021626,2.4076008965929843,17.10386156832278,6.05978893430583,96.39827316890197,2,Limestone
2823.954305307958,34.961919527355974,30.683938606366624,0.09821767129195723,2.6756372891355142,24.076994926328688,3.5662260357262383,95.95756573121639,1,Sandstone
2977.4694552101864,69.14361622253402,41.651571238945216,0.1523992221447013,2.232271631009571,24.746029667161515,19.178907550745034,114.46115060192032,2,Limestone
2182.7433339316453,122.93613898857826,38.287404536855746,0.18144776961588377,2.4203241456750777,19.883795229978357,11.64430043244618,111.85118960930612,0,Shale
2419.566291009374,104.19716075221282,55.61297776771106,0.10884386786270918,2.148688544184851,35.15062199230486,28.00774589227612,160.04458968311712,0,Shale
3028.51110496652,98.58621494736005,47.66242409671854,0.16080520641591797,2.104909343122161,23.570243700858036,19.155502259311728,98.55855182036146,1,Sandstone
2745.72880393751,81.17928091266882,10.38033149321684,0.09047029018987121,2.3718028056410922,22.21903733431312,3.651529733927946,90.92008608005665,1,Sandstone
3628.75801923213,94.94267788045128,31.601441649153745,0.18981724849085388,2.2483606512227117,22.315732780103566,8.33347213759389,70.84626171548405,2,Limestone
3618.0621370671106,85.1168959294179,28.56530269695602,0.17946473269937957,2.34502246753685,22.478085879072484,13.651872232663862,113.40464480628918,2,Limestone
2327.266673651096,30.950238412430046,31.575174973327996,0.09624769668544808,2.330760416653461,13.108926993512231,25.878884778967652,162.2994870478953,0,Shale
2564.390456982004,35.425547068948426,18.658723375215672,0.1542109986076155,2.118111954661943,20.081558714394973,34.3973041684083,146.95297451986926,1,Sandstone
2297.3797095953996,81.5403610628367,29.253946108812457,0.2006517658847191,2.4829473364365424,23.75559067444498,17.586612444187065,131.71419875031154,0,Shale
3764.516764959124,81.82801546570442,28.759227738969603,0.24035839787648505,2.636476306726607,13.991039094469041,3.973142823932031,101.35642708549503,1,Sandstone
3523.477893392539,25.25983467090608,24.351285057930884,0.2816251664366083,2.842170954824008,15.815049239683308,15.319933906134152,155.20051212079125,1,Sandstone
3148.556892962937,73.1795931948941,30.040012602365955,0.1656929978635868,2.3786047935096257,18.043438676702113,8.292602362452408,89.67462899185648,2,Limestone
2784.369186560884,114.84502205726955,38.572915041230154,0.1944561070354274,2.183207109577676,23.53335819392082,21.946582610954742,116.41430073703509,2,Limestone
3061.8453471714342,114.55476171290928,30.12963941471759,0.14050207675627208,2.543084293261137,32.10667803646501,11.333904865183847,50.468315240909234,1,Sandstone
1969.6750115330897,115.20601606028416,42.55323189530938,0.03947807982208418,2.753051077305532,27.72800089617632,6.347649101749884,133.9725259239491,2,Limestone
3413.311945661676,121.52639432271503,32.87296572749087,0.300271805619583,2.309352158892044,24.88687534459112,30.916867791285405,154.11421963388494,0,Shale
2322.6052363157864,79.5233839200094,25.250432954786227,0.18352203089673355,2.5212032292767916,27.134411925165047,18.70259224583319,149.54057228511476,1,Sandstone
2538.52726677542,61.35931374139247,39.02491655557847,0.13442992265451315,2.378140165768721,27.33303291723995,12.812409163988097,109.88248292861546,1,Sandstone
3250.573801166104,83.11462859714638,17.022859753849616,0.19795353944259372,2.3701841245489614,21.428793306753626,20.867514332752233,139.68252699883053,2,Limestone
3261.8806350852365,90.2267781334984,23.45396979071012,0.21095711980010426,2.2279782613732197,24.347709742725243,16.64968802649851,92.04871421818547,2,Limestone
2131.1884194173895,110.69203680830748,39.52649343692441,0.06618444019008794,2.134072831376264,27.559121106078667,14.986977368771567,110.55367098462878,1,Sandstone
2802.160747600144,105.51249843602176,27.375031395392455,0.12011005351212203,2.4117383250530513,26.777860497121218,11.280341703190425,132.0366660111677,2,Limestone
3047.818958293262,75.95371847494765,27.791655079629173,0.29777819386912535,2.5958580389311074,13.172729534325082,13.244243081421052,105.78088030405985,1,Sandstone
3130.364923701668,74.3350077075842,24.738346289398123,0.19616426842585705,2.657965633835479,24.36892012247306,7.154613857390521,125.06451921168518,1,Sandstone
2982.024049594167,60.24300017391752,49.212374170896126,0.3211937678414971,2.7184848991683195,26.572383243175587,17.60635229429228,134.16890678283943,1,Sandstone
2944.8100328385076,35.173891418892666,22.65995005710849,0.15179657868922714,2.1925089803591096,23.36625471085575,27.19606596994422,132.75664104104874,1,Sandstone
2498.6808896370926,132.73126979297666,32.06816361791404,0.2149184260393042,2.3307879128746456,14.508509865401413,19.584693956054743,127.7382978234433,2,Limestone
2600.286352993649,47.33234494631175,24.621716301349775,0.12377862775372643,2.2227462730828824,21.302696420491678,23.46857464419274,130.59527389024495,1,Sandstone
2929.384255862494,45.22025378740933,32.86378483001094,0.15200070498977858,2.4487903580368844,27.33915693190561,10.405402283726847,105.02106953872541,1,Sandstone
2959.566604206054,59.124579839991505,20.620775073969156,0.1822909729492831,2.5633801972864916,23.501570425872835,26.947351232413446,197.06336491224437,2,Limestone
1842.343356773933,119.18497835430006,10.516214932678487,0.08279498499857899,2.494927679499425,16.65500991921531,0.9374069884407117,104.97660195195893,0,Shale
2553.859167072108,70.01045106897143,30.723603899083844,0.058131518071158045,2.771413674419014,27.597033354173423,8.629709183241175,192.39568985404713,1,Sandstone
2682.2805254825516,64.41964460345534,25.92339421434065,0.21756042827350297,2.352081666032982,26.32008119101751,17.41570372074154,100.11857126688814,0,Shale
2706.4908434640547,55.74602238287774,34.96701612242392,0.12383235861618025,2.585849648408671,27.20832792536666,0.217607988419946,91.51883603726809,1,Sandstone
2547.749996124708,65.14273141388435,21.303889650968127,0.18536633807475472,2.410220728088818,16.407481518655857,23.426503160014644,148.45834079599422,2,Limestone
1507.9017946866347,69.21174064152235,33.8192167000301,0.03,2.2830555904017533,22.201899751213187,25.59192403401333,184.6738470284614,0,Shale
3316.553441688183,103.26073740295308,21.87415485744733,0.25168266790596394,2.5677601464843267,35.443672721045694,16.323392057926725,143.5621846109663,0,Shale
2994.2955204213667,77.05349055911033,21.673927802611516,0.05341592813929602,2.501058298999997,21.597301674789332,9.76848733580372,157.669521667618,1,Sandstone
3135.352632414899,47.49023379780425,17.303477338986987,0.10787085605679758,2.3464943387377626,28.66298367454946,22.903438969765407,162.99227056869637,2,Limestone
1348.4133410378822,67.80803864545197,56.72156742628014,0.0906622060816694,2.608099658640043,33.76430699223222,5.4287956808422635,120.3812061113475,1,Sandstone
1846.6575373680666,91.98323622318814,35.789130237729,0.1820620448683796,2.672019990706875,32.33625826432437,1.3016514653078488,83.20715477676691,1,Sandstone
2503.3599391319995,58.04170731487085,34.3199656336961,0.15136160957906852,2.4682498043021606,10.419478784059406,5.732956894614077,86.10853381245039,0,Shale
2970.5111177656495,77.28721188294557,37.656431064826954,0.23377998075859246,2.1558653298696866,12.610873450267237,31.583737784968754,132.03848680337512,0,Shale
2809.0938737382803,108.60809902338481,46.546683158667065,0.27930803195004744,2.26350713539418,22.604823222758643,33.08702061456161,151.21682645307283,0,Shale
2580.2390563536455,88.26884264935669,27.389965106483203,0.22428228769632147,2.329452206356775,18.359047949281607,20.28485404597388,113.60542565305876,0,Shale
2227.685845182334,66.68160485148768,22.32329845695191,0.16531297371557477,2.2948754136328953,26.104503872656696,23.10350014113873,129.35757902343366,2,Limestone
3687.7208315430494,99.07040210565248,34.01465967584528,0.20487781447475467,2.716410756438106,15.843629014645645,20.862794797156205,211.49126555679666,2,Limestone
2571.2420278254617,79.00135182072017,35.634043604480524,0.16774508381227812,2.205210479601484,32.19845645319185,22.563527225430857,118.00503349587436,0,Shale
2151.7499833347647,81.69643370872866,17.284559278732328,0.146531517074014,2.5548193462244377,25.854846679435713,7.646599717320291,116.03065684751878,0,Shale
3069.77530238317,141.42556866599608,21.174027138564867,0.18879108532196887,2.1331732217750092,17.299071229924756,29.885010034783107,158.48121355802854,0,Shale
2826.084309463412,71.91980688722683,27.86711586614053,0.12627804186632846,2.2605729451837604,23.78096265127528,14.455144136789752,105.9490634124757,1,Sandstone
3107.007811661872,160.462398875868,38.40567697791671,0.23391841647551875,2.1536517464767235,16.38761644010624,26.042912758477513,135.4484045343774,0,Shale
2636.3860170019266,128.07020336397116,33.10186516828704,0.05877425409939736,2.493406087879135,20.781061801997314,6.255501902498949,92.7278409949378,2,Limestone
2522.7493827642056,59.35866170179084,21.39841220738598,0.1129153477861476,2.3273790834749972,19.120259385489852,19.57666015166957,138.59440242064508,2,Limestone
2733.1746482866756,77.65358151940478,30.832946375468076,0.03803766910844303,2.5237663095844547,10.593553427092086,3.6313959589354994,102.06725609098274,2,Limestone
3126.0060401454034,143.51150820636028,23.207096803723946,0.21992890344920338,2.1264707152361715,23.600957026482323,30.253502281069522,149.44763639534648,0,Shale
2582.578201226563,108.67609204418532,41.279249855168274,0.1300321681248408,2.39363963589957,27.118362736309663,10.635101041664253,120.55664314934438,2,Limestone
2565.9746092727178,133.45320587466287,34.43375982102375,0.10124049838452098,2.328222082202899,10.203709522192492,6.806776756952257,109.00737077679592,2,Limestone
3342.16599667193,93.60132933591646,34.24902531786385,0.20345078391333932,2.4604042022886294,12.859176944178715,19.622699837089648,153.17561287854898,2,Limestone
3595.603317451153,104.97158610063217,31.426213926688828,0.3172899462521247,2.4234749612627633,25.358870571584564,29.914212634486894,161.1625455462443,0,Shale
3132.521822404104,75.7616323806718,19.319528616337596,0.23579318607877964,2.1843536596516295,34.36204926302099,27.37113700648638,118.55830430106425,0,Shale
2974.7069794687272,116.83311728837192,26.15417556279787,0.12069349340998067,2.418844386820917,28.511133496806167,5.266413538864878,62.42721684503505,1,Sandstone
2514.149223550276,103.54875651489593,18.289589603381838,0.10967825868895012,2.2366063084956433,26.26627661527182,17.368944935747418,127.5427913041387,1,Sandstone
2788.818758329387,92.00569175058845,47.03270926017345,0.08946774244794442,2.4073289286319146,29.6137901525898,0.3537041889791741,83.38717619524698,1,Sandstone
2494.979094503371,101.9413718628499,46.627060160034965,0.16781457859408555,2.400805207679837,25.049603928780094,16.753701927394246,133.6192064231562,0,Shale
3206.5952618712663,25.644308047565033,31.281076019934964,0.06551728638521666,2.195120296433849,16.138409073456618,21.7078834126217,138.15201926563307,2,Limestone
3127.7466015284635,47.86077114223515,38.75973837912579,0.19368058144776787,2.3451257349224925,25.44060275012789,17.636627731537615,108.28817182768233,1,Sandstone
3059.269318705884,24.957650494419795,23.236354969643944,0.12890361586269966,2.597325180497938,29.316586497728636,4.349055196447303,107.127010164165,2,Limestone
1354.6522591173498,95.93456940545472,22.477654634725575,0.09544960844883765,2.5538251152500546,25.557704856550778,1.155505008161942,98.44747490826427,0,Shale
2455.0383387116262,102.77226697190022,11.585052906635415,0.17347110930595402,2.4335679528968734,17.97093636819354,15.815774017026609,133.07083817140443,2,Limestone
3332.148273399377,48.28190919230153,23.608607822149597,0.2049564182363313,2.409341116731266,26.386665038136847,25.3471416229673,154.52741684121193,2,Limestone
2547.2349078072093,73.16448694121512,26.33627152733536,0.08222909935800135,2.2393147424315276,18.678260115246147,14.17474763945482,113.11533436356461,2,Limestone
2308.529997969326,90.0147298399955,28.95353375741797,0.08158323060666234,2.1915599265731363,20.838725504994468,15.21685527715495,112.06168420752641,1,Sandstone
2976.8506385275414,104.52959182405154,28.852111783654497,0.23172741309859712,2.22655291524604,14.740209827996942,21.735927047713364,109.27855452797036,2,Limestone
3222.178286601229,52.59301910403259,31.440522315264968,0.19044697426785812,2.8422326165361906,22.22778236926381,6.6795367574492355,152.50932226820498,1,Sandstone
2084.2084706002966,104.72053961910642,30.339378851349633,0.09590503800745154,2.224889206001608,23.270754521114707,25.601554549811503,163.36314526273256,0,Shale
3262.9612161463265,109.74192826808547,31.41776560799489,0.18692096883122963,2.43857637379176,21.058331168336927,12.021691817136341,124.16224025456097,2,Limestone
2429.155922482435,68.7332005479141,9.324766798015915,0.1258548456464616,2.2605179234227095,15.021404889693676,17.35355579089559,113.47009995087713,2,Limestone
3062.076714965175,76.23873952423232,35.604146322087054,0.148879421092591,2.272509910121005,17.515454524057382,12.932802913065235,97.56526121073853,1,Sandstone
2071.2987737774474,112.0186959404302,23.93336059249433,0.1930245053926029,2.1542380514378308,16.05483547589971,35.28181622607361,163.4976929529239,0,Shale
3324.1262354417454,63.153583888577884,34.778789360960516,0.17115226142989293,2.3191981879759873,11.820504759744438,12.632878186548139,95.83250352798694,1,Sandstone
2392.6514351691135,43.13571831918915,20.827933036649746,0.09431351071666483,2.197229196533234,25.365059715858525,17.08515426600714,102.66775149108646,2,Limestone
2633.613577409844,97.86337200704064,25.690561995147725,0.03,2.527212753122943,23.498416407182873,13.732128479593609,89.56788215850753,0,Shale
3072.2450528032605,82.9231807857453,40.90979027619465,0.17455252144558547,2.6217711227626026,21.480723035916384,9.729269267572299,140.08057185054707,0,Shale
2222.6398653731103,63.38934326864527,50.79156698466804,0.2886895716442308,2.433001445206242,21.47314989019088,28.858964205108386,136.91386927677303,1,Sandstone
3060.6322410286275,48.935688535863946,44.76912296310269,0.03,2.306839499465835,14.842622838179297,21.850720990604348,183.18414706295385,1,Sandstone
3488.6992688099717,77.99886991768555,32.341941514982054,0.1978442366610426,2.584780606375257,32.400648036305576,6.092128108684465,111.86452797718536,1,Sandstone
2261.481748280641,83.92877972482177,38.83983160469668,0.19790922851326753,2.375619488768983,22.099725888174483,25.326390765935678,149.21606121091256,0,Shale
3092.2617806344037,106.74067515763164,48.74424446933244,0.21706588910420138,2.250984937142805,37.98768695200861,17.120105456082214,99.6979807545464,2,Limestone
3366.794580857397,65.01041744285307,36.01936237103242,0.18798118322639948,2.5826599369841428,27.100025607817557,11.200910518043157,132.72790179888955,1,Sandstone
2448.3556082642153,82.8921431545922,20.406792347810303,0.07713239853155063,2.4046270434362556,23.6786062463693,2.9873339704117807,95.3756046582055,1,Sandstone
2646.9552677526763,141.21045659149937,11.377866735511525,0.1405704316472084,2.3128690588613474,20.657984354812502,8.90767095937963,105.75032122181858,2,Limestone
2246.0986553333537,77.86565544693178,24.190828228058816,0.0708628815409838,2.2579788123904585,14.955373717742972,13.618455982418197,115.73742290628361,1,Sandstone
2322.4616556936617,99.85269761216891,46.84383328181538,0.15700381857341147,2.3173761027597983,28.88922870793894,12.117899655932217,97.78324410067779,2,Limestone
2256.6670281539477,89.71331566038793,15.339617985511278,0.20090221207779504,2.4635345684571455,14.469105596769055,15.358016341961125,119.96791008017382,0,Shale
2711.1436103036294,81.89039253983378,20.92619047236679,0.14500285015682998,2.6859057566204005,20.674874319222692,8.243301524699241,150.43124571973573,1,Sandstone
2004.7514418891483,103.94698110963674,53.18102260463802,0.09886548458177588,2.228969210098765,28.158516262807602,24.095294486988447,154.83918509848075,0,Shale
2357.422330337713,123.98739102655053,34.2345833183039,0.09874386744085857,2.0923626409184797,13.256171386086784,28.42576629854031,161.0417091869214,0,Shale
2995.9535299056024,39.37567608838919,35.51398342778242,0.2761270724096198,2.748954005288917,24.728036445655484,18.59080470127383,153.30588938258367,1,Sandstone
2930.4071391214743,115.5313474341336,21.958623118393113,0.15198034575883768,2.2043106296577704,20.671610450889432,13.971486772125996,100.28578497452636,2,Limestone
3207.286599157327,87.36849926906856,26.698319374931692,0.16163443369435807,2.4271038030246403,30.053521157821663,12.354307612896582,124.28353581724545,2,Limestone
2448.7961950213453,65.33519036193904,19.30597612764503,0.08315765687770818,2.187143604358597,23.71291697612832,19.71481420253401,125.0432016214109,1,Sandstone
3017.165597146051,85.84095070354095,27.096170083492034,0.11655712161207524,2.312254394079985,19.677681842597636,8.025379424949389,96.09174236161346,2,Limestone
1969.1822330713967,86.0786337051692,5.757351293027142,0.12979653626369053,2.4155460855480815,11.650087395212397,19.760824205487936,151.6776047247651,0,Shale
2769.0834938629064,150.52567675522863,26.199463493996934,0.20757459252360758,2.3184964766292975,34.0654182124806,23.650361706244496,156.24022022180316,0,Shale
2539.992316468439,67.21163797834848,31.556753876883867,0.1933195194413642,2.4968481573521584,19.256122560659776,21.667264333680656,153.98702721099485,2,Limestone
2312.3316104551463,55.45233426397483,24.32804848984899,0.08693638585999663,2.274269442436514,26.707163562853832,17.63931536184105,125.04915578667693,1,Sandstone
2703.780785275694,101.87656513119856,30.6672645623484,0.07620689864682789,2.3575878472291674,19.582341588342974,11.653407311136284,136.78383940155368,2,Limestone
2820.869755806838,121.14124865585418,30.284689404384103,0.06376155734761653,2.297813276202298,10.804961468779384,1.6054950163072217,91.55709697054863,2,Limestone
3138.698408768422,95.3885342536219,28.79728060674234,0.32405976847838425,2.24837779709069,31.909833692115278,39.575338455350646,162.52841043970838,0,Shale
2681.6150786569865,73.63825614697667,26.74578728627169,0.1294782926512127,2.628189019575967,24.957698862801816,2.0253768735460262,113.36128387545425,2,Limestone
3064.8221436222593,81.57142456150493,18.184692466698444,0.12099395946150812,2.4566957157829226,20.087566602535123,1.1276982942027765,77.76676105732123,1,Sandstone
3056.3625569158203,24.961240515955943,30.20841482137772,0.35,2.754766729404943,21.726142879997226,29.64337011503624,141.17152284566006,1,Sandstone
2880.153506509811,62.98579867109211,28.169092153887156,0.2280506243442314,2.4094911485023047,18.725643756182837,24.606497676942617,142.2760849321582,1,Sandstone
2480.0318961681,78.95194234170269,39.65573558793184,0.3399787661160628,2.292712052682512,19.321609007106908,32.412180647157975,118.12501613108441,1,Sandstone
2757.0777977608677,136.00919610998375,27.98892204710574,0.17373977859221612,2.2289138039333776,10.14270361365813,15.048985262679594,106.83288260458279,2,Limestone
2222.781626378759,59.54661601724786,17.882317925106356,0.1658929262096912,2.2450717235471145,27.694996421428964,20.50050086618874,105.52168048906606,0,Shale
2764.021659528188,36.475454761792236,42.44548990763059,0.15698972916187945,2.2107809749729386,23.036226499461723,27.45959217655618,133.6723808690339,1,Sandstone
3036.720022981336,121.84340969425006,27.77605848920344,0.12547569143105386,2.289951356750498,27.08266724463641,3.8898739480882956,82.00754317714885,2,Limestone
2714.222154073866,60.925408748332174,32.04254942657026,0.08027440452259815,2.475936861435361,22.04462283285949,2.3781101711702313,100.50482715941506,1,Sandstone
3406.517384905019,67.6546628762707,19.092462841777536,0.1183795376368817,2.4401019943778914,24.495535954345545,2.5189063419174396,68.82894542867382,2,Limestone
2247.95270029275,78.65195014097489,35.34135942265984,0.03,2.4835079939263247,29.220760341402382,2.240322312019231,99.44001695237182,1,Sandstone
3058.1372202295834,98.61588920959319,37.05894196104553,0.12381525890876065,2.4659286327709533,29.150321814410177,5.247867401974659,64.99881480574605,1,Sandstone
2586.2714419515028,137.1115133756848,37.35443286204159,0.18017817926118293,2.216454925578704,27.24468449090716,21.853260428054554,132.04206775533856,0,Shale
2818.185130241909,84.24958586271387,32.01047664281695,0.25857161631428033,2.091667937954985,30.580182333528214,42.015701469352834,160.33229797623528,0,Shale
2428.841112868044,108.37029357429448,20.590640473571145,0.1170909375315242,2.3010857317153732,17.826127299278824,13.081528752742866,117.43824671454406,1,Sandstone
2901.6031717364676,129.41000547010958,39.12023670988306,0.19276927830210266,2.187223200692557,17.9794565570918,17.234335771538458,102.25299755265206,2,Limestone
2707.341850877692,119.54339885017286,54.753138009361024,0.21637982945321602,2.162777536806116,22.107131808893048,32.2453762359804,153.30316232031691,0,Shale
3344.6755977023863,80.96048486195365,29.7761534350319,0.1945920852186037,2.197303973958671,16.683763669684556,16.081954721910297,87.47429927934233,2,Limestone
3677.226735807224,87.10372007465352,25.346774816589225,0.138204352317047,2.661044723232272,23.473110659964163,0.9642342418749568,119.46514498338645,2,Limestone
1231.7786995812673,100.28175714182836,20.829719712592095,0.03735110205288225,2.371427012789069,21.673892353598784,11.466673625313373,133.07729080375074,0,Shale
2680.2632604414375,95.12573303054111,47.897907703084,0.09373754755468824,2.443985904544429,18.716689358404164,4.317338954652058,109.92876097214096,2,Limestone
2890.484227967468,86.28330766467725,28.246916798359713,0.18564205900864256,2.4795036931006234,25.831099475490184,21.22758324771253,162.23951671933509,2,Limestone
3297.2354787701074,24.889261248760818,44.09449483102168,0.1501743677329618,2.5080610124932905,28.690781510996892,8.205962392274442,104.1454202576985,1,Sandstone
2971.845219742046,46.53208440913822,21.364316402901075,0.17988803799969122,2.1244110272968557,31.21200229983108,30.801283870470726,131.27224396625488,1,Sandstone
2434.265373813773,54.826654057460544,13.803101344833735,0.22635515405104384,2.7646190578514003,16.6833240919141,16.217636838422408,160.75216014249858,1,Sandstone
3114.6062175282495,76.41307473767696,25.18135684515277,0.27456566935580384,2.3993814823990287,16.585511675535248,18.43980080730134,102.98046659137847,0,Shale
1846.1903336403211,64.3399992771837,36.208299452898665,0.23667277795220618,2.5611856534188706,30.394584875580485,26.896852858438614,165.14118014436593,1,Sandstone
2487.1120479910755,43.27320731571062,16.99366295251553,0.10909313964162405,2.4029906015777267,19.25541497494963,14.409920825380285,124.02419570832333,1,Sandstone
2630.4295558535123,99.53008466960176,32.556995380481425,0.04052857956268127,2.419547831658723,19.353857076858347,0.2746801885665757,106.22340898160273,2,Limestone
2653.1114063951813,107.0328739915991,30.57375553806981,0.12991240035351562,2.3336569738782065,23.965835420328524,4.725298333391255,82.56445130200032,1,Sandstone
2648.3160381702937,50.37956265286311,23.951256009908164,0.22393433864064455,2.7626093966858742,22.478164404296272,16.881399394356762,165.50525504574603,1,Sandstone
2196.775018911291,84.9774191921657,32.01066990031392,0.2291132227643003,2.427283143190286,30.259135958432008,22.96200059240836,136.32844234725863,1,Sandstone
2826.97514296818,130.9201947875493,18.999030374221938,0.06203248584370345,2.444832060469003,31.877700301503864,7.753554541644018,79.08955070340711,1,Sandstone
2508.635653458972,99.87557682101802,29.182633239685057,0.18504233541718246,2.524641066715268,19.321273130469713,7.684185185969558,107.73252215983628,0,Shale
3668.3610787526864,49.59430315034784,38.21564124624614,0.27116527033540855,2.595974513302642,34.20849494891554,15.897473178653442,126.39084473598437,1,Sandstone
3729.2690087149103,55.90868580193681,38.65634184819673,0.21685935172904347,2.151658028921813,14.089543296651705,24.43824206703911,106.46267268605145,0,Shale
1876.690399529707,95.98171239642099,49.875341610233676,0.15157433241170815,2.547438925437562,18.557466697573744,7.145526622400382,111.91708379317089,0,Shale
2947.929182830083,32.79479494153145,30.376450650971496,0.11841360088911539,2.457429846451591,19.033044388707108,28.159453757738238,196.70605817002925,2,Limestone
2934.437118225116,27.905895076417515,31.968519264748206,0.1710846087575032,2.161940576875743,19.00921550475494,32.72810252385611,143.4617742197937,1,Sandstone
1897.124886526452,100.6539806404227,21.686785908743836,0.10689204511091913,2.2912116420879114,10.008366600666958,21.91702641061466,150.8866424187311,0,Shale
2621.2717741173774,107.40141889845634,20.040028930386097,0.10565985190630321,2.34532284480727,32.100489068456014,2.0973500497405233,80.75305181549584,1,Sandstone
3448.817259206579,58.83289692376283,15.101969346348259,0.35,2.634578893101173,14.750845249851766,17.524194273316446,105.68419758452157,1,Sandstone
2704.549729561032,98.43263143296956,24.21348945879545,0.13305981297751646,2.3983533044881717,17.666198872278446,9.028631272190081,111.02013213183258,2,Limestone
3065.2018988238924,67.1553291013634,43.95707481867505,0.0982499762626564,2.3888575736952444,20.076893658004185,19.71065871132292,165.03325520182014,2,Limestone
2438.1933080833837,102.07187221436223,37.23799416444421,0.17652104546697678,2.4457498268330387,27.023256920372088,12.78569310911138,119.75028108900366,0,Shale
3077.293705361615,137.2988734144238,23.929228086243004,0.294518399806531,2.1538206843504195,27.231960792561182,45.70837342513403,197.22091085182728,0,Shale
2777.8110061711523,49.27144859935512,26.953210374062696,0.13899914908804387,2.3874065631734993,19.13111966376233,12.975115983620963,109.69063682426804,1,Sandstone
1922.0164587896074,44.293286144747725,24.384879785555086,0.13314456535661273,2.3639808842075296,31.219934972439866,23.216313110359437,142.49602338098887,2,Limestone
3177.0031058768072,147.1342032771729,33.67165405043045,0.19197526791336253,2.5758122431670283,33.66410590000265,8.78578368438901,143.9731578864395,0,Shale
2857.9991347703026,19.415483281926086,37.61430624060893,0.23283329779920428,2.835157148450863,23.483739997445515,20.754756590577525,185.89577165257157,1,Sandstone
2411.711384021463,47.05586856166498,25.854361367513064,0.06399083708577345,2.598978884560828,15.669390218399894,0.7509231202688067,105.82735613437553,1,Sandstone
2784.23465394378,76.64413570749257,21.622583256511426,0.13950978838973171,2.256715230987851,14.792723086640422,15.315144294847963,105.643172435664,1,Sandstone
65.503392770348,14.497460001549015,18.0055374204464,0.03,2.582539263221638,22.83649095607844,8.989339311992909,164.20985534766487,0,Shale
2894.285208188649,118.99631197291217,32.22387814134697,0.24674308043918586,2.1446592738391916,25.985651225542753,26.495120687965233,114.86141433912434,2,Limestone
2485.1250011740453,138.75875612100432,43.747979700547795,0.07221257232285427,2.438812650769497,26.95950379082349,1.4584767814272883,101.91550310747074,2,Limestone
3052.496400709119,89.19107239487788,31.80910675225025,0.03,2.265320719873358,21.019556615612128,1.1635728459666375,81.8063561529609,2,Limestone
2892.29910128903,80.71389939056756,27.8047341755286,0.24132590995731856,2.3609928938887377,18.899745343420687,17.354029383639773,101.21910851234124,0,Shale
3112.624959407681,118.33633599567864,34.664559729694126,0.318755907176788,2.1173114698959186,23.852051764333698,49.59843445019153,194.1570677278287,0,Shale
4073.744170378626,77.57891847255982,32.63035181817904,0.21912962010752596,2.506138154035426,24.703589987674796,21.966083137498916,170.73293614442792,2,Limestone
2294.3556148337816,62.1465882335636,31.476518405374502,0.07034785868831453,2.3195719267773613,27.358406961920636,12.89299432664241,119.18987142140487,1,Sandstone
2405.452669630164,10.83500026959814,30.847976339130952,0.16574782490150944,2.2073937397183925,31.495714262404306,28.09226219849935,119.8380594434338,2,Limestone
2358.161293956213,139.008953888148,21.003813424542102,0.03,2.4433007038795975,25.262839923328706,10.214937576491874,101.1889183562602,2,Limestone
3254.1352093084042,36.950318719240954,39.39363064071573,0.05963295395776365,2.262350570207779,22.810334228702146,16.792283133643565,134.1381521548403,2,Limestone
2108.4533829139173,80.34811701526843,49.01765708701544,0.1834946951356697,2.3550671496988693,29.746313396214603,25.164535381301196,146.63640249510803,0,Shale
2836.8115861668284,61.33901395739609,30.529394682348013,0.17360846600565966,2.6555530277162083,18.690835599390223,14.847044611044621,160.1378551853648,1,Sandstone
3319.481581537757,84.70576020814025,20.30720020261203,0.03,2.268093262748354,15.031918775696516,10.099457528314417,131.54547077200422,2,Limestone
3130.280461061818,79.97650993260942,33.22020479655214,0.17987233726152102,2.329914737462072,23.711691707004967,12.002998094846621,95.016475465518,2,Limestone
1913.5293154026901,127.09264719491645,17.555639522513047,0.03,2.0,33.72797526077494,38.5755097548664,191.70422218616284,0,Shale
2990.370259563623,118.14265394719149,47.97544844685987,0.1762812677677008,2.193143992165423,26.716723285589474,29.843835758626625,164.88005541513567,0,Shale
2935.42238075291,56.26464675788809,26.242820909462832,0.12002977716251101,2.275462437501885,22.44738437236298,19.815018765770187,131.83393367139237,2,Limestone
2676.3014021804906,113.13228318775967,25.112229550865933,0.23127463755028865,2.511644638960033,24.012527922882217,15.17874018718523,130.4022833966913,0,Shale
2506.130470074286,90.7204735796052,33.49630541669627,0.05835863751001816,2.356355207115457,12.713761592552876,2.106863548742222,92.37659225392406,1,Sandstone
2706.9468616597264,99.06286617494507,25.79066435416234,0.2505706912510896,2.064775608751744,26.01445152697819,36.773373091202444,137.48258181192944,0,Shale
3656.6660824305563,69.94317212064067,14.412377468618583,0.30019501485955624,2.4720142917025067,32.49859903528498,22.52071621783131,130.8455856843081,0,Shale
1855.0858368411266,78.80019687311882,25.909821521850606,0.14864841067547513,2.5838600605303914,20.35604516102174,8.322639119314303,119.05131373906364,0,Shale
2401.8867831895727,98.49645921239052,33.28766851441058,0.1278644946023464,2.4244218658413352,31.502305273837237,13.92442891127435,136.52382661029105,0,Shale
2508.8339662883163,62.53265288380469,21.472321374300694,0.2647783670802831,2.4655033522768606,32.790489874988914,25.790180014118718,140.33781873661266,1,Sandstone
3141.6284688147443,120.67875359093215,38.166247432622285,0.17462718629753027,2.1574046780170266,14.912854356425697,13.753544386485004,87.11399067547609,2,Limestone
2493.0575495188305,117.11873628857555,43.25263603127389,0.1943819364414709,2.390902326664139,23.721183056916104,15.258106383869503,120.61500290257523,0,Shale
3066.668562348448,59.572070830607394,14.777946950741459,0.1549529494559318,2.244023746198293,29.302779526936675,19.03711478424352,112.97961625657776,1,Sandstone
2956.06759370289,116.87531508436115,53.970239182011866,0.20267673130114927,2.2938751734230016,27.394249197022745,19.998700997905395,127.61833855118961,0,Shale
2524.1912739168415,125.24980505112917,17.169145636235577,0.1401336047702385,2.165889244620225,19.429429391466538,27.993628508089007,160.5161237358518,0,Shale
2830.4528190395245,104.81715143862708,24.561984045386335,0.11086068521123052,2.378365279112465,20.413117907388266,0.03601190930583442,76.86014619305952,1,Sandstone
1999.56342881021,45.44100774854185,35.828280694561386,0.09486637052208631,2.3184878092800134,30.578649157089245,22.533225631726346,145.77153746809242,2,Limestone
3367.920783587637,152.34330591751458,39.2118903782456,0.2575714662081769,2.2660592162212527,17.968143079879027,17.629670077027875,109.33253737206496,0,Shale
3226.766057296311,81.69101812600947,30.32426604187004,0.18305568014234122,2.2589410764328792,33.14003402750628,14.505868972966182,94.27554159464253,2,Limestone
2548.249275767296,75.93945099734985,31.895598605086757,0.11257401193109588,2.1547853115257376,24.12108390669055,21.076335444336856,119.90434587065695,1,Sandstone
1048.0187838498564,64.91142804212696,34.230799603243526,0.08586714375001675,2.7242124501573075,14.77414640476294,1.1633753484874472,108.05951208896448,0,Shale
2448.0214547868177,72.8790387823581,34.88786473782399,0.06439659925799777,2.286721488513767,19.165527135349947,15.368696285612545,132.2441440610419,2,Limestone
3002.193063248447,84.58620385340792,30.5351427431356,0.10797985518599514,2.406519219784896,14.829576618909662,1.1630986628748197,83.9710726253308,1,Sandstone
1118.7394410825975,87.23516148217104,28.02471395708785,0.03,2.326510023152674,18.23020904789348,14.730986778121638,146.2195239178372,2,Limestone
3790.7743459698822,70.05558439597505,35.913413211727054,0.22935415743630025,2.3298897485068863,26.98070598697136,10.608003348985408,76.1695485054363,2,Limestone
2146.656484076994,101.25150353834792,38.215388173082104,0.1820268785678533,2.552988785072404,19.189907868643303,6.868900548302022,106.12606981848724,0,Shale
2487.075267102024,84.05978357996354,20.095736379605842,0.07804962391512438,2.3599276546156993,18.375170279490295,4.928958322168658,96.73548321855259,1,Sandstone
2669.809598922435,136.34167256508806,43.681890237485774,0.08905525368685055,2.3161139544121934,19.417511747876294,3.37269920134038,97.41981227229877,2,Limestone
3261.1397475788945,83.83905012375293,31.90310125397057,0.20783433504320178,2.2192236979943316,21.634684138559784,17.04907802801447,91.24375909688781,2,Limestone
2481.229018754579,99.66102975766263,22.58060546243524,0.056547360429110155,2.360714991030814,12.95154472119394,7.97017026436249,123.65215625663127,2,Limestone
2590.2049607454164,71.11580742665485,19.48836393649806,0.1625909375484655,2.4769329418477963,18.45372567563895,18.36369729789437,147.74135097916968,0,Shale
2652.712333068428,58.69713531617498,20.932710346499057,0.26355321441597573,2.5110280622994345,22.38429307010621,23.649468424166336,139.71293570694993,1,Sandstone
2448.7040156019552,110.17328333752656,20.68842149843399,0.17198323140384814,2.3543648309468352,28.521493706734006,21.211920328132955,146.47592191623815,0,Shale
2881.081512033867,69.47382849433492,31.535479764239152,0.11805213811562608,2.339174812538701,27.752247069770966,9.23606734293042,98.92729223736953,1,Sandstone
2085.0727783088923,95.59247011774231,31.520157778377794,0.1834449724237238,2.5296280848611556,12.559918302365562,10.992078033049845,117.78517598555973,0,Shale
3067.4453073435616,127.6259354945834,36.232554234584725,0.25932299199466435,2.3774965342375203,20.3767795770324,17.46968188601867,116.35841658496562,0,Shale
3400.838209557851,34.386407024520764,24.18932699939976,0.21357540779417117,2.260785508260659,23.649358053465832,24.395804841784802,116.09322764065433,1,Sandstone
3162.478747650947,73.24852707091412,46.08077135453547,0.2209626051919504,2.344903379210506,28.967268414469686,20.302793755869835,119.96288922594161,1,Sandstone
3001.140524426596,108.70238889677807,31.698266725836874,0.3086663543978604,2.2262545855033773,8.203853822577631,36.040572336909804,150.22316099537207,0,Shale
2367.9727170901137,81.12163066479933,36.590680288024856,0.06549979488309297,2.526089851140286,15.613021472962282,3.443442043011661,90.31540663815926,1,Sandstone
3538.01122342054,93.73076434498503,21.708410775146,0.1330296344936108,2.5973407963262716,28.30673048654799,1.0246662506904674,109.79745081494288,1,Sandstone
2685.1965537592323,99.4908415826354,21.332697666662824,0.19382528948170408,2.345837765249734,15.189283483532567,12.113381442402845,94.49812527118351,2,Limestone
1189.6447855167544,77.83895598373901,16.735651726920036,0.05699067246337022,2.5582678514405996,21.584683552350892,2.5509136370293817,111.08572553533578,0,Shale
3495.7775753117457,85.33316254023643,39.3680567713306,0.17823843823343924,2.134502269837272,29.610151668976407,14.23089070249137,76.4829015568987,2,Limestone
2854.1400678585887,57.62320531508407,8.71409791173069,0.14519767142756287,2.363850449720541,29.44680592008881,13.065305241443738,107.37051114964711,1,Sandstone
3070.9666792737094,47.39493039091856,42.67182131738884,0.09975106279652586,2.348229232399843,9.69916574466788,21.18643239702612,157.3625261000154,2,Limestone
3159.1968811096613,75.01258139888611,31.104687558861357,0.25232466622841926,2.3340978291171566,20.03166129593944,20.767258976938493,109.68934130442773,0,Shale
3211.543253799853,59.22041916969725,28.344210274324055,0.26039920336121536,2.3571407288136674,21.73223426160135,24.076736735879848,121.78722621144647,0,Shale
2827.828263796224,145.88825394008524,35.41379372635238,0.20971084221166528,2.2603971917023977,19.17501774097731,18.180302807662578,118.6900716784406,1,Sandstone
2757.519835286541,87.59289061314121,40.46879032323288,0.2492920316233185,2.5647675039010283,24.77351397575829,13.614249639096972,119.04758846422637,1,Sandstone
2501.1014858811373,79.6897462829875,29.61348231172675,0.21309943762487604,2.367307402200957,6.938667153757523,23.248873789366556,134.33112353536242,0,Shale
2766.7774403071426,129.66720357373632,27.183116792108702,0.17248657134188572,2.21200529220159,22.28733269605129,22.337853068479276,135.9424484864844,0,Shale
2805.8708825112412,76.74325467074407,30.09511839940994,0.21753214734701254,2.5777394597375607,24.46304074891829,14.438778313681453,133.3555116495288,1,Sandstone
2263.359725089473,155.2848593517918,22.122417423795607,0.16949188876595983,2.310660468829351,22.59294427009859,28.635685410911133,186.4989404609717,0,Shale
3169.564078456439,87.83428583602375,46.7665080276136,0.2004390209451278,2.2980315706340035,24.549517614362102,17.21887386690808,109.25009331893274,1,Sandstone
3194.5103306546853,144.88266464337295,24.932958237897616,0.304949064290571,2.4070367477060604,24.196879155794093,29.20415829051546,167.50589749049473,0,Shale
2317.0484931394208,55.61684884442946,27.40252616601691,0.06133446252380162,2.3097092599278266,23.838737923897412,14.811175591332171,127.52964710945461,1,Sandstone
2433.5387387555697,54.63340601325774,37.240022550000155,0.10658995070198858,2.3700688093105895,29.55641081795274,13.200856120544938,116.39612138134423,1,Sandstone
2780.211882924988,127.27559362896424,34.868859503005716,0.1577379005655374,2.0538347685664515,17.793618814124876,38.233070826624136,185.14016710075992,0,Shale
2403.82609218074,140.99762563523166,25.887200756694618,0.03,2.4158676857409653,20.869078841447024,2.6664975955052377,107.21714721334045,2,Limestone
1761.642097012878,62.6126383134923,18.295382907113762,0.09919998835074399,2.5863109587386606,21.910177491814274,3.6080835429546525,108.40673184086488,0,Shale
2697.6495755032574,81.06933502059871,35.32596487614065,0.22277299093676425,2.34067599796897,12.871402114514154,24.25951183184761,133.66949801940558,2,Limestone
3246.8099174272056,79.22918629952198,49.801543515313924,0.16021500421197166,2.5247379616758296,21.183184906798157,21.93848045184954,184.8450641755939,0,Shale
1807.381469732196,79.22542027777713,25.618850726950832,0.11433810610784309,2.204582702424938,30.30460018534062,14.57371860473808,90.090162562114,2,Limestone
3128.622809265068,96.3719395594852,26.930036428373963,0.18288727022283016,2.3919396853306845,20.159363892018217,6.584054477694696,85.68243886309725,2,Limestone
2612.5629497546024,82.40206181717632,28.758716251822957,0.31977100346607706,2.3656283795267123,27.996285678356738,25.344773005469122,108.6437326343185,1,Sandstone
2564.3353367391983,80.54030207813422,27.797904703659228,0.16836675356037314,2.590846893444329,16.69606060646799,0.7119289578395058,81.04249871615059,0,Shale
2234.413136867389,64.86976857398913,23.536424628506367,0.10277824073981585,2.4082830399682753,1.9906437362450227,10.52392106855995,113.25852341504138,1,Sandstone
2026.7226522497338,87.45760351110624,37.06896290918512,0.12445823348454227,2.2707967440800014,20.063532683659947,19.49536329756895,126.98058291878047,0,Shale
3274.3907958052396,44.966192774895916,17.001255926315476,0.1478590243375331,2.4712412952975678,30.263583422879403,5.896557696909529,93.94076779156791,1,Sandstone
3396.924331803355,74.39805598416265,38.34989427378586,0.2824862920954455,2.3561508919201892,20.507659455504804,23.00049348181338,116.27916116101663,0,Shale
2623.5097038398,83.04497707594788,18.68910254831158,0.06631649555106,2.4222959645605378,25.436351915978932,6.1704774031852825,119.3998401660662,2,Limestone
2258.3769099799065,101.74173634350478,46.72989702844953,0.07209550123377749,2.5234820137068374,14.81700044385862,9.415338177712972,152.6201640880684,1,Sandstone
2918.7733669590434,140.8143717426642,33.47363403516125,0.2486229241012427,2.6718462331393655,25.817414970581943,6.396459440901037,125.28787797692671,0,Shale
3038.760595657784,95.78399016438767,45.908353339269716,0.2707780421572975,2.2903650703748055,19.78453665030546,22.909012437311667,110.56677811022296,2,Limestone
2942.062946660851,62.094347276371906,41.30164692266117,0.1998154956671786,2.4442743377654526,16.207707875773032,15.293453635717425,115.88024221424128,2,Limestone
2118.998381591475,90.31472389300963,20.92503619264008,0.11483574500497874,2.2906237043715962,17.605703526429522,26.464545272018956,168.38678599128582,0,Shale
1923.9354297539462,92.68595453248827,28.485839320135735,0.12104396077474637,2.475415682083031,14.576470102752234,12.015636577853506,131.47602280376876,0,Shale
2507.6992070395354,76.72146151146866,35.720776210049436,0.0986863585088338,2.1792516486212405,19.415617210203894,10.247798641375766,78.84199932958786,2,Limestone
2468.323417905833,122.57210977874564,28.124011787231602,0.24495023011616834,2.4019540602647425,16.38738756724776,21.583440556975994,135.7305111361376,2,Limestone
3160.175372529117,86.67131896679876,43.173513046520114,0.21505286919496866,2.209793218799269,34.98935553460875,20.721635120504985,103.68043623054692,1,Sandstone
2742.696772619292,40.557065288417796,13.366132886404671,0.11890204796989676,2.4479406444548646,19.409407066039762,10.679809483476685,113.83818152646079,1,Sandstone
2462.450429336138,69.17791448552963,9.186586113572886,0.07007692842209196,2.339907533376897,14.79613760607343,9.222095084208831,110.4647771724949,1,Sandstone
2850.075493492186,79.56218275955818,18.39626548932,0.050037812820646066,2.3073578627666516,23.62453914129906,8.312081419997071,115.64581606422756,1,Sandstone
3075.6302127759386,90.31283529368724,31.70705482754507,0.03762051980544892,2.569933400708055,20.97297282855079,3.307518239199764,151.3493804192854,2,Limestone
2637.4152315830634,81.35259002299283,44.3017274361878,0.10183747896620754,2.464119264267717,27.20547686503763,1.1278640738312387,90.85741791708743,1,Sandstone
3089.85303200264,61.46840298709077,25.206669560351187,0.1338867091890977,2.3719564487506903,18.577091886153536,21.759123521073906,157.34078683489216,2,Limestone
2579.948038616817,51.17939315455025,24.112951664432302,0.11824396746226526,2.32244681686158,18.022060232373715,17.121847100838686,122.4315966653377,1,Sandstone
2447.2315555061496,54.36082164303577,23.29085622315229,0.11011275863250543,2.155769834614179,25.448157962245595,26.171224101939245,136.06617176653816,1,Sandstone
1407.4683435711072,76.41391462690885,27.61382971489395,0.03638540043209579,2.3852952871518163,27.35833556026622,12.147156669597793,133.32968408465265,0,Shale
3184.0217894744333,77.80207033314062,23.312217612188775,0.23335231939198545,2.1431487287574567,27.47088156142481,32.28030109825134,135.9359962136243,0,Shale
3435.800148057236,105.89819834403177,37.51090543003633,0.15034471822806905,2.1490700309862802,25.51871878200166,8.308643157086685,67.6203765290413,2,Limestone
2004.9954889419564,88.56297225445383,27.110227417338415,0.11448596334280796,2.3572392344479014,20.552071672372882,20.33395805163272,150.29713055444572,0,Shale
2196.3495470583575,111.21964359378816,37.128048049548624,0.1360629248654753,2.2186903077713844,26.70620281462328,29.830949591908855,171.32409738500297,0,Shale
2743.48223292728,59.92440957010383,39.91059424222564,0.12169198888722935,2.19808703957934,29.706966265210795,16.98777070435161,102.79245317842357,2,Limestone
3226.1149064995625,96.05534705384028,30.17414248998231,0.07462282987597586,2.2979690750121073,27.447163826226948,1.081871634046509,72.02046587372368,2,Limestone
2476.3618759366946,144.9014680638144,32.1092616196393,0.05227340473711947,2.265540252654931,17.127057216795595,4.476054396287884,106.59598847387602,2,Limestone
3146.5681793198078,74.78561781060147,30.279665439786267,0.1586438276050364,2.330489053579657,25.857958928400002,10.045008357748495,91.96063995664103,1,Sandstone
2152.561341662835,107.28776440308451,37.26127521350374,0.13190151063147976,2.353004194585508,20.21358610671261,16.85631094923109,135.41901013379356,0,Shale
2744.008515743059,96.73910906926054,25.135073844545147,0.08817273651615119,2.3895668469998075,18.706876842206484,4.7364810849058525,105.18976308776074,2,Limestone
3277.8456771418473,57.748045901524804,21.83138499785042,0.3364558288909417,2.520936369585103,22.76859330615392,20.55141143922846,109.14303499136525,1,Sandstone
2377.0104807285993,95.86335378870601,22.186423043830537,0.17094515669816113,2.4862699309661433,23.931011140136622,15.686065609533829,139.72196315539006,2,Limestone
2451.8385481802425,93.25990549510824,19.595326921104338,0.142268937640509,2.634773636960136,25.057008296946435,0.4289154828006456,102.3944585613678,0,Shale
3510.435793674941,160.893112553618,21.21599522660699,0.2481676074492164,2.097770945283404,19.069323451968096,28.731003282620787,137.87259254092666,0,Shale
2152.8063360946817,96.23174070792675,23.557970016800613,0.105491732649062,2.203583240322621,21.786168634409986,30.815802614516638,178.27633672144952,0,Shale
2745.3806999564845,95.19824352222585,29.37251474430849,0.14911642465533742,2.2841123704550967,12.98545241413869,9.978287956805211,88.28941602242799,1,Sandstone
2854.8199409599583,20.33749350030223,38.10530762789549,0.1469069937790755,2.293481819370378,17.483455018857363,24.17059831297997,132.86353667585558,2,Limestone
1158.7913490254796,63.301612156993585,32.422442324896494,0.03,2.3517462503244846,18.09294223664935,18.53280525429399,166.06391563539572,0,Shale
2778.809983056767,81.75964939605204,36.56805828509481,0.18943433120840883,2.2807616350277247,16.65408734827942,17.725060498898504,105.35511043189355,0,Shale
2025.1500851753685,114.20039346675892,18.88149293335971,0.15709627234181014,2.3768339877801923,8.310027565476535,19.76495044357353,145.1419942410803,0,Shale
2049.4846672004624,110.53355100082297,48.54662133859585,0.09178881723749854,2.244478075804942,12.638548134677697,19.348611165421445,140.9354066996592,0,Shale
2851.0127067627313,80.10474267206389,28.202674859898792,0.03,2.6132847199720306,15.843591503553053,14.478096035098417,82.689732199234,2,Limestone
3265.104929826524,46.21144431673894,29.250624282762764,0.2923304094475951,2.462559684239788,19.95988125625926,19.55314494280902,105.27222286677693,0,Shale
3325.130168536577,142.21514795917875,14.547708850013288,0.2717912443998279,2.327688468780533,16.50419451180909,20.482170708498288,124.93015626098155,0,Shale
1358.602960469584,62.120289020907826,22.75560239896724,0.03,2.4369892474720074,16.039398405201304,12.603096047594525,145.06428212741707,0,Shale
2631.0009964775295,66.3431778407648,32.49725487053597,0.2617007158571693,2.272828781699475,26.241852786823596,31.771810789833513,136.6328432170531,1,Sandstone
1640.092530555723,81.38716704810189,42.039589650102336,0.11715002705210331,2.693001225620656,25.892810896909452,3.149007304170908,95.11324453791259,0,Shale
2474.0254171168317,125.16813473836439,20.39989477812172,0.03,2.510745762738267,20.608732149632605,11.72927823065271,95.79375839786385,2,Limestone
2912.004379550688,85.34012914534304,36.36180488684036,0.2239619693728232,2.3828494147867665,23.1152673017336,18.77557500241247,119.69129487713687,1,Sandstone
2928.4251835206014,105.03401584070532,39.45689037497155,0.16442209213051184,2.2497870672191294,19.888757222280905,14.869625712697609,104.8813548033287,2,Limestone
2713.490143566501,106.6935003635615,26.162470190869907,0.09215166861749083,2.448406012763163,20.27375766670314,1.3598438111117872,101.87918664038965,2,Limestone
3172.9465954686816,138.60843970663356,14.589669308995372,0.24415128129560015,2.2681828112077427,20.05556689718931,23.356899773135524,133.9194477160882,0,Shale
3071.212405264176,84.34109056160925,9.749636854902558,0.13689951313737633,2.569393874912091,21.296865795612767,7.0411498441402784,66.45062240200149,2,Limestone
2369.0315734278033,51.64603957769728,27.379647781585618,0.03,2.1635707489381284,17.892221216934693,9.765143052473563,90.07452528917298,2,Limestone
3556.756395376913,135.16347887551552,25.82176481190619,0.20381630113688742,2.0392845917343125,22.86242462692514,37.01034547032447,173.03573021790552,0,Shale
1905.0149391741027,50.28774021573823,17.5198941110634,0.03,2.0044089569093186,29.08190703506575,5.831263380464689,59.372078375946515,2,Limestone
2815.219068692149,118.70734424945596,25.964066630130898,0.21608566025765583,2.3573455013955833,20.78120772205943,21.755818696825106,141.5333614384292,0,Shale
2929.8093414907576,75.07090799040927,13.51432400387123,0.0518753800285445,2.3303968758484364,28.362425266471917,17.60761588062739,161.7853279005575,2,Limestone
2301.9277644976637,91.44390974298429,34.51662473284194,0.0783149150140869,2.513882877229075,28.845777594192448,7.216727025365619,135.5970881886278,2,Limestone
3678.3632085442155,106.73728287416054,27.013346094203015,0.14447416259144058,2.4297166833915798,27.83035785856302,7.890095487339303,122.48414512388054,2,Limestone
2400.5228286885335,87.66967396224742,22.841740861252497,0.15828260114582518,2.2867920407550293,16.467854048936907,24.408705224820398,145.5762977679489,0,Shale
2823.605084559344,50.9746159287458,16.873917328473098,0.10415693975179983,2.410183730997892,20.066553076985674,8.831946287579656,108.027978789337,0,Shale
2626.8351399884386,64.83116158654512,29.284859907270178,0.10356963587172663,2.4930021800716893,25.137829443381673,2.527881768862086,96.36927475891045,1,Sandstone
3419.1383142625805,46.55530000548328,42.64050170507165,0.2794013184476728,2.771261333500254,27.49317875034846,13.912893565960504,142.28345957370183,1,Sandstone
3130.1471538355254,174.19439853616382,44.53397105814676,0.21331768038081295,2.0,22.838091791711392,36.671858363045246,156.5517304778306,0,Shale
3294.7532750787555,47.60394584986324,43.53435062907751,0.17806549841799543,2.7661532341939217,9.50516813978397,9.69177464138038,156.10691505606871,1,Sandstone
3584.120334864327,85.27453277412205,18.018415875249893,0.0832409406330819,2.437636818402543,13.73775886337765,11.343099487104183,153.03722396222233,2,Limestone
2659.093918092917,76.46231998541417,42.09086398014004,0.16722114327723694,2.543291870146875,23.232479622746506,14.993912440185532,145.31770240158556,1,Sandstone
2472.2626059017457,157.0553369374188,14.36070735099346,0.17683525833424166,2.5211909891656408,33.20338772308485,2.612230545511901,105.14993820768288,2,Limestone
3497.089870896986,62.65865591852397,29.80068438342755,0.20748009313974494,2.5937263296262327,37.06679528614005,23.63656834671091,186.37982762680642,2,Limestone
2902.1596500131245,87.46310644664739,41.76637548616744,0.13181599654318882,2.381037898799252,21.63436292928402,4.488528609001898,86.05975361475339,1,Sandstone
2831.087466216911,37.096359291857254,23.28502486052514,0.12950680209898935,2.2244844370305477,28.14607721191495,25.508252821049425,137.8264734415859,1,Sandstone
3308.2995254231155,77.4786737886804,26.58381533229684,0.17289786557505654,2.324142757785102,28.23857373762869,8.775402613162855,82.84865097805093,2,Limestone
2526.1229677473943,41.74016572221814,35.71608710807116,0.13507486565392948,2.16462034823898,18.85058822278601,29.244268860133147,139.94198230829016,1,Sandstone
2799.4274750960303,101.43348267439946,29.989288664625857,0.16355331723040434,2.5676619609000433,23.06378327888385,1.9898800911912993,100.93646960914697,2,Limestone
2964.940367942497,81.9294068362893,29.294804472725808,0.2192709554893868,2.5679747722270787,19.886917311282478,5.05467951879737,91.21216285747568,0,Shale
2872.4462952028875,109.43695119782726,40.4784905688975,0.10181986509294226,2.370758686884732,18.733593882526524,2.808213687728367,93.8846319584288,2,Limestone
2064.9380408991915,82.46481781654337,30.347412335390242,0.1132809028355461,2.3221605580635765,27.323853774758476,20.271661599434392,142.71584219276718,0,Shale
1864.174755922197,25.625721641716837,27.347761345494657,0.13440075957510814,2.161413705483094,26.951845103441883,25.027917332425453,106.36344206373235,2,Limestone
2355.0400840711236,94.09442699394039,32.798118543023556,0.07028199024481777,2.410957960361755,24.202280757579807,9.296168217277351,130.7412371842995,2,Limestone
4125.474321950997,109.80382501503527,25.050898045096982,0.35,2.545829076630184,29.090969763652236,27.940527333852657,157.34103538775162,2,Limestone
3299.987440071851,47.03786229969031,17.961143656270153,0.1255067732690172,2.779402364306008,18.47912370638151,7.58815321093238,167.09024957993017,0,Shale
2934.3874444537128,101.78326201428577,30.820299293881156,0.22605008249333391,2.488300680864868,16.225006990484065,20.080511254457285,150.10694864865403,0,Shale
3438.791092216872,92.92181716795685,29.15329102500336,0.1354750149346372,2.3601588883096913,32.508454442493466,1.929959331477903,59.77333147956707,2,Limestone
2410.8511430098533,127.28427249939327,23.918464483795905,0.03211192918682412,2.568249725907713,22.75234583084043,8.105377275892941,104.12570087879264,2,Limestone
2303.8847743925253,131.16133647969676,38.439892521191965,0.2011318940837384,2.4464028275394343,16.18432480993381,9.652625111979985,104.77274353373188,0,Shale
2985.2440853549033,116.99781546633508,49.32963175468534,0.08672672501778932,2.4679410427949713,20.260006693918246,11.31948839346048,160.35708492951775,2,Limestone
3204.270599813086,42.18547536036955,20.09824961429549,0.251497162002873,2.25970585513213,23.73846416148421,24.5854827446491,103.62312795188893,2,Limestone
2743.2488129430044,90.02374741590997,27.80256251978186,0.24932490538742214,2.505616259699736,14.011903351748717,21.3581662505686,144.70829768309832,2,Limestone
2725.379094006209,64.97299068336723,36.67584960476608,0.2148482993680483,2.4096821971918407,23.87874050315795,12.176929446150126,88.07864646593768,1,Sandstone
2600.5825423107817,106.74256633682751,34.13647898282373,0.26094264155120117,2.2662339401271976,23.90895596445931,38.6660808272069,180.76180356881144,0,Shale
3315.025192421652,43.23233075625016,36.72452775386156,0.1835921972385401,2.508629635563055,19.223016859417775,7.601762112408336,96.0941643578173,1,Sandstone
3292.8526816883596,89.68529275029972,45.08336098057729,0.1227665340709612,2.171306633431943,20.534097768162106,9.874570872505497,81.40097197854811,2,Limestone
3399.808347208137,52.36109387154228,30.416812072169087,0.2700718573150922,2.525171828960856,21.219916160469214,19.152221644536105,126.43668737891859,0,Shale
2858.8757156543584,70.53658047958815,24.19022985925354,0.12913394198423714,2.538405061078786,19.754958491179377,1.2149261311697508,83.20575032232995,1,Sandstone
2617.36345444465,84.12188622184205,21.620207853206814,0.1526343986491287,2.5226151320489323,31.461098953535302,11.28356866945444,131.49204154255818,1,Sandstone
4001.877939849828,152.00082427588552,29.58392504629606,0.2516081584578752,2.0,14.445983638191093,45.66252974785159,186.74016167710144,0,Shale
2536.5917385446155,127.40868115036872,32.43103058328414,0.2097993308331802,2.283670675221359,28.754079592740773,32.30623677978684,178.53155405039612,0,Shale
3047.7905036503385,92.21749936808769,19.20838183095508,0.13102790568986838,2.4682400633552493,8.773107694718057,0.3024628037556063,86.33748381491394,2,Limestone
3417.681958586636,78.62464894243772,27.84430538640231,0.13253592124897365,2.6598517435651714,19.91135592879222,2.0614916723234185,129.15936956240031,1,Sandstone
3183.92391782482,91.4744040101021,29.47517317689286,0.25016926353872043,2.590286835477487,19.36954667177976,12.96928652947725,127.07506994989184,0,Shale
3399.414567848509,58.337496267338274,27.63965809843959,0.35,2.750366151179863,19.929176617140456,13.821747838799286,101.68380178025888,1,Sandstone
2444.5109626129897,120.91972740043016,36.883470370380195,0.1690908624351133,2.436235981663288,19.57558329848516,25.4938667109247,185.87015066436376,0,Shale
2461.4737387780197,75.2685922765076,13.322165394525221,0.11873214886208744,2.1106488104708956,18.109861778064992,24.97704408066678,126.41696309089869,1,Sandstone
2529.174840299972,112.07504384420275,15.39714093941188,0.14902406801684998,2.3956356039518845,28.900772070361793,12.22024261712994,122.07518019998462,2,Limestone
3217.4408975867814,132.5397427363568,31.45758639327657,0.27680832337964456,2.272645439748604,28.455604736204798,36.799804940414745,184.09544791625888,0,Shale
3175.7452101039325,129.0517079867644,20.47601614869527,0.22334028614842344,2.169265115650853,16.099739662307922,32.50989922489579,162.33344520513575,0,Shale
974.9708905513232,45.94067164275641,43.23760538012268,0.03,2.543193114116389,26.763674821793032,10.226047538356696,148.6507541390506,0,Shale
2218.813046188735,42.64445299017398,29.515041384511736,0.21813650082896824,2.4694107536965717,21.185226158457912,33.291894878530144,181.86819411546642,1,Sandstone
2251.2682496891703,111.15466227433257,32.41914984321499,0.06950023872874685,2.605419075829541,22.379102012846538,0.6635987615589816,124.90839946670313,2,Limestone
3190.1163914794665,91.5958692224469,45.11322799203203,0.2778838899997751,2.1530857214931625,26.650536470473845,36.427502773925056,146.0491504090296,1,Sandstone
2148.827857366896,66.42421217384288,18.72495752913504,0.15346936508083547,2.5664333243408395,20.785340954899986,22.72289927632697,180.42706755724325,1,Sandstone
2724.529710034324,58.097752011539335,33.520248287892805,0.2536509443434675,2.6201719586306726,22.00993513373171,19.92524082576413,146.62891370668956,1,Sandstone
1705.6600837235474,102.29733782240268,35.41050984061663,0.10150538471170825,2.4421068457425945,22.7844631541095,8.39260136491662,115.91451598506607,0,Shale
3034.0317946363175,115.34498662859518,29.21073324225444,0.210752034558169,2.230312774075453,20.8684488933621,29.871282754456782,159.34517858722916,0,Shale
3912.5772318372874,88.6296075520453,33.268524062609345,0.19943658629355357,2.453942640963639,22.478730588593944,5.153315054930312,91.85731580949556,1,Sandstone
3039.0239748571603,111.67193766229965,11.103022134020996,0.10962817817847066,2.3122880856748345,15.169224453074175,4.87228111526332,92.83367378444831,2,Limestone
2380.8440757235176,44.45308096861333,26.314230932598633,0.05690827361538789,2.612668335968987,20.739018114663956,1.188086147523478,107.5353757129525,1,Sandstone
2940.843512036043,88.00756362649382,19.140472664214652,0.14111905646342915,2.611978602941379,5.966755693171905,8.913377325587383,63.69133204319951,1,Sandstone
1556.4513322514254,81.39396890242516,33.3455763453788,0.05092520607694678,2.436957197221835,28.575240729860955,9.980168981878425,131.19371227912555,0,Shale
3215.7422682649944,86.31974985041396,35.662707080586884,0.22599031345937923,2.382848720628076,27.29017856174645,14.665969792302759,104.07889315869058,1,Sandstone
2320.217170008653,1.7418638433861275,25.450993318948665,0.09149520214041809,2.0646619540696833,18.286134589557427,22.43585455576939,89.40042425859359,2,Limestone
3147.780607399315,108.43871053126242,31.52133718864116,0.13781223283439295,2.264750391439301,17.10289496874331,6.779207470558922,83.36051841420749,2,Limestone
3724.180577198307,73.89864323451972,54.5393867292539,0.18648495810895604,2.638725849067893,13.464199184713575,2.7941415193354064,112.03424694009237,1,Sandstone
2784.1036955047325,65.82658517555025,22.23456710469821,0.12223586588568294,2.1270560524932653,24.07688166371441,23.438149047053436,121.95434876943402,1,Sandstone
2991.7693652252256,89.75990404185882,20.629553148082373,0.09066348409676857,2.783901365362808,13.107289777395922,23.34565335608582,47.242611098694425,1,Sandstone
2666.863516357207,98.38110069346241,38.94657451692005,0.10745236618567486,2.424192473965766,24.050981931076635,13.426822147423255,144.61754657990556,2,Limestone
2583.5574305286987,150.61739005379752,27.08593638651107,0.19326745662100664,2.270040429760498,18.428986005548925,14.543310855604567,107.88956460294848,0,Shale
2059.312787785393,110.55956359023236,27.40322036492471,0.1815419509153005,2.497150265988974,23.66514810685777,10.848699879948375,116.52055036181038,0,Shale
2848.482663752042,129.51913946478055,35.91289589293473,0.2306953015624113,2.1742838071649038,22.877411674134166,38.21716859559425,183.1664180660557,0,Shale
2841.238186977391,127.96467574107781,21.128374116371454,0.22126634101012432,2.369493801116885,29.554270024383428,14.40981900450211,111.33331823783523,0,Shale
3352.9778680312793,77.59832552577714,18.412069335753955,0.2811709552300474,2.2720062770734515,22.861785003929185,25.26344942280123,112.32594061451024,1,Sandstone
2556.2807401291634,107.90984898612444,20.565301755918437,0.043341741279295076,2.4782231337719343,19.772848292430844,2.3345464729313754,105.77274656830883,2,Limestone
3001.558032564018,76.24668425878286,28.649553981372257,0.28791089840044237,2.587946409114923,16.725080805438722,14.153973573299142,111.52268304305073,1,Sandstone
2116.589002086963,66.7651022715144,21.81524913869832,0.132525816495902,2.2181422152710817,30.36354718324644,26.74325300700255,142.28873022721606,0,Shale
3372.2779612710237,133.3704985064734,22.546066679622704,0.3091871485876907,2.367063847332072,26.809630958358227,22.568485647061983,126.333556052853,0,Shale
2936.7826017740363,129.185620827531,35.73767761144585,0.24146878210213227,2.1950775416972914,23.806007403510854,31.184381884959205,151.6140648396617,0,Shale
1760.305569078703,84.58547574281242,25.394765788386863,0.12337677889328447,2.636716032936693,23.59064256707346,0.20086403263870878,98.85351849664386,0,Shale
3371.5291406902716,63.253241425158905,35.92031809394616,0.17973721340166066,2.4230530469327323,29.546061867119224,17.75885104989761,136.2273530854349,2,Limestone
3003.342228264711,47.29803531081829,43.6585662533134,0.13622762719702602,2.2156935157559623,14.159662184728257,20.585717403880842,116.62767103437874,0,Shale
3483.8699216967375,55.40337012859282,30.34754478291848,0.3031137956247074,2.289232765075022,20.86011145901753,31.923420099066544,132.86222134094774,0,Shale
1828.690514986578,53.42491139802297,18.550917423610233,0.031029468470576388,2.142728833863581,19.762248938721246,11.70056306715874,86.2883903413186,2,Limestone
2306.2598729643746,116.57531449451278,32.74536187583281,0.1685797266913016,2.3735772881950297,25.398792904657206,16.84248292954511,131.3010524148278,0,Shale
2379.7332785173166,66.35844414149707,23.461029057680356,0.16824377150811734,2.2671582327236584,15.167302378142722,20.93632233170136,115.0107653345517,0,Shale
3315.0764751274073,74.6525900203927,21.519330731145825,0.165190521258516,2.110674432578273,26.372449518794554,18.565511948213587,90.93335014396268,2,Limestone
2530.79412535116,91.00035269065926,37.73131863803225,0.18282410062180326,2.4199862848908773,15.491461395047118,17.454320152817523,131.90729604436595,0,Shale
2577.7754554794324,72.6742962145652,37.848886874941854,0.1866995900649558,2.046771803840081,22.39764842406541,36.03761963529918,142.71897086353502,0,Shale
2031.356091890259,95.49638358719992,29.942771590950795,0.082166401124022,2.2692327413635827,7.911589617395041,24.006402241126978,165.16579812269327,0,Shale
3286.9438930330957,42.878189856450454,42.158735621989806,0.17019052218994152,2.6918514730182532,25.19269680511829,16.415801087579553,174.72614368438883,1,Sandstone
2243.3216781858214,114.35947226040224,41.322873748389384,0.18909900757967996,2.2194425009968866,11.756644032576684,23.71941812706259,126.19531963591326,0,Shale
3199.826002005712,84.94255074324231,33.918866289421125,0.08731286560007903,2.61180441441833,20.988724504578652,14.207872866249964,60.216971508849575,1,Sandstone
2298.7566977131673,116.64409216215145,31.11694130106675,0.17911629655514744,2.377098039802717,23.597067191225083,22.223652340762058,153.1112470123786,1,Sandstone
1411.125014545177,56.961453573410566,25.08120545185533,0.03,2.428912101849952,20.400566290426088,15.12379461030623,154.21241600620485,0,Shale
3363.343484073297,151.85677099653262,21.927222299896293,0.258350837738465,2.250767472390798,13.717660919655597,36.86038308785665,195.12963565390822,0,Shale
3549.5409538730873,84.71280285485872,35.09931241356795,0.22871914128883475,2.564191228395925,21.36708779705334,19.449574392193938,162.15996482574212,2,Limestone
2973.543820827285,61.21723651849517,20.455959494248575,0.10006716319634101,2.474302107922087,25.363175709223075,1.5287640707002037,92.68242426059209,1,Sandstone
3433.1768493223476,73.8779165557687,35.95157323884728,0.3352854488238802,2.5398588522440644,18.328521684149074,15.561166790619467,97.24533117829243,1,Sandstone
3284.515971555736,82.02808279342209,42.924089304687286,0.22540096994085182,2.239896052657181,14.076422261520397,18.780214140709734,96.58074591650869,2,Limestone
2307.664967203681,134.07466205188325,16.016429255397775,0.1609905830474196,2.2685731587059004,27.911321036854602,17.957181583009,125.75737608917157,0,Shale
3198.7995951801213,92.14655345555079,38.04787443527399,0.2560236462408749,2.4307872857623845,19.09588226082233,17.133410162669524,115.50152232884679,2,Limestone
2917.149386089354,76.13239913699621,34.89811254794013,0.12174599560835231,2.552067004194634,33.74878969181066,12.091441326441524,152.54756237455354,1,Sandstone
3216.6959606739188,61.47319965367781,28.188904375954905,0.17168222034722194,2.258614934085338,7.689947212174129,17.4809959764933,105.09709528109889,1,Sandstone
3308.5117587716068,67.9516294388154,34.99792675478998,0.07486810000633176,2.438642148068307,29.476353549521388,18.976914365891027,182.27102010179905,2,Limestone
2788.9714098327804,101.75477142259516,31.158607588419997,0.21345117597092514,2.4269520472450985,19.720652747874496,18.79578591671354,135.49752496705318,0,Shale
3035.643916633915,59.96583781775421,22.327274276400175,0.1637195074629442,2.279106388783244,14.97738545501499,17.50174763574307,108.96385533169664,1,Sandstone
2352.9624154322423,90.26364018494021,30.62150906085727,0.3160667478450146,2.3873996623624447,23.854829124008788,24.28474647203776,108.3935918034522,1,Sandstone
2721.3736610814312,118.77787568148116,23.9403701605249,0.1647182235840354,2.2962276436276317,32.12987086871729,14.075384759309541,111.60694357096145,0,Shale
2753.7627415737675,89.12223724820373,43.75179057607244,0.11713911079836839,2.243520711348369,16.393087910142988,12.121566590553211,100.06426712097085,1,Sandstone
2954.2203053958006,60.97721707157134,40.01064842570763,0.17119514879421605,2.203780628313313,30.49546384295606,22.626693154850464,115.60145254850809,1,Sandstone
2351.493177398372,80.98613482700445,26.47521054413352,0.1984567983287838,2.601544699493648,35.388978011214796,17.547254069657452,154.52472480199935,1,Sandstone
3043.1083572994085,76.34704470678824,28.628994776097777,0.16825555158280983,2.0929572011621773,15.600079786487356,24.783487053633586,112.57450758675671,1,Sandstone
3447.932092690614,74.88808214121188,12.452415817237416,0.228156580814252,2.442336561025367,21.74992133122351,21.916746853300726,146.89945524049725,2,Limestone
3309.113860570339,113.7778335814424,33.66055915460791,0.14957963078430347,2.317912306677371,23.505659159419956,0.3152160037485068,62.839101537234065,1,Sandstone
3391.4210331495024,82.79149900580389,18.787204085182154,0.33973773596975543,2.4317431607555906,11.233338489466592,28.587853784225167,138.6829928731083,0,Shale
2497.116448662419,92.34193070607087,37.070588584012036,0.1232735192106969,2.4371468726661276,33.34437909156418,11.181562975558522,126.89354385985932,2,Limestone
3051.4072860302012,56.37252295580884,25.50133699289832,0.13753943479715905,2.4477169176184326,21.502969729452392,6.351647399574693,96.37470571341316,1,Sandstone
3157.0534293127603,63.23126358749451,45.51377721009493,0.1849958118914459,2.4779891009013615,21.355919065294223,18.87869273200743,146.93976631795613,1,Sandstone
2293.198449357278,94.5796058311709,26.45319640069242,0.0996337119352039,2.3542692345938847,17.296949565491893,15.143194274378695,136.53955011489066,0,Shale
2792.976536898816,78.90418520432229,25.832083488616583,0.18535857519786514,2.1466841704216275,9.982309516808844,29.58281358760098,136.37495207143266,0,Shale
2698.4507234308126,119.07699894044674,34.60045390883556,0.22694056940672105,2.273110634247561,19.0453353255267,25.8357461106297,139.8545477042788,0,Shale
3300.358326848076,67.28526784275144,20.57036627550236,0.13922269674040313,2.482900244850368,18.273191207222556,12.114074667233783,135.7004312801899,1,Sandstone
2510.2689851896944,81.80424732840717,43.33439166032965,0.09968309938533038,2.4721610197795814,29.135700720637857,9.139156812877285,128.75706381403893,2,Limestone
2972.6493629527745,36.153487875564885,29.962514661981483,0.22352984013359536,2.7220728968888794,28.16202647072594,20.33111613088029,173.51166055303247,1,Sandstone
3114.048978883525,30.636029162465164,20.882021183393228,0.06251068830961165,2.328533734216715,21.169492885960153,23.50753090824967,172.49685899637237,2,Limestone
2004.018154193148,59.57631067414597,19.936919944069132,0.03,2.854300573483985,26.810711105970917,17.046259674569132,88.38096364852005,1,Sandstone
2653.1527613935773,109.95054703055142,31.902829099224217,0.16437055451350407,2.2752296324371963,27.23023078636826,21.678636877916905,139.29747355719098,2,Limestone
2697.4496446368903,139.71933233402788,20.629423235338663,0.21139374809050487,2.1143013792925784,20.78685798767428,33.90720131772342,160.4925837145742,0,Shale
1177.793479165206,92.94660536511304,36.292381802952406,0.06155834447762312,2.372149969350869,25.103652564167838,5.9263026939462655,95.92533965775007,0,Shale
1866.123355192582,123.61360868994265,39.88095983576687,0.13373996342484404,2.3338212020092466,31.19687879394052,16.348371721903295,130.77425494265844,0,Shale
1043.6931106410002,62.73173348685535,32.69235132886258,0.03,2.5001855821313814,15.700518727782836,8.041035458741177,135.180507321594,2,Limestone
1666.280943325979,82.49435027667371,23.908639111424367,0.05048898500333329,2.262590848568935,17.403517263118424,25.854710245791523,174.68799146860425,0,Shale
2776.6119254114337,64.10134343003763,37.58756192656039,0.25837680886629577,2.679100302935328,17.16201268672234,15.996995084013962,140.2319795244033,1,Sandstone
2828.3145204309517,107.63849581111702,18.32603019932388,0.259038420546607,2.524390200411939,23.94702593422488,14.764726361644826,121.15583784037153,0,Shale
2610.998717594073,114.91449495571928,19.827546307131584,0.13595618644412358,2.1372888671994517,14.242203925578831,29.550775350748008,161.5861023354375,0,Shale
3293.3942923633012,77.56234409851548,19.792597897917013,0.08570984393237782,2.357232297773165,18.992625955339275,14.268803823333892,144.76728031914803,2,Limestone
3485.308660222113,63.63666165645729,30.39309198743465,0.35,2.3380093365410244,27.275843756253856,35.13581960116164,136.33323793565606,2,Limestone
2292.4667252011936,112.03391624787616,31.94021004505799,0.22953498553889906,2.5303792564735486,27.13999071921644,10.196097657186723,106.17884258620988,0,Shale
3570.9619189104183,66.14387220356892,18.226789587302285,0.2397156189364403,2.0,22.511827090284726,34.07414405235979,112.79694908258661,1,Sandstone
2834.1536255560454,50.91439203322294,38.52015034908494,0.3027102548380181,2.597676098830839,19.315822305032707,22.74489662389572,137.34404712545276,1,Sandstone
2913.9728969734592,102.39102914696056,28.417536275583842,0.18955047217797227,2.514276504275709,30.338651771924717,19.252850172982466,163.77458321286178,2,Limestone
3383.9293012084745,121.38333669400146,48.83811031184803,0.23989868352893245,2.3632278140828196,24.149407564086715,15.130135822978094,111.59673774844816,0,Shale
2607.1103630437065,47.70481934660157,8.939937986168665,0.23133847452208817,2.3138231169562635,26.164195665807636,24.500378432049928,114.566645198947,0,Shale
2519.2535490691307,101.56607197069646,26.129157555250607,0.1922063217890627,2.288541637875124,23.321939750145507,21.83814308461048,128.23314076161523,0,Shale
2722.807262569004,67.44558333600754,46.85870152221523,0.15208168088607726,2.51810385068578,28.01685851173084,3.27660815380726,89.50909760353669,0,Shale
3796.71224168786,139.90210434123537,43.01096693465622,0.35,2.326238807513666,31.976663735076816,35.134381094795586,164.88249345456202,0,Shale
2949.48624298141,82.86538253938635,22.253159423361552,0.19377023161289245,2.4237886596311307,23.383202003268035,16.36879909621601,126.2687359058649,0,Shale
3127.766321307623,112.47830564709153,44.66311802917859,0.24107930371922895,2.215642582699958,32.04246252390055,27.187344351809404,133.8083769852834,0,Shale
2673.3810008340497,56.410291382117606,32.53242422364143,0.15409090663067324,2.0628466846681013,36.79556398876819,32.300104874568575,135.53959752175612,1,Sandstone
2132.238356663887,57.40357035824074,33.58741388108303,0.1751081279570596,2.1457344425457796,11.822102589302666,30.916917242245784,130.49481780964075,0,Shale
2837.31150833966,85.13783230740944,36.9857548086202,0.13775286946262966,2.4821295808395583,18.296205581451726,5.1596414744633705,104.01888694691209,2,Limestone
